accountnumber,address1_addresstypecodename,address1_city,address1_country,address1_fax,address1_line1,address1_line2,address1_line3,address1_name,address1_postalcode,address1_primarycontactname,address1_stateorprovince,address1_telephone1,customertypecode,customertypecodename,emailaddress1,emailaddress2,emailaddress3,fax,modifiedon,name,nwplv1_parentaccount,nwplv1_parentaccountname,parentaccountid,parentaccountiddsc,parentaccountidname,parentaccountidyominame,primarycontactid,primarycontactiddsc,primarycontactidname,primarycontactidyominame,statecode,statecodename,statuscode,statuscodename,telephone1,telephone2,telephone3,websiteurl
12443,,Blaine,United States,,Marketing,1091 Fir Avenue,,Main,98230,,WA,,,,,,,,1900-01-01 03:00:00,Northwest Podiatric Lab - Marketing,0,No,B6020C2F-EFD8-46ED-9B36-53088235BABC,0,Northwest Podiatric Lab,,,0,,,0,Active,1,Active,,,,
12472,,Sebring,United States,,,4233 Sun N Lake Blvd,,MAIN,33872,Foot & Ankle Clinic of Mid Florida,FL,,2,Clinic,,ebankspa@msn.com,,(863) 471-2101,1900-01-01 01:51:00,Foot & Ankle Clinic of Mid Florida,0,No,,0,,,,0,,,0,Active,1,Active,+18633821570,,,http://www.footankleclinicmidfl.com/about.html
12477,,Powell,United States,,"Advanced Ankle & Foot Center, LLC",9759 Fairway Dr.,,BILL TO,43065,,OH,,2,Clinic,,,,(614) 457-4052,1900-01-01 01:51:00,"Dyment, DPM/ Macaira",0,No,CF77439C-9C0C-E111-85E5-000C29EC1EE3,0,"Advanced Ankle & Foot Center, LLC",,,0,,,0,Active,1,Active,+16144573212,,,http://www.advanklefoot.com
12478,,Powell,United States,,Combined Accounts Statement,9759 Fairway Dr.,,BILL TO,43065,,OH,,,,,,,(614) 792-7615,1900-01-01 01:51:00,"Advanced Ankle & Foot Center, LLC",0,No,,0,,,,0,,,0,Active,1,Active,+16147923668,,,http://www.advanklefoot.com
12086,,Decatur,,,,"2545 Lawrenceville Hwy, Ste 100",,MAIN,30033,,GA,,1,Sole Practitioner,,doctorfrank@bellsouth.net,,(770) 939-9353,1900-01-01 01:41:00,"Sinkoe, DPM/Frank",0,No,,0,,,EDD7071E-5E9D-DE11-8A0C-000C29EC1EE3,0,"Frank A. Sinkoe, DPM","Frank A. Sinkoe, DPM",0,Active,1,Active,+14043295050,,,http://www.franksinkoepodiatry.com/
12088,,Troy,United States,,,PO Box 7007,,BILL TO,48007,,MI,,2,Clinic,trinityhealthinvoices@prod.sourcehov.com,,,(319) 272-5607,1900-01-01 01:41:00,MercyOne Waterloo Home Medical Equipment,0,No,7C55F9C3-6A5C-DF11-B0F6-000C29EC1EE3,0,Mercy One Northeast Iowa / Trinity Health,,,0,,,0,Active,1,Active,+13192725651,,,
12089,,Westmount,,,Clinique Podiatrique Familiale,4880 Sherbrooke West #130,,,H3Z 1H1,.,QC,,2,Clinic,,info@cliniquecpff.com,,(514) 487-3011,1900-01-01 01:41:00,"Girzon, DPM/ Bluma",0,No,,0,,,D31501C0-20A9-DE11-8A0C-000C29EC1EE3,0,"Bluma Girzon, DPM","Bluma Girzon, DPM",0,Active,1,Active,+15144873668,,,
12308,,New Orleans,United States,,,1443 Arabella Street,,BILL TO,70115,,LA,,1,Sole Practitioner,,,,,1900-01-01 01:47:00,"Perry, DPM/ Anthony G (Personal Acct)",0,No,,0,,,,0,,,0,Active,1,Active,+15048990755,,,
12311,,Liverpool,United States,,,7458 Oswego Rd,,MAIN,13090,,NY,,2,Clinic,info@westsidepodiatrycenter.com,,,(315) 546-0289,1900-01-01 01:47:00,"Westside Podiatry Center, LLP",0,No,,0,,,,0,,,0,Active,1,Active,+13155460285,,,http://westsidepodiatrycenter.com
12050,,Plano,United States,,,"4090 Mapleshade Ln, Ste 100",,BILL TO,75093,,TX,,2,Clinic,cmarder@ntos.org,cmarder@ntos.org,,(214) 592-9935,1900-01-01 01:39:00,North Texas Orthopedic and Spine,0,No,,0,,,,0,,,0,Active,1,Active,+12145929955,,,https://www.ntosonline.com/
12538,,San Juan,,,,735 Ponce de Leon Ave Ste 808,,MAIN,917,,PR,,2,Clinic,,ramoscherfootdr@gmail.com,,,1900-01-01 01:54:00,"Ramos Carro, DPM/ Cher",0,No,,0,,,,0,,,0,Active,1,Active,+17877543338,,,
12548,,Spokane,,,,"3707 S Grand Blvd, Ste A",,MAIN,99203,,WA,,,,,,,(509) 747-3220,1900-01-01 01:54:00,South Hill Foot and Ankle Clinic,0,No,,0,,,BBA6CDC6-C767-E111-9322-000C29EC1EE3,0,"Borys E. Markewych, DPM","Borys E. Markewych, DPM",0,Active,1,Active,+15097470274,,,
12549,,Raleigh,United States,,Foot & Ankle Center,"3801 Wake Forest Rd, Ste.100",,BILL TO,27609,,NC,,2,Clinic,accountspayable@footandankle-usa.com,accountspayable@footandankle-usa.com,,(239) 573-9201,1900-01-01 01:54:00,"Sheingold, DPM/ Arin J.",0,No,2691DD0C-9CB2-DD11-A1B8-0019B9B8224A,0,Foot & Ankle Center,,,0,,,0,Active,1,Active,+12395739200,,,http://ccfootdr.com/
12256,,Cedarhurst,,,,475-A Chestnut Street,,BILL TO,11516,,NY,,1,Sole Practitioner,,,,(516) 374-7638,1900-01-01 01:46:00,South Shore Foot Care P.C.,0,No,,0,,,,0,,,0,Active,1,Active,+15163743668,,,https://www.southshorefootcare.com/
12157,,Great Falls,,,,500 15th Ave S,,BILL TO,59405,,MT,,2,Clinic,mmapclerks@benefis.org,jillnewbrough@benefis.org,,(406) 727-7612,1900-01-01 01:43:00,Benefis Spectrum Medical,0,No,,0,,,,0,,,0,Active,1,Active,+14064555000,,,http://www.benefis.org
12160,,Cushing,United States,,,31524 Lowry Cir,,MAIN,56443-2087,,MN,,1,Sole Practitioner,,,,,1900-01-01 01:43:00,"Schleichert, DPM/ David C. (Personal Acct)",0,No,,0,,,,0,,,0,Active,1,Active,+12185753153,,,
12172,,Brooklyn,United States,,,133 Smith Street,,MAIN,11201,,NY,,1,Sole Practitioner,,,,,1900-01-01 01:44:00,Menna DPM/ Steve,0,No,,0,,,,0,,,0,Active,1,Active,+17183301117,,,http://www.manhattanfootcare.com/
12551,,Omak,,,,700 B Okoma Dr,,MAIN,98841,,WA,,1,Sole Practitioner,,ncptwa@gmail.com,,(866) 299-1497,1900-01-01 01:54:00,North Cascades Physical Therapy,0,No,,0,,,24ECF5A4-0C6E-E111-993C-000C29EC1EE3,0,"Dina Lund, PT","Dina Lund, PT",0,Active,1,Active,+15095574199,,,
12365,,Idaho Falls,,,Ankle and Foot Clinic of Idaho,2920 Cortez Ave,,MAIN,83404,,ID,,2,Clinic,anklefootclinic@yahoo.com,,,(888) 688-3439,1900-01-01 01:48:00,"McCall, DPM/ Andrew",0,No,7B359D94-3056-E011-9A07-000C29EC1EE3,0,Ankle and Foot Clinic of Idaho,,,0,,,0,Active,1,Active,+12085290229,,,https://idahoankleandfoot.com/
12368,,Parkersburg,,,,1033 Murdoch Ave,,MAIN,26101,,WV,,4,Distributor,,comfortmobility@yahoo.com,,304-485-6831,1900-01-01 01:49:00,Comfort & Mobility,0,No,,0,,,,0,,,0,Active,1,Active,+13045885588,,,
12373,,Jackson,United States,,Jackson (586/90C),1500 E Woodrow Wilson Ave,,BILL TO,39216,,MS,,2,Clinic,,,,(601) 364-1346,1900-01-01 01:49:00,VA/ Sonny Montgomery VA Medical Center (586/121),0,No,,0,,,,0,,,0,Active,1,Active,+16013624471,,,
12123,,Wilmington,,,Pike Creek Physical Therapy,"3105 Limestone Rd, Ste 100",,MAIN,19808,,DE,,1,Sole Practitioner,,pt@pikecreekpt.com,,(302) 239-7500,1900-01-01 01:42:00,"Whitesel, PT/ Dennis",0,No,,0,,,362A919A-02D6-DE11-9A6E-000C29EC1EE3,0,Dennis Whitesel,Dennis Whitesel,0,Active,1,Active,+13022392800,,,http://www.pikecreekpt.com/
12126,,Pembroke Pines,,,,"10041 Pines Blvd, Suite E",,BILL TO,33024,,FL,,1,Sole Practitioner,,,,(954) 436-2159,1900-01-01 01:42:00,Podiatric Associates Foot & Ankle Center,0,No,,0,,,,0,,,0,Active,1,Active,+19544370200,,,http://PodAssociatesPembroke.com
12247,,New York,,,,160 West End Avenue # 1G,,BILL TO,10023,,NY,,,,,,,(212) 595-1407,1900-01-01 01:46:00,"Werter, DPM/ Ronald",0,No,,0,,,,0,,,0,Active,1,Active,+12125951400,,,
12253,,North Vancouver,,,Canopy Interated Health,149-1233 Lynn Valley Rd.,,MAIN,V7J OA1,.,BC,,1,Sole Practitioner,,drdomingo@yahoo.com,,(604) 980-7270,1900-01-01 01:46:00,"Domingo, D.C./ Dr. Enrique A.",0,No,,0,,,E097E57B-1389-DF11-9BA2-000C29EC1EE3,0,"Dr. Enrique A. Domingo, D.C.","Dr. Enrique A. Domingo, D.C.",0,Active,1,Active,+16049297222,,,http://www.westside-chiropractic.com
12452,,Tacoma,United States,,MultiCare Rockwood Clinic,PO BOX 5299,M/S 1313 5-AP,BILL TO,98415,,WA,,2,Clinic,mhsapinvoices@multicare.org,,,(509) 342-3416,1900-01-01 01:51:00,MultiCare Health System,0,No,,0,,,,0,,,0,Active,1,Active,+15097244481,,,http://www.multicare.org
12068,,Binghamton,United States,,,PO BOX 5215,,BILL TO,13902,,NY,,1,Sole Practitioner,,,,(607) 772-8796,1900-01-01 01:40:00,United Health Services Podiatry,0,No,5CF66C8D-4B67-DF11-B50C-000C29EC1EE3,0,United Health Services Podiatry,,,0,,,0,Active,1,Active,+16077728772,,,https://www.nyuhs.org/
12022,,Glendale,United States,,Accounts Payable,19555 N 59th Ave,,BILL TO,85308,,AZ,,2,Clinic,azap@midwestern.edu,,,(623) 537-6161,1900-01-01 01:39:00,Midwestern University Clinic,0,No,,0,,,,0,,,0,Active,1,Active,+16235376177,,,
12027,,Great Falls,United States,,,PO BOX 5012,,BILL TO,59403,,MT,,2,Clinic,,,,(406) 268-3900,1900-01-01 01:39:00,"Great Falls Clinic, LLP",0,No,,0,,,,0,,,0,Active,1,Active,+14064542171,,,http://www.gfclinic.com/
12502,,Houston,United States,,,"7825 Hwy 6 North, Ste 110",,MAIN,77095,,TX,,2,Clinic,,,,(281) 463-1035,1900-01-01 01:52:00,"HoustonFootDoctor, PC",0,No,45563004-0847-DE11-A80C-0019B9B8224A,0,"HoustonFootDoctor, PC",,,0,,,0,Active,1,Active,+12814637208,,,http://www.houstonfootdr.com
12506,,Englewood,,,,185 Engle ST STE 200,,MAIN,7631,,NJ,,,,jsypodiatry@gmail.com,agneshan415@gmail.com,,(201) 227-0703,1900-01-01 01:52:00,JSY Englewood Foot & Ankle Center,0,No,,0,,,,0,,,0,Active,1,Active,+12012270700,,,http://jsypodiatry.com
12514,,Pismo Beach,United States,,Five Cities Foot Clinic,"911 Oak Park Blvd, Ste 106",,MAIN,93449,,CA,,2,Clinic,,sclark01@charter.net,,(805) 481-9199,1900-01-01 01:52:00,"Clark, DPM/ Steven J.",0,No,1E90B736-8323-4FA2-89C4-871D6F5D9574,0,Five Cities Foot Clinic,,,0,,,0,Active,1,Active,+18054819100,,,
12515,,Pismo Beach,United States,,Five Cities Foot Clinic,"911 Oak Park Blvd, Ste 106",,MAIN,93449,,CA,,2,Clinic,,5citiesfoot@att.net,,(805) 481-9199,1900-01-01 01:53:00,"O'Carroll, DPM/ Brian",0,No,1E90B736-8323-4FA2-89C4-871D6F5D9574,0,Five Cities Foot Clinic,,,0,,,0,Active,1,Active,+18054819100,,,
12516,,Park Ridge,United States,,,"74 Pascack Rd, Ste 6",,MAIN,7656,,NJ,,1,Sole Practitioner,,drgewirtz@gmail.com,,(201) 391-1114,1900-01-01 01:53:00,"Gewirtz, DPM/ Jeffrey",0,No,,0,,,,0,,,0,Active,1,Active,+12013911113,,,http://www.parkridgepodiatry.com
12522,,Ponca City,,,,1700 N 5th St,,MAIN,74601,,OK,,1,Sole Practitioner,,drmdereksmith@yahoo.com,,(580) 762-3994,1900-01-01 01:53:00,"Smith, DPM/ M. Derek",0,No,,0,,,,0,,,0,Active,1,Active,+15807653389,,,http://mdereksmith.com/
12113,,Moraga,United States,,,17 Corte Pinto,,MAIN,94556,,CA,,1,Sole Practitioner,bartis5@comcast.net,,,,1900-01-01 01:41:00,"Bartis, DPM/ Steven J. (Personal Acct)",0,No,,0,,,,0,,,0,Active,1,Active,+19252121060,,,
12115,,Clifton Park,United States,,,870 Route 146,,MAIN,12065,,NY,,2,Clinic,,,,(518) 371-7135,1900-01-01 01:41:00,Foot Care of Clifton Park,0,No,,0,,,,0,,,0,Active,1,Active,+15183717133,,,http://www.footcareofcliftonpark.com
12353,,San Diego,,,,"7485 Mission Valley Rd, Ste 104A",,BILL TO,92108,,CA,,2,Clinic,dlozano@califortho.com,,,(619) 398-4989,1900-01-01 01:48:00,California Orthopaedic Institute,0,No,,0,,,,0,,,0,Active,1,Active,+16192918930,,,http://www.califortho.com
12273,,Houston,,,"Foot and Ankle Specialist, PA","5151 Katy Fwy, Ste 200",,MAIN,77007,,TX,,1,Sole Practitioner,,drsjfisher@yahoo.com,,(832) 673-0060,1900-01-01 01:46:00,"Fisher, DPM/ S J",0,No,,0,,,7506099B-5AB0-DF11-A6EE-000C29EC1EE3,0,"Sybil Fisher, DPM","Sybil Fisher, DPM",0,Active,1,Active,+18326730500,,,http://fisherpodiatry.com/
12400,,Tracy,United States,,,PO Box 149,,BILL TO,95378,,CA,,2,Clinic,accountspayable@pacmedical.com,,,(209) 526-1740,1900-01-01 01:50:00,"Pacific Medical, Inc",0,No,,0,,,,0,,,0,Active,1,Active,+12095261721,,,http://www.pacmedical.com
12407,,Brick,,,Professional Building,"1451 Highway 88, Suite 8A",,MAIN,8724,,NJ,,1,Sole Practitioner,,jenningsresearch@verizon.net,,(732) 458-4922,1900-01-01 01:50:00,"Jennings, DPM/Maureen",0,No,,0,,,,0,,,0,Active,1,Active,+17324584911,,,
12038,,Granada Hills,United States,,,"10515 Balboa Blvd, Ste 140",,MAIN,91344,,CA,,1,Sole Practitioner,,,,(818) 363-9915,1900-01-01 01:39:00,Foot Specialist of N. Ridge,0,No,F8B23A2E-D2B1-4A79-AFBB-B34F5CA90E42,0,Foot Specialist of N.Ridge,,,0,,,0,Active,1,Active,+18183639900,,,http://www.2footspecialists.com/
12459,,Shreveport,United States,,,7821 Youree Dr,,MAIN,71105,,LA,,2,Clinic,,kfulford@wkhs.com,,(318) 213-3670,1900-01-01 01:51:00,Foot Specialists of Shreveport,0,No,,0,,,,0,,,0,Active,1,Active,+13182133668,,,http://footspecialistsofshreveportbossier.com
12461,,Palo Alto,United States,,,3510 Greer Rd,,MAIN,94303,,CA,,1,Sole Practitioner,,ddmullens@gmail.com,,,1900-01-01 01:51:00,"Mullens, DPM/ David",0,No,,0,,,,0,,,0,Active,1,Active,+16507661776,,,
12429,,Tulsa,United States,,.,"6565 S Yale Ave, Ste 909",,MAIN,74136,John Brestovansky,OK,,5,Other,tboyd@totalcareop.com,,,(918) 502-5980,1900-01-01 01:50:00,Total Care Orthotics & Prosthetics,0,No,,0,,,,0,,,0,Active,1,Active,+19185025975,,,http://www.totalcareop.com
12433,,Puyallup,United States,,,"205 15th Ave SW, Ste D",,MAIN,98371,,WA,,2,Clinic,,chadsmithdpm@gmail.com,,(253) 770-8482,1900-01-01 01:50:00,Family Foot Clinic Inc.,0,No,,0,,,F52E8D91-30B9-E011-ACDF-000C29EC1EE3,0,"Chad Smith, DPM","Chad Smith, DPM",0,Active,1,Active,+12538450564,,,
12188,,Los Gatos,United States,,,"14981 National Avenue, Suite 2",,BILL TO,95032,,CA,,1,Sole Practitioner,,jdsangueza@hotmail.com,,(408) 333-9601,1900-01-01 01:44:00,"Sangueza, DPM/John",0,No,,0,,,,0,,,0,Active,1,Active,+14083712451,,,
12189,,Lewiston,,,,2315 8th Street,,MAIN,83501,,ID,,2,Clinic,ap@valleymedicalcenter.com,,,(208) 298-4521,1900-01-01 01:44:00,"Valley Medical Center, PLLC",0,No,,0,,,,0,,,0,Active,1,Active,+12087461383,,,http://www.valleymedicalcenter.com
12198,,Eugene,,,OMG - Accounts Payable,PO BOX 1648,,BILL TO,97440,,OR,,,,omg_accountspayable@oregonmed.net,dpearson@oregonmed.net,,(541) 463-2806,1900-01-01 01:45:00,Oregon Medical Group,0,No,,0,,,D3A08A13-9E55-E011-9A07-000C29EC1EE3,0,"Darrin Dallegge, DPM","Darrin Dallegge, DPM",0,Active,1,Active,+15417466816,,,https://www.oregonmedicalgroup.com/foot-and-ankle
12205,,Hannibal,United States,,,PO BOX 311,,BILL TO,63401,,MO,,,,rmudd@hannibalclinic.com,,,(573) 231-3727,1900-01-01 01:45:00,Hannibal Clinic Operations LLC,0,No,,0,,,,0,,,0,Active,1,Active,+15732313778,,,
12206,,Bellevue,United States,,,"4140 Factoria Blvd SE, Ste 1B",,BILL TO,98006,,WA,,2,Clinic,,crc5456@msn.com,,(425) 644-4739,1900-01-01 01:45:00,"Ankle & Foot Specialists of Puget Sound, PS",0,No,,0,,,,0,,,0,Active,1,Active,+14256442313,,,http://footankleclinics.com
12139,,Vero Beach,,,,1703 24th St,,MAIN,32960,,FL,,1,Sole Practitioner,hrtodd1703@aol.com,,,(772) 562-8197,1900-01-01 01:42:00,"Todd, DC, PLC/ Harrison R.",0,No,,0,,,14384D01-DAFF-DE11-AF67-000C29EC1EE3,0,"Harrison Todd, II, D.C., PLC","Harrison Todd, II, D.C., PLC",0,Active,1,Active,+17725622053,,,
12491,,New Iberia,United States,,,398 N Lewis St,,MAIN,70563,,LA,,2,Clinic,,amyschunemeyer@gmail.com,,(337) 365-9557,1900-01-01 01:51:00,"Schunemeyer, DPM/ Amy B.",0,No,,0,,,,0,,,0,Active,1,Active,+13373654195,,,https://www.feetfirstofnewiberia.com/
12497,,Oslo,United States,,,Torggata 10,,MAIN,181,,Norway,,,,grg@anatomix.no,grg@anatomix.no,,,1900-01-01 01:52:00,Anatomix AS,0,No,,0,,,,0,,,0,Active,1,Active,,,,
12214,,Chicago,,,,"1046 N Wood Street, Suite 1-R",,BILL TO,60622,"Dr. Michelle Heiring, DPM",IL,,,,,heiringdpm@att.net,,,1900-01-01 01:45:00,"Heiring, DPM/Michelle",0,No,,0,,,,0,,,0,Active,1,Active,+17734250355,,,
12412,,Scottsdale,,,Arcadia Foot and Ankle P.C.,"6401 E Thomas Road, Ste 106",,MAIN,85251,.,AZ,,2,Clinic,,appointments@arcadiafootandankle.com,,(602) 354-3293,1900-01-01 01:50:00,"Olsen, DPM/ Mark",0,No,,0,,,,0,,,0,Active,1,Active,+16029553338,,,http://www.arcadiafootandankle.com
12425,,Rolling Hills Estates,,,,"827 Deep Valley Dr, Ste 204",,MAIN,90274,,CA,,1,Sole Practitioner,,drabend@verizon.com,,(310) 541-5746,1900-01-01 01:50:00,Palos Verdes Podiatry,0,No,,0,,,EA0EF622-06AF-E011-B1A6-000C29EC1EE3,0,"Lawrence Abend, DPM","Lawrence Abend, DPM",0,Active,1,Active,+13103776926,,,
12221,,New York,,,,"40 Park Ave, Suite 5",,MAIN,10016,,NY,,,,jyouner@nyc.rr.com,,,(212) 889-6150,1900-01-01 01:45:00,"Youner, DPM/ Johanna",0,No,,0,,,,0,,,0,Active,1,Active,+12126837757,,,
12225,,Fairfax,United States,,,"3998 Fair Ridge Drive, #280",,MAIN,22033,,VA,,1,Sole Practitioner,,,,(703) 849-8448,1900-01-01 01:45:00,"Dominion Foot & Ankle Consultants, PC",0,No,,0,,,,0,,,0,Active,1,Active,+17038498400,,,http://dominionfootandankle.com
12235,,Pineville,United States,,Prosthetics #121,2495 Shreveport Hwy,,BILL TO,71360,Alexandria VAMC (502/121),LA,,3,Hospital,,,,(318) 483-5154,1900-01-01 01:46:00,VA/ Alexandria (502/121),0,No,,0,,,,0,,,0,Active,1,Active,+13184730010,,,
12239,,St Thomas,,,,PO Box 302178,,BILL TO,803,,VI,,,,finance@therapyworksvi.com,jsmith@therapyworksvi.com,,(340) 715-4678,1900-01-01 01:46:00,"Therapy Works, LLC",0,No,D86E51A6-3861-E411-B754-005056B60006,0,"Therapy Works, LLC, BVI & VG",,,0,,,0,Active,1,Active,+13407794678,,,http://www.therapyworksvi.com
12242,,San Carlos,,,,"961 Laurel St, Suite 100",,BILL TO,94070,,CA,,2,Clinic,,cleviant@mac.com,,(650) 593-9145,1900-01-01 01:46:00,Associated Podiatry Group of San Carlos,0,No,,0,,,,0,,,0,Active,1,Active,+16505938083,,,http://www.sancarlospodiatrist.com
12284,,Dallas,,,,"4222 Trinity Mills Road, Suite 112",,BILL TO,75287,,TX,,,,,,,(214) 710-1029,1900-01-01 01:47:00,Elite Foot and Ankle,0,No,,0,,,,0,,,0,Active,1,Active,+12147101028,,,http://www.elitefootankle.com
12289,,Northridge,,,,"18433 Roscoe Blvd, Ste 214",,MAIN,91325,,CA,,2,Clinic,,,,(818) 985-0055,1900-01-01 01:47:00,Foot & Ankle Institute of the West,0,No,,0,,,,0,,,0,Active,1,Active,+18186234455,,,http://www.footandanklewest.com
11990,,Muncie,United States,,"Matthew Dewitt, DPM",2106 W McGalliard Rd,,MAIN,47304,,IN,,1,Sole Practitioner,,mtdewitt@indianafoot.com,,(765) 289-4655,1900-01-01 01:38:00,Indiana Foot & Ankle Specialist,0,No,,0,,,,0,,,0,Active,1,Active,+17652843879,,,https://indianafoot.com/
12002,,Kansas City,United States,,Signature Medical Group,"8919 Parallel Pkwy, Ste 550",,MAIN,66112,,KS,,2,Clinic,kdua@signaturehealth.net,kdua@signaturehealth.net,,(913) 334-9422,1900-01-01 01:38:00,"Associated Podiatrists, PA",0,No,,0,,,,0,,,0,Active,1,Active,+19133210522,,,https://www.kcfootdrs.com/
12318,,Ijamsville,,,,"3280 Urbana Pike, Suite 202",,BILL TO,21754,,MD,,1,Sole Practitioner,,progressivepodiatry@gmail.com,,(301) 874-8116,1900-01-01 01:47:00,Progressive Podiatry,0,No,,0,,,,0,,,0,Active,1,Active,+13018749669,,,
12328,,Modesto,,,,730 16th Street,,BILL TO,95354,,CA,,2,Clinic,,adhirsingh@aol.com,,(209) 550-0171,1900-01-01 01:48:00,"Singh, DPM/Adhir R.",0,No,,0,,,,0,,,0,Active,1,Active,+12095505893,,,
12525,,Murrieta,,,,"41421 Date St, Ste 101",,MAIN,92562,.,CA,,1,Sole Practitioner,inventory@littlefieldpt.com,,,(855) 454-3784,1900-01-01 01:53:00,Littlefield Physical Therapy,0,No,,0,,,,0,,,0,Active,1,Active,+18554543784,,,http://www.littlefieldpt.com
12528,,Bend,United States,,.,"1510 SW Nancy Way, Ste 2",,MAIN,97702,"Northwest Footcare, LLC",OR,,2,Clinic,,lauriejnwfc@bendbroadband.com,,(541) 385-7138,1900-01-01 01:53:00,"Northwest Footcare, LLC",0,No,B697AF16-417B-E011-A7BE-000C29EC1EE3,0,"Northwest Footcare, LLC",,,0,,,0,Active,1,Active,+15413857129,,,http://www.nwfootcare.com
12534,,Glen Burnie,,,,"806 Landmark Drive, Ste 128",,MAIN,21061,,MD,,,,,drjoew@gmail.com,,(443) 926-9151,1900-01-01 01:53:00,"Wongananda, DPM PA/ T. Joe",0,No,,0,,,,0,,,0,Active,1,Active,+14439269147,,,
11614,,Portland,United States,,Attn:  Accounts Payable,800 SW 13th Ave,,BILL TO,97205,.,OR,,2,Clinic,ap@tpcllp.com,,,(503) 274-1697,1900-01-01 01:30:00,The Portland Clinic,0,No,,0,,,,0,,,0,Active,1,Active,+15032210161,,,http://www.theportlandclinic.com
11642,,Worcester,United States,,,"123 Summer St, Suite 550",,MAIN,1608,,MA,,2,Clinic,mfallon@pfacenter.com,,,(508) 363-6866,1900-01-01 01:31:00,"Premier Foot & Ankle Center, LLC",0,No,,0,,,,0,,,0,Active,1,Active,+15083636868,,,http://www.pfacenter.com/
11905,,Ponderay,United States,,,30544 Highway 200 Ste#102,,MAIN,83852,,ID,,2,Clinic,,idahortho@yahoo.com,,(208) 265-4533,1900-01-01 01:35:00,North Idaho Orthopedics & Sports Medicine,0,No,,0,,,,0,,,0,Active,1,Active,+12082659817,,,http://www.niosm.com/
11909,,Auburn,,,,"3123 Professional Dr, Ste 200",,MAIN,95603,,CA,,,,dr.amatzfoot@gmail.com,dr.amatzfoot@gmail.com,,(530) 885-4614,1900-01-01 01:35:00,"Matz, DPM/Amanda",0,No,,0,,,,0,,,0,Active,1,Active,+15308857047,,,
11922,,Ashtabula,United States,,Attn: Acct. Payable Dept,2420 Lake Ave,,BILL TO,44004,,OH,,1,Sole Practitioner,wendie.mcintyre@armchealth.org,,,(440) 994-7512,1900-01-01 01:36:00,Ashtabula County Medical Center,0,No,,0,,,,0,,,0,Active,1,Active,+14409947534,,,http://acmchealth.org/
11927,,Elkhart,United States,,,2310 California Road,,BILL TO,46514,,IN,,1,Sole Practitioner,accountspayable@osmc.com,jwondergem@osmc.com,,(574) 970-1374,1900-01-01 01:36:00,OSMC,0,No,,0,,,,0,,,0,Active,1,Active,+15742640791,,,http://www.osmc.com
11769,,Appleton,United States,,Valley Orthopedic Clinic SC,"2105 E Enterprise Ave, Suite 111",,MAIN,54913,,WI,,1,Sole Practitioner,,,,(920) 731-6732,1900-01-01 01:32:00,Derksen DPM/ Todd A,0,No,,0,,,,0,,,0,Active,1,Active,+19207316611,,,http://osifv.com
11673,,Longmeadow,United States,,New England Foot Specialists,1200 Converse St,,Main,1106,,MA,,1,Sole Practitioner,,,,(413) 567-1491,1900-01-01 01:31:00,Peteros DPM/ Christopher H,0,No,,0,,,,0,,,0,Active,1,Active,+14135676860,,,https://www.podiatristsspringfieldma.com/
11869,,Albuquerque,United States,,Attn:  Accounts Payable,PO Box 27803,,BILL TO,87125,,NM,,2,Clinic,accounts.payablelhs@lovelace.com,,,(505) 823-6556,1900-01-01 01:35:00,Southwest Medical Associates,0,No,,0,,,,0,,,0,Active,1,Active,+15057274430,,,https://lovelacemedicalgroup.com
11952,,Beaverton,,,Ankle & Foot Centers of Oregon,"12325 SW Horizon Blvd, Ste 27",,MAIN,97007,.,OR,,,,,candiedpm2003@yahoo.com,,(503) 597-5640,1900-01-01 01:36:00,"Gregory, DPM/ Candace",0,No,,0,,,,0,,,0,Active,1,Active,+15035975647,,,http://www.ankleandfootcentersoforegon.com/
11957,,Dallas,United States,,Attn:  Accounts Payable,PO Box 108,,BILL TO,30132,,GA,,2,Clinic,apayable@vpcenters.com,,,(770) 745-9740,1900-01-01 01:36:00,"Village Podiatry Centers, P.C.",0,No,00B6100E-ACB5-DD11-8B3E-0019B9B8224A,0,"Village Podiatry Centers, P.C.",,,0,,,0,Active,1,Active,+17707455101,,,http://www.villagepodiatrycenters.com
11960,,White Plains,United States,,,10 Mitchell Place Ste 105,,MAIN,10601,,NY,,2,Clinic,info@aestheticpodiatry.com,info@aestheticpodiatry.com,,(914) 290-5795,1900-01-01 01:36:00,Aesthetic Podiatry & Sports Medicine Center,0,No,,0,,,,0,,,0,Active,1,Active,+19143283400,,,http://www.aestheticpodiatry.com
11882,,Naples,United States,,.,"681 Goodlette Rd N, Ste 160",,MAIN,34102,.,FL,,2,Clinic,info@footandanklemgmt.com,,,(239) 263-8435,1900-01-01 01:35:00,Foot & Ankle Management Group,0,No,A7AB7040-1262-EE11-9AFF-005056995B7E,0,Foot & Ankle Management Group,,,0,,,0,Active,1,Active,+12392630200,,,http://www.footandanklemgmt.com
11744,,Beloit,United States,,Accounts Payable,1969 West Hart Rd,,BILL TO,53511,,WI,,2,Clinic,payables@beloithealthsystem.org,,,(608) 364-5586,1900-01-01 01:32:00,"Beloit Health System, Inc.",0,No,,0,,,,0,,,0,Active,1,Active,+16083641640,,,http://beloithealthsystem.org/
11663,,Littleton,United States,,,CHI Accounts Payable Support Center,PO Box 636000,BILL TO,80163,,CO,,1,Sole Practitioner,apinvoice@catholichealth.net,amandaanderson@chifranciscan.org,,(253) 274-7994,1900-01-01 01:31:00,Franciscan Foot & Ankle Associates at St. Joseph,0,No,07AA5A2C-0C02-DF11-8291-000C29EC1EE3,0,Catholic Health Initiatives,,,0,,,0,Active,1,Active,+12532747504,,,https://www.chifranciscan.org
11784,,Jackson,United States,,,PO Box 7434,,BILL TO,83002,,WY,,2,Clinic,,wagnerim@tetonortho.com,,(307) 734-5605,1900-01-01 01:32:00,Teton Orthopaedics,0,No,,0,,,,0,,,0,Active,1,Active,+13077333900,,,http://tetonorthopaedics.com
11592,,Palo Alto,United States,,"Brynn H. Ewen, DPM",512 Hamilton Ave,,MAIN,94301,,CA,,1,Sole Practitioner,,stridewellbeing@gmail.com,,(650) 323-2500,1900-01-01 01:30:00,Stride,0,No,,0,,,,0,,,0,Active,1,Active,+16503232200,,,
11626,,Tulsa,United States,,,5711 E. 71st St,Ste 220,BILL TO,74136,,OK,,2,Clinic,management@mtfas.com,,,(918) 494-2905,1900-01-01 01:30:00,Metro Tulsa Foot & Ankle Specialists,0,No,,0,,,,0,,,0,Active,1,Active,+19184942902,,,http://www.tulsafoot.com
11700,,San Jose,United States,,,333 O'Connor Dr,,BILL TO,95128,,CA,,1,Sole Practitioner,,,,(404) 494-7554,1900-01-01 01:31:00,South Bay Orthopedic & Sports Medicine Clinic,0,No,,0,,,,0,,,0,Active,1,Active,+16509667631,,,http://southbayorthopedic.com/
11714,,Virginia Beach,United States,,Tidewater Foot & Ankle Center,PO Box 5447,,BILL TO,23471,,VA,,1,Sole Practitioner,,,,(757) 490-1795,1900-01-01 01:31:00,Grant DPM/ William,0,No,,0,,,,0,,,0,Active,1,Active,+17574977575,,,http://drgrantfootandankle.com/
11718,,Dallas,United States,,Attn: Prosthetics (549/121),4500 S Lancaster Rd,,MAIN,75216,,TX,,3,Hospital,,,,(214) 462-4956,1900-01-01 01:31:00,VA/ North Texas VA Health Care System,0,No,,0,,,,0,,,0,Active,1,Active,+12148570548,,,
11690,,Juneau,United States,,Juneau Foot and Ankle Center,8800 Glacier Hwy Ste #218,,MAIN,99801,,AK,,1,Sole Practitioner,,kellymoxley@yahoo.com,,(907) 789-2925,1900-01-01 01:31:00,Moxley DPM/ Kelly,0,No,394C1230-059B-DD11-ADE6-0019B9B8224A,0,Juneau Foot & Ankle,,,0,,,0,Active,1,Active,+19077890405,,,
11691,,El Cerrito,United States,,,7524 Fairmount Ave,,Main,94530,.,CA,,2,Clinic,,,,510-526-9251,,Fairmount Podiatry Group,0,No,,0,,,,0,,,0,Active,1,Active,+15105264244,,,
11543,,Medford,United States,,,1904 E Barrett Rd,,Main,97504,"Merrill/DPM, Evan",OR,,1,Sole Practitioner,accountspayable@medsofa.com,,,(541) 776-4979,1900-01-01 01:29:00,"Southern Oregon Foot & Ankle, LLC",0,No,,0,,,,0,,,0,Active,1,Active,+15417763338,,,https://www.sofootankle.com/
11967,,Fenton,United States,,Ankle & Foot Institute,"1011 Bowles Avenue, Suite 123",,BILL TO,63026,,MO,,,,ammo.payables@outlook.com,wittockr@gmail.com,,(636) 717-1113,1900-01-01 01:36:00,Wittock DPM/ Richard,0,No,,0,,,,0,,,0,Active,1,Active,+16367171100,,,http://www.ankleandfootinstitute.com
11969,,Turlock,,,Yosemite Bone & Joint,1065 Colorado Ave. Ste 5,,MAIN,95380,,CA,,1,Sole Practitioner,,apatinodpm@sbcglobal.net,,(209) 226-1335,1900-01-01 01:37:00,Patino DPM/Alfred,0,No,,0,,,,0,,,0,Active,1,Active,+12092261357,,,https://yosemiteboneandjoint.com/
11819,,San Antonio,United States,,,1954 East Houston #202,,,78202,,TX,,2,Clinic,,kenwilliamsdpm@hotmail.com,,(210) 225-1046,1900-01-01 01:33:00,Comprehensive Foot Care,0,No,,0,,,,0,,,0,Active,1,Active,+12102255804,,,
11820,,Independence,United States,,Kent State College of Podiatric Medicine,6000 Rockside Woods Blvd,,MAIN,44131,,OH,,2,Clinic,ebuleski@kent.edu,,,(216) 721-5534,1900-01-01 01:33:00,Cleveland Foot & Ankle Institute,0,No,,0,,,,0,,,0,Active,1,Active,+12162315612,,,
11826,,Albert Lea,United States,,,904 E Plaza St,,MAIN,56007,,MN,,2,Clinic,jodihestness@comfootclinic.com,,,507-373-0261,1900-01-01 01:33:00,Community Foot Clinic,0,No,,0,,,,0,,,0,Active,1,Active,+15073736133,,,https://www.communityfootclinic.com/
11828,,Tulsa,United States,,Elite Foot Care Center,"6585 S Yale Ave, Ste 1110",,MAIN,74136,,OK,,1,Sole Practitioner,office@elitefootcarecenter.com,david@elitefootcarecenter.com,,(918) 502-5301,1900-01-01 01:33:00,Stoller DPM/ David A,0,No,,0,,,,0,,,0,Active,1,Active,+19185025300,,,http://elitefootcarecenter.com/
11844,,New York,United States,,,333 East 46th St #1H,,,10017,,NY,,,,,lmsattler1@verizon.net,,(212) 681-8603,1900-01-01 01:34:00,Sattler DPT/ Lisa,0,No,,0,,,,0,,,0,Active,1,Active,+19175390224,,,
11850,,St Louis,United States,,,"12855 North 40 Dr, Ste 175",,MAIN,63141,,MO,,1,Sole Practitioner,,drfrankmail@mac.com,,(314) 434-9601,1900-01-01 01:34:00,Frank DPM/ Steven,0,No,,0,,,,0,,,0,Active,1,Active,+13144349600,,,https://www.premierpodiatry.org/
11857,,St George,United States,,,"754 S Main Street, Suite 3",,MAIN,84770,,UT,,1,Sole Practitioner,southmain@feetnet.com,,,(435) 867-1909,1900-01-01 01:34:00,Foot & Ankle Institute,0,No,,0,,,,0,,,0,Active,1,Active,+14355862225,,,http://feetnet.com/
11528,,Hamilton,Canada,,,"90 Lancing Dr, Unit 5",,MAIN,L8W 3A1,,ON,,5,Other,,,,289-799-7474,1900-01-01 18:04:00,Ontario Orthotic Lab,0,No,,0,,,FC1C8022-D472-DD11-81D6-0019B9B8224A,0,Paul,Paul,0,Active,1,Active,+12897997472,,,https://oolab.com/
13239,,New Westminster,,,,#303-223 Nelson's Crescent,,MAIN,V3L 0E4,,BC,,2,Clinic,,kathykhahn@gmail.com,,(604) 245-2520,1900-01-01 02:22:00,West Coast Podiatry,0,No,,0,,,6E10F432-2C8B-E611-8044-005056995B7E,0,"Kathy Hahn, DPM","Kathy Hahn, DPM",0,Active,1,Active,+16042452245,+16042452520,,http://westcoastpodiatry.ca
13240,,Glen Rock,,,,"85 Harristown Rd, Ste 103",,MAIN,7452,,NJ,,2,Clinic,bfornataro@oasismed.com,bfornataro@oasismed.com,,(844) 366-8900,1900-01-01 02:22:00,Oasis Medical,0,No,,0,,,,0,,,0,Active,1,Active,+18443668800,,,
13806,,Mount Vernon,,,,1617 E Division St,,MAIN,98274,,WA,,,,skagitfootandankleclinic@gmail.com,skagitfootandankleclinic@gmail.com,,(360) 424-5969,1900-01-01 03:04:00,"Skagit Foot and Ankle Clinic, LLC",0,No,,0,,,,0,,,0,Active,1,Active,+13604247018,,,http://www.skagitfootandankleclinic.com
13807,,Neyagawa,,,,5-35-7 Takayanagi,,BILL TO,572-0051,Neyagawa Aoba Clinic,Osaka,,2,Clinic,cs-nwpl@nwpl-jp.com,impact@yk.rim.or.jp,,-10183,1900-01-01 03:04:00,Impact Trading - Neyagawa Aoba Clinic,0,No,795F2927-FF12-4727-9722-322B7E869737,0,Impact Trading Co. Ltd.,,,0,,,0,Active,1,Active,,,,
13808,,Kailua,,,,407 Uluniu St  #107,,MAIN,96734,,HI,,2,Clinic,,alohafootcenters@gmail.com,,(808) 263-6004,1900-01-01 03:04:00,Aloha Foot Centers,0,No,,0,,,,0,,,0,Active,1,Active,+18082660066,,,http://alohafootcenters.com
13809,,Flagstaff,,,,202 E Birch Ave,,MAIN,86001,,AZ,,2,Clinic,flagfootdoc@gmail.com,flagfootdoc@gmail.com,,(928) 226-0014,1900-01-01 03:04:00,Flagstaff Foot and Ankle Specialists,0,No,,0,,,513CD1C1-6A6B-ED11-80EE-005056995B7E,0,"Rachel O'Connor, DPM","Rachel O'Connor, DPM",0,Active,1,Active,+19282267555,,,http://www.flagstafffootdoc.com
13653,,Perrysburg,,,,"1021 Sandusky St, Ste A",,MAIN,43551,,OH,,2,Clinic,,perrysburgpod1021@gmail.com,,(419) 874-7258,1900-01-01 02:55:00,"Perrysburg Podiatry Associates, LLC",0,No,,0,,,,0,,,0,Active,1,Active,+14198744494,,,
13654,,St. George,,,,"1664 S. Dixie Dr, Ste L 105",,MAIN,84770,,UT,,1,Sole Practitioner,,rkdanielspt@gmail.com,,(435) 652-3750,1900-01-01 02:55:00,Daniels Physical Therapy,0,No,,0,,,,0,,,0,Active,1,Active,+14356523707,,,http://daniels-physical-therapy.business.site
13655,,Lodi,,,,"1745 W Kettleman Ln, Ste A",,MAIN,95242,,CA,,1,Sole Practitioner,,dweymo@yahoo.com,,(209) 334-5466,1900-01-01 02:55:00,Integrity Limb & Brace,0,No,,0,,,,0,,,0,Active,1,Active,+12093345462,,,
13656,,Moncton,,,,2-150 Edmonton Ave,,MAIN,E1C 3B9,,NB,,1,Sole Practitioner,,,,,1900-01-01 02:55:00,Sole Solutions,0,No,,0,,,,0,,,0,Active,1,Active,+15065315750,,,
13657,,Chicago,,,,5722 N Winthrop Ave.,,MAIN,60660,,IL,,,,,docorange.sports@gmail.com,,,,Breakthrough Sports Performance,0,No,,0,,,,0,,,0,Active,1,Active,+12195103847,,,
13658,,Houston,,,,11900 FM 1960 Rd W,,MAIN,77065,,TX,,1,Sole Practitioner,,drkendennis@hotmail.com,,(281) 469-0128,1900-01-01 02:55:00,"Dennis, DPM / Kenrick",0,No,,0,,,,0,,,0,Active,1,Active,+12814692676,,,http://www.kdfoot.com
13659,,New York,,,26 Broadway,,,MAIN,10004,,NY,,,,,,,,1900-01-01 02:55:00,Toetal Podiatry,0,No,,0,,,,0,,,0,Active,1,Active,+19172614291,,,https://www.toetalpodiatrynyc.com
13660,,Blaine,,,,1091 Fir Ave,,MAIN,98230,,WA,,1,Sole Practitioner,noreply@nwpodiatric.com,noreply@nwpodiatric.com,,,,NWPL Demo,0,No,B6020C2F-EFD8-46ED-9B36-53088235BABC,0,Northwest Podiatric Lab,,,0,,,0,Active,1,Active,+18006751766,,,https://nwpodiatric.com
13661,,Sandpoint,,,,815 Oak Street,,BILL TO,83864,,ID,,2,Clinic,idaho@kit-therapy.com,idaho@kit-therapy.com,,(808) 431-4244,1900-01-01 02:55:00,Kauai Therapy & Wellness,0,No,,0,,,EFDB56E3-5041-EB11-8131-005056995B7E,0,Garrett Fischer,Garrett Fischer,0,Active,1,Active,+12082059559,,,http://www.kit-therapy.com
13485,,Burbank,,,,2701 W. Alameda Ave Ste 500,,MAIN,91505,,CA,,2,Clinic,,drlevinedpm@gmail.com,,(818) 558-4379,1900-01-01 02:41:00,Levine Foot & Ankle Surgery,0,No,,0,,,D473D31E-DB15-E911-8135-005056995B7E,0,"Patrick Levine, DPM","Patrick Levine, DPM",0,Active,1,Active,+18184506656,,,https://www.levinefootandankle.com/
13487,,Yokohama,,,GLP Ayase,5F Shinyokohama No. 3 Tosho Bldg,,BILL TO,222-0033,Hirai Clinic,Kanagawa-ken,,2,Clinic,cs-nwpl@nwpl-jp.com,impact@yk.rim.or.jp,,-10183,1900-01-01 02:41:00,Impact Trading - Hirai Clinic,0,No,795F2927-FF12-4727-9722-322B7E869737,0,Impact Trading Co. Ltd.,,,0,,,0,Active,1,Active,,,,
13429,,Vienna,,,,1880 Howard Ave Ste 202,,BILL TO,22182,,VA,,2,Clinic,,aashkandpm@gmail.com,,(703) 574-1394,1900-01-01 02:37:00,"NOVA Podiatry and Wound Care Center, LLC",0,No,,0,,,1E49F294-B47B-E811-81EC-005056995B7E,0,"Arin Ashkan, DPM","Arin Ashkan, DPM",0,Active,1,Active,+17038639393,,,http://www.novafootcare.com/
13431,,Yokohama,,,GLP Ayase,5F Shinyokohama No. 3 Tosho Bldg,,BILL TO,222-0033,Asahi Settukotuin,Kanagawa-ken,,2,Clinic,cs-nwpl@nwpl-jp.com,impact@yk.rim.or.jp,,-10183,1900-01-01 02:37:00,Impact Trading - Asahi Settukotuin,0,No,795F2927-FF12-4727-9722-322B7E869737,0,Impact Trading Co. Ltd.,,,0,,,0,Active,1,Active,,,,
13433,,Torrance,,,,"3655 Lomita Blvd, Ste 120",,MAIN,90505,,CA,,2,Clinic,ericmfeit@aol.com,torrance@precisionfoot.com,,(310) 791-1087,1900-01-01 02:37:00,Precision Foot & Ankle Centers-Torrance,0,No,,0,,,,0,,,0,Active,1,Active,+13107911092,,,https://www.precisionfootandanklecenters.com
13435,,Encinitas,,,,100 Smart Ct,,BILL TO,92024,,CA,,2,Clinic,seasidefootandankle@gmail.com,collinsmithdpm@gmail.com,,(858) 485-1515,1900-01-01 02:37:00,"Seaside Foot and Ankle, Inc",0,No,,0,,,E5E02ECB-7580-E811-81EC-005056995B7E,0,"Collin Smith, DPM","Collin Smith, DPM",0,Active,1,Active,+18584851494,,,https://www.seasidefootandankle.com/
13436,,El Monte,United States,,,10516 Lower Azusa Rd.,,MAIN,91731,,CA,,,,,chiudpm@yahoo.com,,(626) 443-2027,1900-01-01 02:37:00,"Chiu, DPM/ Yu-Chin",0,No,,0,,,8C21C8B2-A780-E811-81EC-005056995B7E,0,"Yu-Chin Chiu, DPM","Yu-Chin Chiu, DPM",0,Active,1,Active,+16264432020,,,
13425,,Pittsburgh,,,,995 Greentree Rd,,MAIN,15220,,PA,,2,Clinic,,chajnosz@gmail.com,,(412) 563-0740,1900-01-01 02:36:00,Foot and Ankle Associates,0,No,,0,,,,0,,,0,Active,1,Active,+14125631440,,,http://footandanklepgh.com/
13426,,Bellingham,United States,,,2517 Lake Whatcom Blvd,,MAIN,98229,,WA,,1,Sole Practitioner,,darylpt@comcast.net,,,1900-01-01 02:36:00,"Smith, PT/ Daryl (Personal Account)",0,No,,0,,,,0,,,0,Active,1,Active,+14252837433,,,http://www.advantagemultisport.com/
13427,,Wixom,,,,1123 Parkview Ct,,BILL TO,48393,,MI,,2,Clinic,,longevityhealthinstitute@yahoo.com,,,1900-01-01 02:37:00,Longevity Health Institute,0,No,,0,,,,0,,,0,Active,1,Active,+12482896643,,,
13428,,Salt Lake City,,,,"6360 S 3000th E, Ste 100",,MAIN,84121,,UT,,2,Clinic,,,,(801) 365-1033,1900-01-01 02:37:00,Foothill Family Clinic,0,No,,0,,,,0,,,0,Active,1,Active,+18013651032,,,
13604,,Reno,,,,"309 Kirman Ave, Ste A",,MAIN,89502,,NV,,,,,abilityofnv@gmail.com,,(775) 333 0831,1900-01-01 02:49:00,Ability P & O of Nevada,0,No,,0,,,,0,,,0,Active,1,Active,+17753339255,,,
13605,,Yokohama,,,Mozutto Clinic,GLP Ayase,5F Shinyokohama No. 3 Tosho Bldg,,222-0033,,Kanagawa-ken,,2,Clinic,cs-nwpl@nwpl-jp.com,impact@yk.rim.or.jp,,-10183,1900-01-01 02:50:00,Impact Trading - Mozutto,0,No,795F2927-FF12-4727-9722-322B7E869737,0,Impact Trading Co. Ltd.,,,0,,,0,Active,1,Active,,,,
13606,,Kerrville,,,,PO BOX 291768,,BILL TO,78029,,TX,,1,Sole Practitioner,,fishdpm@aol.com,,(210) 692-9529,1900-01-01 02:50:00,Hill Country Foot Surgeons,0,No,,0,,,,0,,,0,Active,1,Active,+12106160819,,,http://www.txfoot.com
13607,,Yokohama,,,GLP Ayase,5F Shinyokohama No. 3 Tosho Bldg,,BILL TO,222-0033,Shoemart Isesakimiyako,Kanagawa-ken,,2,Clinic,cs-nwpl@nwpl-jp.com,impact@yk.rim.or.jp,,-10183,1900-01-01 02:50:00,Impact Trading - Shoemart Isesakimiyako,0,No,795F2927-FF12-4727-9722-322B7E869737,0,Impact Trading Co. Ltd.,,,0,,,0,Active,1,Active,,,,
13608,,Yokohama,,,GLP Ayase,5F Shinyokohama No. 3 Tosho Bldg,,BILL TO,222-0033,Shoemart Ina,Kanagawa-ken,,2,Clinic,cs-nwpl@nwpl-jp.com,impact@yk.rim.or.jp,,-10183,1900-01-01 02:50:00,Impact Trading - Shoemart Ina,0,No,795F2927-FF12-4727-9722-322B7E869737,0,Impact Trading Co. Ltd.,,,0,,,0,Active,1,Active,,,,
13609,,Yokohama,,,GLP Ayase,5F Shinyokohama No. 3 Tosho Bldg,,BILL TO,222-0033,Shoemart Nagaoka MM,Kanagawa-ken,,2,Clinic,cs-nwpl@nwpl-jp.com,impact@yk.rim.or.jp,,-10183,1900-01-01 02:50:00,Impact Trading - Shoemart Nagaoka MM,0,No,795F2927-FF12-4727-9722-322B7E869737,0,Impact Trading Co. Ltd.,,,0,,,0,Active,1,Active,,,,
13610,,Yokohama,,,GLP Ayase,5F Shinyokohama No. 3 Tosho Bldg,,BILL TO,222-0033,Shoemart Sakudaira,Kanagawa-ken,,2,Clinic,cs-nwpl@nwpl-jp.com,impact@yk.rim.or.jp,,-10183,1900-01-01 02:50:00,Impact Trading - Shoemart Sakudaira,0,No,795F2927-FF12-4727-9722-322B7E869737,0,Impact Trading Co. Ltd.,,,0,,,0,Active,1,Active,,,,
13699,,Fort Worth,,,,2901 Acme Brick Plz,,MAIN,76109,,TX,,2,Clinic,kkiser@osmifw.com,kkiser@osmifw.com,,(817) 529-1910,1900-01-01 21:10:00,The Orthopedic and Sports Medicine Institute,0,No,,0,,,,0,,,0,Active,1,Active,+18175291900,,,http://www.osmifw.com
13700,,Yokohama,,,Date Clinic,5F Shinyokohama No. 3 Tosho Bldg,,BILL TO,222-0033,,Kanagawa-ken,,2,Clinic,cs-nwpl@nwpl-jp.com,impact@yk.rim.or.jp,,-10183,1900-01-01 02:58:00,Impact Trading - Date Clinic,0,No,795F2927-FF12-4727-9722-322B7E869737,0,Impact Trading Co. Ltd.,,,0,,,0,Active,1,Active,,,,
13701,,Yokohama,,,GLP Ayase,5F Shinyokohama No. 3 Tosho Bldg,,BILL TO,222-0033,Growce,Kanagawa-ken,,2,Clinic,cs-nwpl@nwpl-jp.com,impact@yk.rim.or.jp,,-10183,1900-01-01 02:58:00,Impact Trading - Growce,0,No,795F2927-FF12-4727-9722-322B7E869737,0,Impact Trading Co. Ltd.,,,0,,,0,Active,1,Active,,,,
13702,,Kamloops,,,,546 St. Paul Street,,MAIN,V1S 1W2,,BC,,1,Sole Practitioner,lehmann.dpm@gmail.com,lehmann.dpm@gmail.com,,(250) 851-9301,1900-01-01 02:58:00,"Lehmann, DPM/ Sean",0,No,,0,,,,0,,,0,Active,1,Active,+12503747495,,,https://www.interiorpodiatry.ca/
13703,,Fort Worth,,,Trinity Foot & Ankle Specialists,"5801 Oakbend Trl, Ste 140",,MAIN,76132,,TX,,2,Clinic,,garydriver12@gmail.com,,,1900-01-01 02:58:00,"Driver, DPM/ Gary",0,No,8700B64A-E312-E611-955C-005056995B7E,0,Trinity Foot & Ankle Specialists,,,0,,,0,Active,1,Active,+18173773668,,,
13704,,Yakima,,,,"2006 W Lincoln Ave, Ste A",,MAIN,98902,,WA,,1,Sole Practitioner,,mdkane.pt@gmail.com,,(509) 573-4824,1900-01-01 02:58:00,Pro-Motion Physical Therapy,0,No,,0,,,,0,,,0,Active,1,Active,+15095734816,,,
13705,,Gainesville,,,,6420 W. Newberry Rd. Ste 210,,MAIN,32605,,FL,,1,Sole Practitioner,footdoc89@gmail.com,footdoc89@gmail.com,,(352) 525-2794,1900-01-01 02:58:00,North Florida Foot & Ankle Specialists,0,No,,0,,,01D948F1-AB1F-EC11-839A-005056995B7E,0,"Joshua Epstein, DPM","Joshua Epstein, DPM",0,Active,1,Active,+19143203556,,,http://www.northflfootankle.com
13706,,Great Falls,,,,158 Sunflower Ln.,,MAIN,59404,,MT,,1,Sole Practitioner,ginapainter@benefis.org,ginapainter@benefis.org,,,1900-01-01 02:58:00,"Painter, DPM / Gina M.",0,No,,0,,,,0,,,0,Active,1,Active,+14062312702,,,
13707,,Yokohama,,,GLP Ayase,5F Shinyokohama No. 3 Tosho Bldg,,BILL TO,222-0033,"KAMO Trading Co., Ltd.",Kanagawa-ken,,4,Distributor,cs-nwpl@nwpl-jp.com,impact@yk.rim.or.jp,,-10183,1900-01-01 02:58:00,Impact Trading - KAMO Umeda,0,No,795F2927-FF12-4727-9722-322B7E869737,0,Impact Trading Co. Ltd.,,720ABA9A-C438-EC11-839A-005056995B7E,0,Minnow,Minnow,0,Active,1,Active,,,,
13708,,Yokohama,,,GLP Ayase,5F Shinyokohama No. 3 Tosho Bldg,,BILL TO,222-0033,Lafino,Kanagawa-ken,,4,Distributor,cs-nwpl@nwpl-jp.com,impact@yk.rim.or.jp,,-10183,1900-01-01 02:58:00,Impact Trading - Lafino,0,No,795F2927-FF12-4727-9722-322B7E869737,0,Impact Trading Co. Ltd.,,,0,,,0,Active,1,Active,,,,
13709,,Yokohama,,,GLP Ayase,5F Shinyokohama No. 3 Tosho Bldg,,BILL TO,222-0033,Body Mapping,Kanagawa-ken,,4,Distributor,cs-nwpl@nwpl-jp.com,impact@yk.rim.or.jp,,-10183,1900-01-01 02:58:00,Impact Trading - Body Mapping,0,No,795F2927-FF12-4727-9722-322B7E869737,0,Impact Trading Co. Ltd.,,,0,,,0,Active,1,Active,,,,
13710,,Portland,,,,7435 SW Capitol Hwy,,MAIN,97219,,OR,,2,Clinic,donn.lifestyles@gmail.com,,,(503) 239-1694,1900-01-01 02:58:00,Lifestyles Physical Therapy,0,No,,0,,,,0,,,0,Active,1,Active,+15032353386,,,http://www.lifestylespt.com
13712,,Baton Rouge,,,Baton Rouge Foot Care,4630 Bluebonnet Blvd,,MAIN,70809,,LA,,1,Sole Practitioner,,brfcsurgery@outlook.com,,(225) 763-7773,1900-01-01 02:59:00,"Richardson, DPM/ Clif",0,No,,0,,,,0,,,0,Active,1,Active,+12257637770,,,
13713,,Yokohama,,,GLP Ayase,5F Shinyokohama No. 3 Tosho Bldg,,BILL TO,222-0033,Apple Yokohama,Kanagawa-ken,,2,Clinic,cs-nwpl@nwpl-jp.com,impact@yk.rim.or.jp,,-10183,1900-01-01 12:01:00,Impact Trading - Apple Yokahama,0,No,795F2927-FF12-4727-9722-322B7E869737,0,Impact Trading Co. Ltd.,,,0,,,0,Active,1,Active,,,,
13714,,Yokohama,,,GLP Ayase,5F Shinyokohama No. 3 Tosho Bldg,,BILL TO,222-0033,Shin Clinic,Kanagawa-ken,,2,Clinic,cs-nwpl@nwpl-jp.com,impact@yk.rim.or.jp,,-10183,1900-01-01 02:59:00,Impact Trading - Shin Clinic,0,No,795F2927-FF12-4727-9722-322B7E869737,0,Impact Trading Co. Ltd.,,,0,,,0,Active,1,Active,,,,
13715,,Lewiston,,,,"1630 23rd Ave, Ste 1001",,MAIN,83501,,ID,,1,Sole Practitioner,corybrowndpm@gmail.com,,,(208) 549-7278,1900-01-01 02:59:00,"Brown, DPM/ Cory A.",0,No,,0,,,,0,,,0,Active,1,Active,+12087439339,,,http://www.corybrowndpm.com
13716,,Quincy,,,,1065 Bucks Lake Rd.,,MAIN,95971,,CA,,3,Hospital,accountspayable@pdh.org,,,(530) 283-0674,1900-01-01 02:59:00,Plumas District Hospital,0,No,,0,,,,0,,,0,Active,1,Active,+15302837964,,,
13717,,Rapid City,,,,"811 East St Andrew St, Ste 1",,MAIN,57701,,SD,,1,Sole Practitioner,tomr134@gmail.com,,,(605) 653-2558,1900-01-01 02:59:00,"Ries, DPM/Tom",0,No,,0,,,,0,,,0,Active,1,Active,+16057191339,,,
13718,,Laval,,,,3333 100 Ave.,,MAIN,H7T 0G3,,QC,,2,Clinic,,anthonycareccia@gmail.com,,(450) 875-0929,1900-01-01 02:59:00,Clinique Podiatrique de Laval Inc.,0,No,,0,,,,0,,,0,Active,1,Active,+14506693772,,,http://www.Cliniquepodiatriquedelaval.com
13719,,Cleburne,,,,2010 W. Katherine P Raines Rd.,Suite 300,MAIN,76033,,TX,,2,Clinic,tmorgan@chisholmtrailorthopedics.com,bmooredpm@chisholmtrailorthopedics.com,,(817) 645-9845,1900-01-01 02:59:00,Chisholm Trail Orthopedics,0,No,,0,,,26D023B8-BD48-EC11-839A-005056995B7E,0,"Braden Moore, DPM","Braden Moore, DPM",0,Active,1,Active,+18175568387,,,https://www.chisholmtrailorthopedics.com/
13720,,San Bernardino,,,,"1762 N. Waterman Ave, #B",,MAIN,92404,,CA,,2,Clinic,tania@pacificcoastpodiatry.net,,,(909) 886-5542,1900-01-01 02:59:00,Pacific Coast Podiatry,0,No,,0,,,7D3B2CD5-7054-EC11-839A-005056995B7E,0,"Clayton Johnsen, DPM","Clayton Johnsen, DPM",0,Active,1,Active,+19098863668,,,https://www.pacificcoastpodiatry.net/
13721,,Katy,,,,21524 Kingsland Blvd,,MAIN,77450,,TX,,2,Clinic,,drsburdge@gmail.com,,(281) 829-1239,1900-01-01 02:59:00,Advanced Ankle & Foot,0,No,,0,,,,0,,,0,Active,1,Active,+12818299315,,,http://www.katyfoot.com
13722,,Bozeman,,,,"1125 W Kagy Blvd, #101",,MAIN,59715,,MT,,2,Clinic,,bozemanpodiatricclinic@gmail.com,,(406) 586-1635,1900-01-01 02:59:00,Bozeman Podiatric Clinic,0,No,,0,,,,0,,,0,Active,1,Active,+14065865318,,,http://bozemanpodiatricclinic.com
13723,,Bellaire,,,,5959 West Loop S,,MAIN,77401,,TX,,1,Sole Practitioner,drvanessabarrow@soleaesthetictx.com,,,(713) 666-8659,1900-01-01 02:59:00,"Sole Aesthetic, LLC",0,No,,0,,,,0,,,0,Active,1,Active,+17136669934,,,http://www.soleaesthetictx.com
13551,,Bellingham,,,,"2075 Barkley Blvd, Ste 220",,MAIN,98226,,WA,,2,Clinic,admin@nwfai.com,admin@nwfai.com,,(360) 933-4526,1900-01-01 02:45:00,Northwest Foot and Ankle Institute,0,No,,0,,,,0,,,0,Active,1,Active,+13609334813,,,http://northwestfai.com
13552,,Bad Vigaun,,,,Bretttsteinweg 191,,MAIN,5424,,Austria,,4,Distributor,info@more-hohensinn.com,franz@more-hohensinn.com,,,1900-01-01 02:45:00,More Hohensinn gmbH,0,No,,0,,,,0,,,0,Active,1,Active,,,,https://www.more-hohensinn.com/
13553,,Yokohama,,,GLP Ayase,5F Shinyokohama No. 3 Tosho Bldg,,BILL TO,222-0033,"Sudachi Co., Ltd",Kanagawa-ken,,4,Distributor,cs-nwpl@nwpl-jp.com,impact@yk.rim.or.jp,,-10183,1900-01-01 02:46:00,"Impact Trading - Sudachi Co., Ltd",0,No,795F2927-FF12-4727-9722-322B7E869737,0,Impact Trading Co. Ltd.,,,0,,,0,Active,1,Active,,,,
13555,,Muncie,,,Central Indiana Orthopedics,3600 W Bethel Ave,,MAIN,47304,,IN,,2,Clinic,deborah_robertson@ciocenter.com,matthew.dewitt@ciocenter.com,,(765) 751-1974,1900-01-01 02:46:00,OrthoAlliance of Indiana,0,No,,0,,,,0,,,0,Active,1,Active,+17652847738,,,https://ciocenter.com/
13556,,Indian Harbour Beach,,,,"2020 N Hwy A1A, Ste 101",,MAIN,32937,,FL,,2,Clinic,practicemanager@coastandsole.com,,,(321) 777-4788,1900-01-01 02:46:00,Coast & Sole Foot and Ankle Specialists,0,No,,0,,,,0,,,0,Active,1,Active,+13217774774,,,https://coastandsole.com/
13557,,Auburn,,,,"11720 Education St, Ste 5",,MAIN,95602,,CA,,2,Clinic,,,,(530) 823-9119,1900-01-01 02:46:00,Auburn/Grass Valley Orthopaedic Specialists,0,No,,0,,,,0,,,0,Active,1,Active,+15308859191,,,
13912,,Yokohama,,,GLP AYASE,5F Shinyokohama No. 3 Tosho Bldg,,BILL TO,222-0033,,Kanagawa-ken,,2,Clinic,cs-nwpl@nwpl-jp.com,impact@yk.rim.or.jp,,-10183,1900-01-01 03:14:00,Impact Trading - Shoemart Tsukubakenkyugakuen,0,No,795F2927-FF12-4727-9722-322B7E869737,0,Impact Trading Co. Ltd.,,,0,,,0,Active,1,Active,,,,
13913,,Yokohama,,,GLP AYASE,5F Shinyokohama No. 3 Tosho Bldg,,BILL TO,222-0033,,Kanagawa-ken,,2,Clinic,cs-nwpl@nwpl-jp.com,impact@yk.rim.or.jp,,-10183,1900-01-01 03:14:00,Impact Trading - Shoemart Koufusyouwa,0,No,795F2927-FF12-4727-9722-322B7E869737,0,Impact Trading Co. Ltd.,,,0,,,0,Active,1,Active,,,,
13914,,Wilmington,,,,1518 Portsmouth Place,,MAIN,28411,,NC,,1,Sole Practitioner,dockgb32@gmail.com,dockgb32@gmail.com,,,1900-01-01 03:14:00,"Kevin Bachman, DPM",0,No,,0,,,,0,,,0,Active,1,Active,+19102000600,,,http://www.summitpodiatry.com
13915,,Kingstree,,,,308 Logan Street,,MAIN,29556,,SC,,1,Sole Practitioner,blockosu@gmail.com,blockosu@gmail.com,,,1900-01-01 03:14:00,"Alan Block, DPM, MS",0,No,,0,,,,0,,,0,Active,1,Active,+16149757266,,,
13916,,Elwood,,,,1601 Main St,,BILL TO,46036,,IN,,2,Clinic,pamela.haig@rmpi.org,pamela.haig@rmpi.org,,(765) 319-0511,1900-01-01 03:14:00,The Robert Palmer MD Institute of BioMechanics,0,No,,0,,,,0,,,0,Active,1,Active,+13178723074,,,
13917,,Saint Joseph,,,"Pivotal Foot and Ankle Surgeons, LLC","1005 W St Maartens Dr, Ste A",,BILL TO,64506,,MO,,2,Clinic,nicole@pivotalfootandankle.com,nicole@pivotalfootandankle.com,,(816) 364-1003,1900-01-01 03:14:00,"Pivotal Foot and Ankle Surgeons, LLC",0,No,,0,,,,0,,,0,Active,1,Active,+18163642338,,,http://www.pivotalfootandankle.com
13918,,Toronto,,,Dr. Hartley Miltchin,"4430 Bathurst St, Ste. 503",,MAIN,M3H 3S3,,ON,,1,Sole Practitioner,doctortoe@aol.com,doctortoe@aol.com,,,1900-01-01 03:14:00,Accent On Feet,0,No,,0,,,,0,,,0,Active,1,Active,+18665358637,,,http://doctortoe@aol.com
13919,,Appleton,,,,"1301 E Northland Ave, Ste.B",,MAIN,54911,,WI,,2,Clinic,belen@newfootandankle.com,marilou@newfootandankle.com,,(920) 731-3729,1900-01-01 03:14:00,Northeast Wisconsin Foot and Ankle Associates,0,No,,0,,,,0,,,0,Active,1,Active,+19207025484,,,http://www.newfootandankle.com
13922,,Ladera Ranch,,,,"333 Corporate Dr, Ste 230",,BILL TO,92694,,CA,,2,Clinic,,rjspencer11@gmail.com,,(949) 364-9250,1900-01-01 03:15:00,Southern California Foot and Ankle Specialists - Orange,0,No,160C4FE1-E175-EF11-84FB-005056995B7E,0,Southern California Foot & Ankle Specialists,,,0,,,0,Active,1,Active,+19493649255,,,http://www.socalfootandankle.com
13309,,Sacramento,,,Capital Foot & Ankle,"3800 J St, Ste 200",,BILL TO,95816,,CA,,2,Clinic,,dradams@capitalfootankle.com,,(916) 454-4359,1900-01-01 02:27:00,"Ross, DPM/ Barbara E.",0,No,31690229-F213-DE11-86E0-0019B9B8224A,0,Capital Foot & Ankle,,,0,,,0,Active,1,Active,+19164538900,,,http://www.capitalfootankle.com/
13310,,Walnut Creek,,,,2625 Shadelands Dr,,BILL TO,94598,,CA,,2,Clinic,ap@goldenstateortho.com,,,(510) 486-2333,1900-01-01 02:27:00,Golden State Orthopedics & Spine,0,No,,0,,,,0,,,0,Active,1,Active,+15102381200,,,http://www.websterorthopedics.com
13317,,Yokohama,,,GLP Ayase,5F Shinyokohama No. 3 Tosho Bldg,,BILL TO,222-0033,Ishii Judo Clinic,Kanagawa-ken,,2,Clinic,cs-nwpl@nwpl-jp.com,impact@yk.rim.or.jp,,,1900-01-01 02:27:00,Impact Trading - Ishii Judo Clinic,0,No,795F2927-FF12-4727-9722-322B7E869737,0,Impact Trading Co. Ltd.,,,0,,,0,Active,1,Active,,,,
13318,,Yokohama,,,GLP Ayase,5F Shinyokohama No. 3 Tosho Bldg,,BILL TO,222-0033,Asago Fujii Orthopedic Clinic,Kanagawa-ken,,4,Distributor,cs-nwpl@nwpl-jp.com,impact@yk.rim.or.jp,,-10183,1900-01-01 02:27:00,Impact Trading - Asago Fujii Orthopedic Clinic,0,No,795F2927-FF12-4727-9722-322B7E869737,0,Impact Trading Co. Ltd.,,,0,,,0,Active,1,Active,,,,
13319,,Yokohama,,,GLP Ayase,5F Shinyokohama No. 3 Tosho Bldg,,BILL TO,222-0033,Fluriru Mukawa,Kanagawa-ken,,2,Clinic,cs-nwpl@nwpl-jp.com,impact@yk.rim.or.jp,,,1900-01-01 02:27:00,Impact Trading - Fluriru Mukawa,0,No,795F2927-FF12-4727-9722-322B7E869737,0,Impact Trading Co. Ltd.,,,0,,,0,Active,1,Active,,,,
13320,,Yokohama,,,GLP Ayase,5F Shinyokohama No. 3 Tosho Bldg,,BILL TO,222-0033,Itou Clinic,Kanagawa-ken,,2,Clinic,cs-nwpl@nwpl-jp.com,,,-10183,1900-01-01 02:27:00,Impact Trading - Itou Clinic,0,No,795F2927-FF12-4727-9722-322B7E869737,0,Impact Trading Co. Ltd.,,,0,,,0,Active,1,Active,,,,
13321,,Ridgecrest,United States,,,1081 N China Lake Blvd,,BILL TO,93555,.,CA,,,,box547603@gopayablesmailroom.com,george.rivello@rrh.org,,(760) 499-3249,1900-01-01 02:28:00,Ridgecrest Regional Hospital,0,No,,0,,,D802775D-A48D-E711-864D-005056995B7E,0,"George Rivello, DPM","George Rivello, DPM",0,Active,1,Active,+17604460121,,,
13222,,Pleasanton,,,,"3958 Valley Ave, Ste H",,BILL TO,94566,,CA,,,,invoices@totalcareortho.com,wes@restoreoandp.com,,(209) 408-8130,1900-01-01 02:21:00,Restore Orthotics and Prosthetics,0,No,,0,,,0F8B8AE1-0860-E611-868F-005056995B7E,0,Wes Eacret,Wes Eacret,0,Active,1,Active,+12098463148,,,http://restoreoandp.com
13223,,Issaquah,,,,"22510 SE 64th PL, Bldg F 120",,MAIN,98027,,WA,,,,,footandanklecenterkirkland@gmail.com,,(800) 554-8144,1900-01-01 02:21:00,The Foot and Ankle Center,0,No,,0,,,,0,,,0,Active,1,Active,+14259472880,,,http://www.issaquahpodiatrist.com
13224,,Portland,,,,506 NE 49th Ave,,MAIN,97213,,OR,,1,Sole Practitioner,,drjohn@barnesfootandankle.com,,,1900-01-01 02:21:00,Barnes Foot and Ankle,0,No,,0,,,,0,,,0,Active,1,Active,+15032972222,,,http://barnesfootandankle.com/
13908,,Lewistown,,,,408 Wendell Ave,,MAIN,59457,,MT,,2,Clinic,acctspayable@cmmccares.com,acauffman@cmmccares.com,,(406) 535-1529,,Central Montana Medical Center,0,No,,0,,,,0,,,0,Active,1,Active,+14065356268,,,http://www.cmmc.health
13909,,San Dimas,,,,627 E Foothill Blvd,,MAIN,91773,,CA,,2,Clinic,valley.orthopedic1@gmail.com,valley.orthopedic1@gmail.com,,,1900-01-01 03:14:00,Valley Orthopedic Medical Associates,0,No,,0,,,,0,,,0,Active,1,Active,+19095990881,,,http://www.valleyortho.net
13910,,Albert Lea,,,,1340 W Main St,,MAIN,56007,,MN,,2,Clinic,office@albertleachiropractic.com,office@albertleachiropractic.com,,(507) 377-7103,1900-01-01 03:14:00,Albert Lea Chiropractic & Massage,0,No,,0,,,,0,,,0,Active,1,Active,+15073773780,,,http://www.albertleachiropractic.com
13911,,New York,,,,"385 5th Ave, Ste.1410",,MAIN,10016,,NY,,2,Clinic,danny@arkfoot.com,danny@arkfoot.com,,(212) 504-8237,,"Ark Podiatry Group, PLLC",0,No,,0,,,,0,,,0,Active,1,Active,+12122846868,,,
13404,,Rocklin,,,,PO Box 2288,,BILL TO,95677,,CA,,2,Clinic,,drcwilkes@hotmail.com,,(916) 435-5231,1900-01-01 02:34:00,"Wilkes, DPM/ Craig",0,No,,0,,,,0,,,0,Active,1,Active,+19164355200,,,http://www.drcwilkes.com
13405,,Durango,,,.,"575 Rivergate Ln, Ste 105",,BILL TO,81301,,CO,,2,Clinic,accountspayable@animasfootandankle.com,,,(844) 270-1483,1900-01-01 02:34:00,Animas Foot and Ankle,0,No,,0,,,,0,,,0,Active,1,Active,+15053262255,,,
13406,,Norwood,United States,,,PO Box 997,,BILL TO,81423,,CO,,,,dougavery51@gmail.com,,,,1900-01-01 02:34:00,"Avery, PT/ Douglas",0,No,,0,,,9D6B6BDA-EB47-E811-87E7-005056995B7E,0,"Doug Avery, PT","Doug Avery, PT",0,Active,1,Active,+19703270161,,,
13407,,Raleigh,,,,3801 Wake Forest Rd  Ste 100,,MAIN,27069,,NC,,,,accountspayable@footandankle-usa.com,,,(314) 965-1296,1900-01-01 02:35:00,Mid-West Podiatry Associates,0,No,,0,,,,0,,,0,Active,1,Active,+13148218855,,,http://www.missourifootcare.com/
13408,,Springfield,United States,,,PO Box 10386,,BILL TO,65808,,MO,,2,Clinic,apinvoices@mercy.net,evan.lord@mercy.net,,,1900-01-01 02:35:00,Mercy Therapy Services,0,No,C1E16459-F8FA-DE11-AF67-000C29EC1EE3,0,Mercy Clinic Springfield Communities,,59A204A6-0C4F-E811-87E7-005056995B7E,0,"Evan Lord, DPT","Evan Lord, DPT",0,Active,1,Active,+14178202160,,,http://www.mercy.net
13409,,Frankfort,,,,"5 Physicians Park Dr, Ste 3",,MAIN,40601,,KY,,2,Clinic,frankfortfoot@yahoo.com,frijokeo@yahoo.com,,(502) 227-4442,1900-01-01 02:35:00,Frankfort Foot Clinic,0,No,,0,,,CD68DD5F-E34F-E811-87E7-005056995B7E,0,"John Fricker, DPM","John Fricker, DPM",0,Active,1,Active,+15022277569,,,http://www.frankfortfootclinic.com/
13410,,Port Townsend,,,,343 43rd St,,MAIN,98368,,WA,,1,Sole Practitioner,sarahg59@gmail.com,sarahg59@gmail.com,,,1900-01-01 02:35:00,Physical Therapy Consulting,0,No,,0,,,,0,,,0,Active,1,Active,+13605311144,,,
13411,,Portland,,,,9310 SE Stark St,,MAIN,97216,,OR,,2,Clinic,,cascade205pt@gmail.com,,(503) 255-1560,1900-01-01 02:35:00,Cascade 205 Orthopedic & Sports PT,0,No,,0,,,49FBCAFB-BA53-E811-87E7-005056995B7E,0,"Julie McAllister, MSPT","Julie McAllister, MSPT",0,Active,1,Active,+15032551500,,,http://pdxpt.com
13414,,Tinley Park,,,,8906 Golden Pheasant Dr,,MAIN,60487,,IL,,,,,,,,1900-01-01 02:35:00,"Morreale, DPM/ Phillip",0,No,,0,,,,0,,,0,Active,1,Active,+17089044080,,,
13283,,Yakima,,,,"210 S 72nd Ave, Ste 130",,BILL TO,98908,,WA,,2,Clinic,,rjacobs@taipt.com,,(509) 453-2057,1900-01-01 02:26:00,Therapeutic Assoc.-West Valley Physical Therapy,0,No,,0,,,,0,,,0,Active,1,Active,+15094533103,,,http://www.therapeuticassociates.com
13284,,Chico,,,,9 Governors Ln,,MAIN,95926,,CA,,2,Clinic,bertha@elitebiomechanicaldesign.com,mike@elitebiomechanicaldesign.com,,(530) 894-6915,1900-01-01 02:26:00,Elite Biomechanical Design,0,No,,0,,,,0,,,0,Active,1,Active,+15308946913,,,http://www.elitebiomechanicaldesign.com
13286,,Temple,,,Prosthetic & Sensory Aides Service,1901 S 1st St,Bldg 163,BILL TO,76504,Prosthetics Treatment Center (674/121),TX,,3,Hospital,tam@nwpodiatric.com,,,(512) 823-4478,1900-01-01 02:26:00,VA/ Central Texas Health Care System,0,No,,0,,,,0,,,0,Active,1,Active,+12547432149,,,
13288,,Binghamton,,,,PO BOX 5215,,BILL TO,13902,,NY,,2,Clinic,ap@nyuhs.org,pat_kazmark@uhs.org,,(607) 763-5140,1900-01-01 02:26:00,United Health Services Podiatry,0,No,5CF66C8D-4B67-DF11-B50C-000C29EC1EE3,0,United Health Services Podiatry,,,0,,,0,Active,1,Active,+16077635071,,,http://www.uhs.net/?id=505&sid=1
13488,,Milford,,,,518 Route 6 & 209,,MAIN,18337,,PA,,2,Clinic,,footfracture@gmail.com,,(855) 495-0993,1900-01-01 02:41:00,Frankel Foot and Ankle Center,0,No,,0,,,,0,,,0,Active,1,Active,+15704090123,,,https://frankelfoot.com/
13623,,Boscobel,,,,205 Parker St,,MAIN,53805,,WI,,3,Hospital,,,,(608) 375-6230,1900-01-01 02:51:00,Gundersen Boscobel Area Hospital and Clinics,0,No,,0,,,,0,,,0,Active,1,Active,+16083756266,,,http://www.gundersenhealth.org/boscobel/hospital/
13625,,San Antonio,,,,"4007 McCullough, Ste. 486",,BILLING,78212,,TX,,2,Clinic,,athomefootcaresatx@gmail.com,,(210) 598-7278,1900-01-01 02:52:00,"At Home Foot Care, PLLC",0,No,,0,,,,0,,,0,Active,1,Active,+12108522427,,,
13793,,Forest Hills,,,,6310 108th ST,,MAIN,11375,,NY,,2,Clinic,,surgerypod@aol.com,,(718) 896-3088,1900-01-01 03:03:00,"Mehl, DPM / David C.",0,No,,0,,,,0,,,0,Active,1,Active,+17188961650,,,
13794,,Miami,,,,"7500 NW 25 St, Ste 112",,MAIN,33122,,FL,,2,Clinic,angeloze08@gmail.com,drblanco31@gmail.com,,(866) 525-2269,1900-01-01 03:03:00,"Blanco, DPM / Christopher J.",0,No,,0,,,715B813E-FB2D-ED11-8A82-005056995B7E,0,"Christopher Blanco, DPM","Christopher Blanco, DPM",0,Active,1,Active,+13052642632,,,https://www.blancofootcare.com/
13795,,Corvallis,,,,"6735 SW Country Club Dr, Ste 104",,MAIN,97333,,OR,,2,Clinic,thriverehabpt@outlook.com,thriverehabpt@outlook.com,,(541) 243-5771,1900-01-01 03:03:00,Thrive Physical Therapy,0,No,,0,,,,0,,,0,Active,1,Active,+15412435770,,,http://thriverehabpt.com
13796,,Columbus,United States,,,1151 W 5th Ave,,MAIN,43212,,OH,,2,Clinic,bhern@amerortho.com,,,(614) 291-2874,1900-01-01 03:03:00,American Orthopedics,0,No,,0,,,A5565A74-9530-ED11-8A82-005056995B7E,0,John Watroba,John Watroba,0,Active,1,Active,+16142916454,,,http://www.amerortho.com
13797,,Mandeville,,,,224 Coffee St,,MAIN,70448,,LA,,1,Sole Practitioner,,qkenneth@bellsouth.net,,,1900-01-01 13:04:00,"Quick, DPM / Kenneth (personal acct)",0,No,,0,,,,0,,,0,Active,1,Active,+19856301557,,,
13798,,Yokohama,,,Rideal,GLP Ayase,,BILL TO,222-0033,,Kanagawa-ken,,2,Clinic,cs-nwpl@nwpl-jp.com,impact@yk.rim.or.jp,,-10183,1900-01-01 03:03:00,Impact Trading - Rideal,0,No,795F2927-FF12-4727-9722-322B7E869737,0,Impact Trading Co. Ltd.,,,0,,,0,Active,1,Active,,,,
13799,,Rexburg,,,,PO Box 848,,BILL TO,83440,,ID,,2,Clinic,accounts.payable@madisonhealth.org,eric.barton@madisonhealth.org,,(208) 286-4647,1900-01-01 03:03:00,Madison Foot and Ankle,0,No,,0,,,,0,,,0,Active,1,Active,+12083591400,,,https://madisonhealth.org/
13800,,Yokohama,,,GLP Ayase,5F Shinyokohama No. 3 Tosho Bldg,,BILL TO,222-0033,Neutralworks  Ebisu,Kanagawa-ken,,2,Clinic,cs-nwpl@nwpl-jp.com,impact@yk.rim.or.jp,,-10183,1900-01-01 03:03:00,Impact Trading - Neutralworks Ebisu,0,No,795F2927-FF12-4727-9722-322B7E869737,0,Impact Trading Co. Ltd.,,,0,,,0,Active,1,Active,,,,
13801,,Ferndale,United States,,,"3055 Hilton Rd, Ste C",,MAIN,48220,,MI,,2,Clinic,rita@advantagefoot.com,info@advantagefoot.com,,(248) 965-2912,1900-01-01 03:04:00,Advantage Foot & Ankle Specialists,0,No,,0,,,36E2B4DD-474B-ED11-8A82-005056995B7E,0,"Jonathan Leach, C.O., C.Ped","Jonathan Leach, C.O., C.Ped",0,Active,1,Active,+12489652927,,,
13802,,Yokohama,,,GLP Ayase,5F Shinyokohama No. 3 Tosho Bldg,,BILL TO,222-0033,Shoemart Sanjyo,Kanagawa-ken,,2,Clinic,cs-nwpl@nwpl-jp.com,impact@yk.rim.or.jp,,-10183,1900-01-01 03:04:00,Impact Trading - Shoemart Sanjyo,0,No,795F2927-FF12-4727-9722-322B7E869737,0,Impact Trading Co. Ltd.,,,0,,,0,Active,1,Active,,,,
13803,,Pueblo,,,,21 Montebello Rd,,MAIN,81001,,CO,,2,Clinic,,itrpt@comcast.net,,(719) 546-0039,1900-01-01 19:13:00,"Institute for Total Rehabilitation, LLC",0,No,,0,,,,0,,,0,Active,1,Active,+17195460037,,,http://itrpt.com
13804,,Roseville,,,Sutter Health Palo Alto Medical Foundation,Attn: Danik Sumisaki,PO Box 619110,BILL TO,95661,,CA,,2,Clinic,s3vendorinvoices@sutterhealth.org.,megan.ishibashi@sutterhealth.org,,(650) 853-2912,,"PAMF - Ishibashi, DPM/ Megan",0,No,82BA8F2E-90FC-DE11-AF67-000C29EC1EE3,0,Sutter Health - PAMF,,,0,,,0,Active,1,Active,+16508532986,,,https://www.sutterhealth.org/pamf/services/podiatric
13805,,Somers,,,,PO Box 532,,BILL TO,10589,,NY,,1,Sole Practitioner,,johnnyodpm@yahoo.com,,(914) 276-3807,1900-01-01 03:04:00,Somers Podiatry,0,No,,0,,,94BF52CE-F859-ED11-8A82-005056995B7E,0,"John M. O'Hanlon, DPM","John M. O'Hanlon, DPM",0,Active,1,Active,+19142763718,,,https://www.armonksomerspodiatry.com/
13538,,Aptos,United States,,,9500 Soquel Dr  #A,,MAIN,95003,,CA,,2,Clinic,drtea@pacificpointpodiatry.com,drtea@pacificpointpodiatry.com,,(831) 288-3405,1900-01-01 02:44:00,"Pacific Point Podiatry, Inc.",0,No,,0,,,313A7479-91A2-E911-8AFE-005056995B7E,0,"Tea Nguyen, DPM","Tea Nguyen, DPM",0,Active,1,Active,+18317081110,,,https://831feet.com/
13539,,Yokohama,,,GLP Ayase,5F Shinyokohama No. 3 Tosho Bldg,,BILL TO,222-0033,"Nanbu Co., Ltd",Kanagawa-ken,,4,Distributor,cs-nwpl@nwpl-jp.com,impact@yk.rim.or.jp,,-10183,1900-01-01 02:44:00,"Impact Trading - Nanbu Co., Ltd",0,No,795F2927-FF12-4727-9722-322B7E869737,0,Impact Trading Co. Ltd.,,,0,,,0,Active,1,Active,,,,
13540,,Roseville,,,Sutter Health Palo Alto Medical Foundation,ATTN: Danik Sumisaki,,BILL TO,95661,,CA,,2,Clinic,s3vendorinvoices@sutterhealth.org,,,(650) 652-8701,1900-01-01 02:44:00,"PAMF - Lawrence M. Oloff, DPM",0,No,82BA8F2E-90FC-DE11-AF67-000C29EC1EE3,0,Sutter Health - PAMF,,,0,,,0,Active,1,Active,+16506527060,,,https://www.sutterhealth.org/pamf/services/podiatric
13541,,Grandville,,,,PO Box 164,,BILL TO,49418,,MI,,2,Clinic,,grandvillefootandankle@gmail.com,,(616) 534-0801,1900-01-01 02:44:00,Grandville Foot and Ankle P.C.,0,No,,0,,,,0,,,0,Active,1,Active,+16165343920,,,https://www.grandvillefootcare.com/
13542,,Yokohama,,,GLP Ayase,5F Shinyokohama No. 3 Tosho Bldg,,BILL TO,222-0033,BiNI Nerima,Kanagawa-ken,,4,Distributor,cs-nwpl@nwpl-jp.com,impact@yk.rim.or.jp,,-10183,1900-01-01 02:44:00,Impact Trading - BiNI Nerima,0,No,795F2927-FF12-4727-9722-322B7E869737,0,Impact Trading Co. Ltd.,,,0,,,0,Active,1,Active,,,,
13543,,Vacaville,,,,"600 Nut Tree Rd, Ste 110",,MAIN,95687,,CA,,2,Clinic,sarahlmina@gmail.com,s.mina@integrativefootandankle.com,,(707) 241-4117,1900-01-01 02:45:00,Integrative Foot and Ankle Center,0,No,,0,,,,0,,,0,Active,1,Active,+17072414116,,,http://www.integrativefootandankle.com
13544,,Corvallis,,,,2865 NW 29th St,,BILL TO,97330,,OR,,2,Clinic,,,,(541) 286-4485,1900-01-01 02:45:00,"Oregon Physical Therapy at Timberhill, LLC",0,No,,0,,,,0,,,0,Active,1,Active,+15035286864,,,http://orphysicaltherapy.com
13459,,Yokohama,,,GLP Ayase,5F Shinyokohama No. 3 Tosho Bldg,,BILL TO,222-0033,Fukuoka Wajiro Hospital,Kanagawa-ken,,2,Clinic,cs-nwpl@nwpl-jp.com,impact@yk.rim.or.jp,,-10183,1900-01-01 02:39:00,Impact Trading - Fukuoka Wajiro Hospital,0,No,795F2927-FF12-4727-9722-322B7E869737,0,Impact Trading Co. Ltd.,,,0,,,0,Active,1,Active,,,,
13460,,Wooster,United States,,,"365 Riffel Rd, Ste A",,MAIN,44691,,OH,,2,Clinic,,jeffrey.wunning@gmail.com,,(330) 345-7793,1900-01-01 02:39:00,Foot & Ankle Center of Ohio,0,No,,0,,,9627EF43-B3B6-E811-8B00-005056995B7E,0,"Jeanna Fascione, DPM","Jeanna Fascione, DPM",0,Active,1,Active,+13303455500,,,http://www.footankledr.com/
13461,,Tustin,United States,,,"17400 Irvine Blvd, Ste H",,MAIN,92780,,CA,,,,,podiatrists@sbcglobal.net,,(714) 832-0554,1900-01-01 02:39:00,Tustin Podiatry Clinic,0,No,,0,,,764290E3-85B7-E811-8B00-005056995B7E,0,"Charles Baik, DPM","Charles Baik, DPM",0,Active,1,Active,+17148327212,,,https://www.tustinpodiatryclinic.com/
13462,,Barton,,,,69 Truesdale Rd,,BILL TO,13734,,NY,,,,,,,,1900-01-01 02:39:00,"Nichols, DPM/ Shari (personal acct)",0,No,,0,,,,0,,,0,Active,1,Active,+16077728772,,,
13421,,Polson,,,,"48901 Hwy 93, Ste B",,MAIN,59860,,MT,,1,Sole Practitioner,,lanesboots@hotmail.com,,,1900-01-01 02:36:00,Lane's Boot & Shoe Repair,0,No,,0,,,,0,,,0,Active,1,Active,+14068835263,,,
13422,,Omaha,United States,,,3346 N 108th St,,MAIN,68164,,NE,,,,jennan@midplainspodiatry.com,midplainspodiatry@gmail.com,,(402) 315-4343,1900-01-01 02:36:00,Mid Plains Podiatry PC,0,No,,0,,,9969E3AE-EC64-E811-8C18-005056995B7E,0,"Nathan Penney, DPM","Nathan Penney, DPM",0,Active,1,Active,+14023154344,,,http://mid-plainspodiatry.com/
13423,,Los Angeles,,,,"266 S. Harvard Blvd, Ste 370",,MAIN,90004,,CA,,2,Clinic,,ryudpm@gmail.com,,(213) 947-1688,1900-01-01 02:36:00,LA Family Foot & Ankle,0,No,,0,,,0A59E72B-DC68-E811-8C18-005056995B7E,0,"Serra Ryu, DPM","Serra Ryu, DPM",0,Active,1,Active,+12133524320,,,
13424,,Yokohama,,,GLP Ayase,5F Shinyokohama No. 3 Tosho Bldg,,BILL TO,222-0033,Misono Shinkyuin,Kanagawa-ken,,2,Clinic,cs-nwpl@nwpl-jp.com,impact@yk.rim.or.jp,,-10183,1900-01-01 02:36:00,Impact Trading - Misono Shinkyuin,0,No,795F2927-FF12-4727-9722-322B7E869737,0,Impact Trading Co. Ltd.,,,0,,,0,Active,1,Active,,,,
13678,,Spokane,,,,4815 N Assembly St.,,MAIN,99205,,WA,,200000,VA,,,,(509) 434-7107,1900-01-01 02:56:00,VA/ Mann-Granstaff VA Medical Center,0,No,,0,,,,0,,,0,Active,1,Active,+15094347726,,,https://www.spokane.va.gov/services/podiatry.asp
13679,,Pismo Beach,,,Five Cities Foot Clinic,"911 Oak Park Blvd, Ste 106",,MAIN,93449,,CA,,2,Clinic,,byroncollierdpm@5cfa.org,,(805) 481-9199,1900-01-01 02:56:00,"Collier, DPM/ Byron",0,No,1E90B736-8323-4FA2-89C4-871D6F5D9574,0,Five Cities Foot Clinic,,,0,,,0,Active,1,Active,+18052452466,,,http://www.fivecitiesfootclinic.com
13680,,La Canada,,,,"1346 Foothill Blvd, Ste 101",,MAIN,91011,,CA,,1,Sole Practitioner,,dscpt.lc@gmail.com,,(818) 790-9732,1900-01-01 02:56:00,DSC Physical Therapy Inc,0,No,,0,,,,0,,,0,Active,1,Active,+18187903001,,,http://www.dscpt.com
13681,,Kennewick,United States,,,8200 Gage Blvd,,MAIN,99336,,WA,,2,Clinic,annen@bfsa.com,derrickm502@gmail.com,,(509) 586-2525,1900-01-01 02:56:00,Benton Franklin Orthopedic Associates,0,No,,0,,,44ABB3D8-7DBD-EB11-8E52-005056995B7E,0,"Derrick McKay, DPM","Derrick McKay, DPM",0,Active,1,Active,+15095862828,,,https://bfoaonline.com/
13682,,Griffin,,,,730 S 8th St.,,MAIN,30224,,GA,,2,Clinic,ashli@hensonfoot.com,mhenson@hensonfoot.com,,(770) 228-5769,1900-01-01 02:57:00,Field Foot & Ankle Clinic,0,No,,0,,,,0,,,0,Active,1,Active,+17702286644,,,https://www.fieldfootandankle.com/
13683,,Sioux Falls,,,,3534 S. Western Ave.,,MAIN,57105,,SD,,1,Sole Practitioner,,fmfoas@gmail.com,,(605) 274-0139,1900-01-01 02:57:00,Fit My Feet Orthotics & Shoes,0,No,,0,,,,0,,,0,Active,1,Active,+16052749994,,,http://www.fitmyfeet.com
13250,,Salt Lake City,,,VA SLC HCS (660/121),500 Foothill Blvd,,MAIN,84148,,UT,,200000,VA,,,,(801) 588-5917,1900-01-01 02:23:00,VA/ Salt Lake City VA Medical Center (640/121),0,No,,0,,,,0,,,0,Active,1,Active,+18015821565,,,
13251,,Cudahy,,,,4614 S Packard Ave,,MAIN,53110,,WI,,1,Sole Practitioner,,jfishstore@hotmail.com,,(414) 449-1987,1900-01-01 02:23:00,"Fischer, DPM/ Jeffrey",0,No,,0,,,5D284B1D-49D8-E611-8EB1-005056995B7E,0,"Jeffrey A. Fischer, DPM","Jeffrey A. Fischer, DPM",0,Active,1,Active,+14144493338,+14144491987,,http://www.fischerpodiatry.com/
13252,,Fort Worth,,,,1712 Pennsylvania Ave,,MAIN,76104,,TX,,,,,footdocsorok@gmail.com,,(817) 877-5782,1900-01-01 02:23:00,"Sorokolit Podiatry, PLLC",0,No,,0,,,1B683FDA-4DD8-E611-8EB1-005056995B7E,0,"Mike Sorokolit, DPM","Mike Sorokolit, DPM",0,Active,1,Active,+18178775781,,,https://www.sorokolitpodiatry.com/home.html
13253,,Dallas,,,"Extremity Healthcare, Inc.",PO Box 108,,BILL TO,30132,,GA,,2,Clinic,apayable@vpcenters.com,,,(770) 932-2752,1900-01-01 02:23:00,"Village Podiatry Centers, P.C.",0,No,00B6100E-ACB5-DD11-8B3E-0019B9B8224A,0,"Village Podiatry Centers, P.C.",,,0,,,0,Active,1,Active,+17706145554,,,http://www.villagepodiatrycenters.com/location/village-podiatry-at-canton/
13255,,Massapequa,,,Island Family Medicine PC,20 Unqua Rd,,MAIN,11758,,NY,,1,Sole Practitioner,,handz32@aol.com,,(631) 789-8505,1900-01-01 02:24:00,"Ferrara, DO/ Catherine",0,No,,0,,,,0,,,0,Active,1,Active,+15165904475,,,http://www.drferrarasoffice.com
13258,,Bellingham,,,,"520 Birchwood Ave, Ste A",,MAIN,98225,,WA,,2,Clinic,marianne@bhamfac.com,nathan@larsondpm.com,,(360) 676-8941,1900-01-01 02:24:00,Bellingham Foot and Ankle Clinic,0,No,,0,,,09CFE374-FFF9-E611-8EB1-005056995B7E,0,"Nathan Larson, DPM","Nathan Larson, DPM",0,Active,1,Active,+13607343668,,,http://www.bellinghamfootandankle.com/
13259,,Naples,,,,"1333 3rd Ave S, Ste 504",,MAIN,34102,,FL,,2,Clinic,,kellymalinoski@gmail.com,,(239) 260-5183,1900-01-01 02:24:00,"Malinoski, DPM/ Kelly",0,No,,0,,,,0,,,0,Active,1,Active,+12392605181,,,http://www.podiatristofnaples.com
13634,,Yokohama,,,GLP Ayase,5F Shinyokohama No. 3 Tosho Bldg,,BILL TO,222-0033,Shoemart Footcare,Kanagawa-ken,,2,Clinic,cs-nwpl@nwpl-jp.com,impact@yk.rim.or.jp,,-10183,1900-01-01 02:52:00,Impact Trading - Shoemart Footcare,0,No,795F2927-FF12-4727-9722-322B7E869737,0,Impact Trading Co. Ltd.,,,0,,,0,Active,1,Active,,,,
13635,,Plymouth,,,,144 Highland Street,,MAIN,3264,,NH,,2,Clinic,,info@lakepodiatry.com,,(603) 536-1056,1900-01-01 02:52:00,"Lake Podiatry, P.A.",0,No,,0,,,,0,,,0,Active,1,Active,+16035364563,,,http://www.lakepodiatry.com
13636,,Vancouver,,,,"601 SE 117th Ave, Ste 240",,MAIN,98683,,WA,,2,Clinic,,ankleandfootps@gmail.com,,(888) 568-4875,1900-01-01 02:52:00,Ankle and Foot Physicians and Surgeons,0,No,,0,,,,0,,,0,Active,1,Active,+13605242979,,,http://www.ankleandfootphysicians.com/
13637,,Scottsdale,,,,9070 E. Desert Cove Ave.,,MAIN,85260,,AZ,,2,Clinic,,info@arizonafootdoctors.com,,(480) 661-4834,1900-01-01 02:53:00,Arizona Foot Doctors,0,No,,0,,,,0,,,0,Active,1,Active,+14806617572,,,
13638,,Snoqualmie,,,,34627 SE Swenson Drive #101,,MAIN,98065,,WA,,2,Clinic,,colyn.nouv@gmail.com,,(425) 434-3024,1900-01-01 22:27:00,Snoqualmie Foot and Ankle Clinic,0,No,,0,,,,0,,,0,Active,1,Active,+14254344851,,,http://SnoqualmieFootandAnkleClinic.com
13639,,San Francisco,,,,"1700 Beach Street, Apt. 103",,BILLING,94123,,CA,,1,Sole Practitioner,,megan.e.hom@gmail.com,,(415) 353-6594,1900-01-01 02:53:00,Orthopedic & Sports Medicine at Saint Francis Memorial Hospital,0,No,,0,,,,0,,,0,Active,1,Active,+14158579542,,,
13640,,Hackensack,,,Foot & Ankle Therapy,"20 Prospect Ave, Ste 803",,BILLING,7601,,NJ,,2,Clinic,,anklefootdoc@optonline.net,,(201) 488-9292,1900-01-01 02:53:00,Fort Lee Podiatry,0,No,,0,,,,0,,,0,Active,1,Active,+12014883668,,,
13641,,Miami,,,,1201 NW 16th St,,BILL TO,33125,,FL,,200000,VA,,,,,1900-01-01 02:54:00,VA/ Miami VA Medical Center,0,No,,0,,,,0,,,0,Active,1,Active,+17869565374,,,
13642,,Yokohama,,,GLP Ayase,5F Shinyokohama No. 3 Tosho Bldg,,BILL TO,222-0033,Complex Field No.1,Kanagawa-ken,,2,Clinic,cs-nwpl@nwpl-jp.com,impact@yk.rim.or.jp,,-10183,1900-01-01 02:54:00,Impact Trading - Complex Field No.1,0,No,795F2927-FF12-4727-9722-322B7E869737,0,Impact Trading Co. Ltd.,,,0,,,0,Active,1,Active,,,,
13644,,Naples,,,,"3466 Pine Ridge Road, Ste A",,MAIN,34109,,FL,,2,Clinic,,mmarchionni@jointreplacementinstitute.net,,(239) 262-5633,1900-01-01 02:54:00,Joint Replacement Institute,0,No,,0,,,,0,,,0,Active,1,Active,+12392612663,,,http://jointinstitutefl.com
13645,,Yokohama,,,GLP Ayase,5F Shinyokohama No. 3 Tosho Bldg,,BILL TO,222-0033,Shoemart Maebashiyoshioka,Kanagawa-ken,,4,Distributor,cs-nwpl@nwpl-jp.com,impact@yk.rim.or.jp,,-10183,1900-01-01 02:54:00,Impact Trading - Shoemart Maebashiyoshioka,0,No,795F2927-FF12-4727-9722-322B7E869737,0,Impact Trading Co. Ltd.,,,0,,,0,Active,1,Active,,,,
13646,,Yokohama,,,GLP Ayase,5F Shinyokohama No. 3 Tosho Bldg,,BILL TO,222-0033,Complex Field No. 2,Kanagawa-ken,,2,Clinic,cs-nwpl@nwpl-jp.com,impact@yk.rim.or.jp,,-10183,1900-01-01 02:54:00,Impact Trading - Complex Field No. 2,0,No,795F2927-FF12-4727-9722-322B7E869737,0,Impact Trading Co. Ltd.,,,0,,,0,Active,1,Active,,,,
13647,,Broomfield,,,,16542 Prospect Lane,,MAIN,80023,,CO,,2,Clinic,bw@catalystptandwellness.com,bw@catalystptandwellness.com,,(619) 501-2176,1900-01-01 02:54:00,"Catalyst Physical Therapy & Wellness, Inc",0,No,,0,,,,0,,,0,Active,1,Active,+18587528423,,,http://www.catalystptandwellness.com
13648,,New Braunfels,,,,1524 N. Walnut Ave.,,MAIN,78130,,TX,,2,Clinic,office@nbpodiatry.com,jmorris@nbpodiatry.com,,(830) 625-1672,1900-01-01 02:54:00,New Braunfels Podiatry Assoc.,0,No,,0,,,,0,,,0,Active,1,Active,+18306251642,,,http://nbpodiatry.com
13649,,Houston,,,,"1900 North Loop W, Ste 180",,MAIN,77018,,TX,,2,Clinic,rebecca.w@thvmg.com,rebecca.w@thvmg.com,,(877) 559-7682,1900-01-01 02:54:00,Houston Cardiothoracic & Vein Surgeons,0,No,,0,,,,0,,,0,Active,1,Active,+12818880809,,,http://THVMG.com
13650,,Yokohama,,,GLP Ayase,5F Shinyokohama No. 3 Tosho Bldg,,BILL TO,222-0033,Kikuchi Clinic,Kanagawa-ken,,2,Clinic,cs-nwpl@nwpl-jp.com,impact@yk.rim.or.jp,,-10183,1900-01-01 02:55:00,Impact Trading - Kikuchi Clinic,0,No,795F2927-FF12-4727-9722-322B7E869737,0,Impact Trading Co. Ltd.,,,0,,,0,Active,1,Active,,,,
13651,,Yokohama,,,GLP Ayase,5F Shinyokohama No. 3 Tosho Bldg,,BILL TO,222-0033,REWAHL,Kanagawa-ken,,2,Clinic,cs-nwpl@nwpl-jp.com,impact@yk.rim.or.jp,,-10183,1900-01-01 02:55:00,Impact Trading - REWAHL,0,No,795F2927-FF12-4727-9722-322B7E869737,0,Impact Trading Co. Ltd.,,,0,,,0,Active,1,Active,,,,
13652,,Gilbert,,,,3336 E. Chandler Heights Rd.,,MAIN,85298,,AZ,,1,Sole Practitioner,,corttney@sunvalleyfoot.com,,(408) 245-7028,1900-01-01 02:55:00,Sun Valley Foot and Ankle,0,No,,0,,,,0,,,0,Active,1,Active,+14082457027,,,http://sunvalleyfoot.com
13492,,Sacramento,,,Capital Foot & Ankle,"3800 J St, Ste 200",,MAIN,95816,,CA,,,,,rppetty@me.com,,(916) 782-3490,1900-01-01 02:41:00,"Petty, DPM/ Raymond",0,No,31690229-F213-DE11-86E0-0019B9B8224A,0,Capital Foot & Ankle,,,0,,,0,Active,1,Active,+19167823444,,,http://www.capitalfootankle.com/
13493,,Sacramento,,,Capital Foot & Ankle,"3800 J St, Ste 200",,MAIN,95816,,CA,,2,Clinic,,jkinchsulardpm@gmail.com,,(916) 782-3490,1900-01-01 02:41:00,"Kinchsular, DPM/ James J.",0,No,31690229-F213-DE11-86E0-0019B9B8224A,0,Capital Foot & Ankle,,,0,,,0,Active,1,Active,+19167823444,,,http://www.capitalfootankle.com/
13494,,Akron,,,,895 Home Ave,,MAIN,44310,,OH,,5,Other,evan@stridelite.net,mhouskamrl@aol.com,,,1900-01-01 02:41:00,Medical Resources Limited,0,No,,0,,,,0,,,0,Active,1,Active,+13305354700,,,http://stridelite.net
13495,,Yokohama,,,GLP Ayase,5F Shinyokohama No. 3 Tosho Bldg,,BILL TO,222-0033,Kur,Kanagawa-ken,,2,Clinic,cs-nwpl@nwpl-jp.com,impact@yk.rim.or.jp,,-10183,1900-01-01 02:41:00,Impact Trading - Kur,0,No,795F2927-FF12-4727-9722-322B7E869737,0,Impact Trading Co. Ltd.,,,0,,,0,Active,1,Active,,,,
13496,,Eugene,United States,,,"825 W 7th Ave, Ste A",,MAIN,97402,,OR,,1,Sole Practitioner,,dr.jerry1986@gmail.com,,(541) 484-2128,1900-01-01 02:41:00,Forever Fit Chiropractic,0,No,,0,,,334C345F-C32F-E911-91FE-005056995B7E,0,"Jerry Evans, DC","Jerry Evans, DC",0,Active,1,Active,+15414842225,,,http://www.foreverfitchiropractic.com
13497,,Salisbury,,,,"560 Riverside Dr, Ste A101",,MAIN,21801,,MD,,2,Clinic,,dr.kevinthomas@yahoo.com,,,1900-01-01 02:41:00,"Thomas, DPM PC/ Kevin",0,No,,0,,,,0,,,0,Active,1,Active,+14107490121,,,http://www.delmarvapodiatry.com
13498,,Yokohama,,,Shiroshita Yaegaki Clinic,GLP Ayase,5F Shinyokohama No. 3 Tosho Bldg,BILL TO,222-0033,,Kanagawa-ken,,2,Clinic,cs-nwpl@nwpl-jp.com,impact@yk.rim.or.jp,,-10183,1900-01-01 02:41:00,Impact Trading - Shiroshita Yaegaki Clinic,0,No,795F2927-FF12-4727-9722-322B7E869737,0,Impact Trading Co. Ltd.,,,0,,,0,Active,1,Active,,,,
13398,,Gassville,,,,248 County Road 1173,,MAIN,72635,,AR,,,,,ozarkdox@hotmail.com,,(870) 430-2031,1900-01-01 02:33:00,"Marston, DPM/ Ben",0,No,,0,,,,0,,,0,Active,1,Active,+18704054428,,,
13399,,Corona,,,,"1881 California Ave, Ste 102",,MAIN,92881,,CA,,2,Clinic,,,,,1900-01-01 02:33:00,"Morrison, DPM/ Norris",0,No,,0,,,,0,,,0,Active,1,Active,+17602424149,,,
13400,,Manteno,United States,,,2825 W Division St,,MAIN,60950,.,IL,,2,Clinic,,primary@prairierockclinic.com,,,1900-01-01 02:34:00,Prairie-Rock Foot & Ankle,0,No,,0,,,F8A0D530-7737-E811-9274-005056995B7E,0,"Elizabeth Hofmeister, DPM","Elizabeth Hofmeister, DPM",0,Active,1,Active,+18154687117,,,http://www.prairierockclinic.com
13401,,Fairbanks,,,,"1405 Kellum St, Ste 200",,MAIN,99701,,AK,,2,Clinic,,info@fairbanksfootandankle.com,,(907) 452-6256,1900-01-01 02:34:00,"Fairbanks Foot & Ankle, Inc.",0,No,,0,,,,0,,,0,Active,1,Active,+19074519202,,,http://fairbanksfootandankle.com
13402,,Bayside,,,,PO Box 610406,,BILL TO,11361,,NY,,,,,greaterqueenspodiatry@hotmail.com,,(718) 717-0275,1900-01-01 02:34:00,Greater Queens Podiatry PLLC,0,No,,0,,,,0,,,0,Active,1,Active,+17182290222,,,http://www.greaterqueenspodiatry.com/
13403,,Camas,,,,19813 SE 4th Way,,MAIN,98607,,WA,,1,Sole Practitioner,,drdbr@comcast.net,,,1900-01-01 02:34:00,"Rutan, Douglas B. (personal acct)",0,No,,0,,,,0,,,0,Active,1,Active,+13609032567,,,
13724,,Yokohama,,,GLP Ayase,5F Shinyokohama No. 3 Tosho Bldg,,BILL TO,222-0033,Osada Clinic,Kanagawa-ken,,2,Clinic,cs-nwpl@nwpl-jp.com,impact@yk.rim.or.jp,,-10183,1900-01-01 03:00:00,Impact Trading - Osada Clinic,0,No,795F2927-FF12-4727-9722-322B7E869737,0,Impact Trading Co. Ltd.,,,0,,,0,Active,1,Active,,,,
13725,,Yokohama,,,GLP Ayase,5F Shinyokohama No. 3 Tosho Bldg,,BILL TO,222-0033,Fuuki,Kanagawa-ken,,4,Distributor,cs-nwpl@nwpl-jp.com,impact@yk.rim.or.jp,,-10183,1900-01-01 03:00:00,Impact Trading - Fuuki,0,No,795F2927-FF12-4727-9722-322B7E869737,0,Impact Trading Co. Ltd.,,,0,,,0,Active,1,Active,,,,
13726,,Upland,,,Foot and Ankle Center,"984 W Foothill Blvd, #B",,MAIN,91786,,CA,,2,Clinic,helen@drtepper.com,jdtdpm@aol.com,,(909) 920-9810,1900-01-01 03:00:00,"Tepper, DPM/ Jan D.",0,No,,0,,,A9605B2D-C861-EC11-939A-005056995B7E,0,"Jan D. Tepper, DPM","Jan D. Tepper, DPM",0,Active,1,Active,+19099200884,,,https://inlandfootandankle.com/
13727,,Akron,,,,3593 S. Arlington Road,Suite C,BILL TO,44312,,OH,,1,Sole Practitioner,,dctrkim13@aol.com,,(330) 899-1057,1900-01-01 03:00:00,"Premier Foot & Ankle Care, LLC",0,No,,0,,,,0,,,0,Active,1,Active,+13308991051,,,https://www.premierdpm.com/
13728,,Lexington,,,,"2700 Old Rosebud Rd, Ste 110",,MAIN,40509,,KY,,2,Clinic,rob@lexpodiatry.com,drfreels@lexpodiatry.com,,(859) 264-1963,1900-01-01 03:00:00,Lexington Podiatry,0,No,,0,,,,0,,,0,Active,1,Active,+18592641141,,,http://www.lexingtonkypodiatry.com
13380,,East Patchogue,,,,"285 Sills Rd Bldg 15, Ste D",,MAIN,11772,,NY,,2,Clinic,,eastpatpodiatry@yahoo.com,,(631) 654-8250,,Suffolk Foot and Ankle,0,No,,0,,,,0,,,0,Active,1,Active,+16316545566,,,http://suffolkfootandankle.com/
13381,,Middlebury,,,,1218 Painter Rd,,MAIN,5753,,VT,,,,,millerp63@gmail.com,,,1900-01-01 02:32:00,"Miller, DPM/ Peter A (Personal Acct)",0,No,,0,,,,0,,,0,Active,1,Active,+18023887296,,,
13382,,San Diego,United States,,,"1333 Camino Del Rio S, Ste 103",,MAIN,92108,,CA,,2,Clinic,aw@catalystptandwellness.com,,,(619) 501-2176,1900-01-01 02:32:00,Catalyst Physical Therapy and Wellness,0,No,,0,,,AB61F281-27EB-E711-93DC-005056995B7E,0,"Brian Wilson, PT","Brian Wilson, PT",0,Active,1,Active,+16195012195,,,https://catalystptandwellness.com/
13383,,Portland,,,,10837 SW 118th Ct,,MAIN,97223,,OR,,1,Sole Practitioner,,jansonholm@gmail.com,,,1900-01-01 02:32:00,"Holm, DPM/ Janson (personal acct)",0,No,,0,,,,0,,,0,Active,1,Active,+15035684315,,,
13196,,Fort Worth,,,Trinity Foot & Ankle Specialists,"5801 Oakbend Trl, Ste 140",,MAIN,76132,,TX,,2,Clinic,,gajaryga@aol.com,,(817) 763-9385,1900-01-01 02:20:00,"Jaryga, DPM/ Gregory A.",0,No,8700B64A-E312-E611-955C-005056995B7E,0,Trinity Foot & Ankle Specialists,,,0,,,0,Active,1,Active,+18173467481,,,https://www.trinityfootandankle.com/
13198,,Winter Haven,,,"Gessler Clinic, P.A.",635 1st St N,,MAIN,33881,,FL,,2,Clinic,,,,(863) 298-3566,1900-01-01 02:20:00,"Koon, DPM/ James",0,No,56AE5029-AF17-E611-955C-005056995B7E,0,"Gessler Clinic, P.A.",,,0,,,0,Active,1,Active,+18632983270,,,http://www.gesslerclinic.com
13199,,La Quinta,,,"Ryan Walter Wood, DPM, INC","79405 Hwy 111, Ste 9-162",,MAIN,92253,,CA,,2,Clinic,,woodpodiatry@gmail.com,,(760) 501-8719,1900-01-01 02:20:00,"Wood, DPM/ Ryan",0,No,,0,,,,0,,,0,Active,1,Active,+17605018552,,,
13200,,Pullman,,,,835 SE Bishop Blvd,,BILL TO,99163,Attn:  Accounts Payable,WA,,3,Hospital,invoices@pullmanregional.org,,,(509) 332-7412,1900-01-01 02:20:00,Pullman Regional Hospital,0,No,,0,,,,0,,,0,Active,1,Active,+15094326608,,,https://pullmanregional.org/patient-care/summit-therapy
13205,,Colton,,,,PO Box 28,,BILL TO,99113,,WA,,,,badgerbraces@hotmail.com,badgerbraces@hotmail.com,,,1900-01-01 02:21:00,Badger Braces LLC,0,No,,0,,,,0,,,0,Active,1,Active,+15094326608,,,http://badgeranklebraces.com
13810,,Carmichael,,,,5931 Stanley Ave.   Ste. 4,,MAIN,95608,,CA,,2,Clinic,olympicfootandankle@yahoo.com,olympicfootandankle@yahoo.com,,(916) 244-7631,1900-01-01 03:04:00,Olympic Foot and Ankle,0,No,,0,,,,0,,,0,Active,1,Active,+19162447630,,,http://www.olympicfootandankle.com
13812,,Gatesville,,,,1507 W. Main St,,MAIN,76528,,TX,,3,Hospital,cindy.lowry@coryellhealth.org,,,,1900-01-01 03:04:00,Coryell Health,0,No,,0,,,,0,,,0,Active,1,Active,+12542486302,,,http://www.coryellhealth.org
13813,,Yokohama,,,,"1F  2F  1-8-2 Azamino, Aoba-ku",,BILL TO,225-0011,Kai Orthopedic Surgery,Kanagawa,,2,Clinic,cs-nwpl@nwpl-jp.com,impact@yk.rim.or.jp,,-10183,1900-01-01 03:04:00,Impact Trading - Kai Orthopedic Surgery,0,No,795F2927-FF12-4727-9722-322B7E869737,0,Impact Trading Co. Ltd.,,,0,,,0,Active,1,Active,,,,
13814,,Iiyama,,,,2226 Iiyama,,BILL TO,389-2253,Healing space Zen,Nagano,,2,Clinic,cs-nwpl@nwpl-jp.com,impact@yk.rim.or.jp,,-10183,1900-01-01 03:05:00,Impact Trading - Healing space Zen,0,No,795F2927-FF12-4727-9722-322B7E869737,0,Impact Trading Co. Ltd.,,,0,,,0,Active,1,Active,,,,
13815,,Hachinohe,,,,1F  1-9-1Oroshi center,,BILL TO,039-1121,School Shop HASHIBUN,Aomori,,2,Clinic,cs-nwpl@nwpl-jp.com,impact@yk.rim.or.jp,,-10183,1900-01-01 03:05:00,Impact Trading - School Shop HASHIBUN,0,No,795F2927-FF12-4727-9722-322B7E869737,0,Impact Trading Co. Ltd.,,,0,,,0,Active,1,Active,,,,
13363,,Milwaukee,,,,5000 W National Ave,,MAIN,53295,,WI,,200000,VA,,william.weis@va.gov,,(414) 382-5138,1900-01-01 02:31:00,VA/ Milwaukee (695/121),0,No,,0,,,24E69BE2-D5B9-E711-95F4-005056995B7E,0,"William Weis, DPM","William Weis, DPM",0,Active,1,Active,+14143842000,,,https://www.milwaukee.va.gov/providerinfo/index.asp
13364,,Vancouver,,,,"16111 SE McGillivray Blvd, Ste A",,MAIN,98683,,WA,,2,Clinic,,jjmaj@aol.com,,(360) 604-9293,1900-01-01 02:31:00,"Majerus & Co. Physical Therapy, PC",0,No,,0,,,A0E165DC-63BB-E711-95F4-005056995B7E,0,"John Majerus, PT","John Majerus, PT",0,Active,1,Active,+13602534020,,,http://majeruspt.com
13366,,Baton Rouge,,,ATTENTION:  MEDY MANUEL,"5438 O'Donovan Dr, Ste 100",,MAIN,70808,,LA,,2,Clinic,,,,,1900-01-01 02:31:00,Life Fitness Therapy,0,No,,0,,,,0,,,0,Active,1,Active,+12257690818,,,http://www.lifefitnesstherapy.com/
13367,,Des Plaines,,,"Louis A. Sorto Jr, DPM","770 Lee St, Ste 101",,MAIN,60016,,IL,,2,Clinic,,,,(847) 298-0891,1900-01-01 02:31:00,Podiatry Associates,0,No,,0,,,2B376D38-FEBF-E711-95F4-005056995B7E,0,"Louis Sorto, DPM","Louis Sorto, DPM",0,Active,1,Active,+18472985252,,,
13368,,Yokohama,,,GLP Ayase,5F Shinyokohama No. 3 Tosho Bldg,,BILL TO,222-0033,Kamibayashi Orthopedic Clinic,Kanagawa-ken,,2,Clinic,cs-nwpl@nwpl-jp.com,impact@yk.rim.or.jp,,-10183,1900-01-01 02:31:00,Impact Trading - Kamibayashi Orthopedic Clinic,0,No,795F2927-FF12-4727-9722-322B7E869737,0,Impact Trading Co. Ltd.,,,0,,,0,Active,1,Active,,,,
13369,,Yokohama,,,GLP Ayase,5F Shinyokohama No. 3 Tosho Bldg,,BILL TO,222-0033,Sendai Nakajiki Center,Kanagawa-ken,,2,Clinic,cs-nwpl@nwpl-jp.com,impact@yk.rim.or.jp,,-10183,1900-01-01 02:31:00,Impact Trading - Sendai Nakajiki Center,0,No,795F2927-FF12-4727-9722-322B7E869737,0,Impact Trading Co. Ltd.,,,0,,,0,Active,1,Active,,,,
13567,,Massillon,,,,169 25th St SE,,BILL TO,44646,,OH,,5,Other,,sales@greycelllab.com,,,1900-01-01 02:46:00,Grey Cell Biomechanics Lab,0,No,,0,,,,0,,,0,Active,1,Active,+18002237376,,,
13568,,Seminole,,,,11990 N Highway 99,,MAIN,74868,,OK,,5,Other,,surefootingorthotics@yahoo.com,,,1900-01-01 02:46:00,"Sure Footing Orthotics, LLC",0,No,,0,,,,0,,,0,Active,1,Active,+17605839517,,,
13569,,Raleigh,,,,"3801 Wake Forest Rd, Ste 100",,BILL TO,27609,,NC,,2,Clinic,accountspayable@footandankle-usa.com,kmarleonard@gmail.com,,(717) 620-8397,1900-01-01 02:46:00,Foot & Ankle Specialists of Central PA/FASMA,0,No,,0,,,278A9819-BDF1-E911-9753-005056995B7E,0,"Karen M. Leonard, DPM","Karen M. Leonard, DPM",0,Active,1,Active,+17176208225,,,https://footandanklespecialistsofcentralpa.com/
13570,,Oklahoma City,,,,10205 Stoneham Ave,,MAIN,73120,,OK,,2,Clinic,drlaurel@gmail.com,drlaurel@gmail.com,,,1900-01-01 02:46:00,Estrella Mountain Podiatry,0,No,,0,,,,0,,,0,Active,1,Active,+14055349600,,,http://mylife.com.py
13571,,Bloomington,,,,7920 12th Ave S,,MAIN,55425,,MN,,5,Other,,kreegs05@aol.com,,,1900-01-01 02:46:00,Promet Inc,0,No,,0,,,,0,,,0,Active,1,Active,+19528140225,,,
13572,,Littleton,,,CHI Accounts Payable Support Center,PO Box 636000,,BILL TO,80163,,CO,,2,Clinic,apinvoice@catholichealth.net,chadfarley@chifranciscan.org,,(253) 274-7994,1900-01-01 02:46:00,Franciscan Foot & Ankle Associates-Canyon Rd,0,No,07AA5A2C-0C02-DF11-8291-000C29EC1EE3,0,Catholic Health Initiatives,,,0,,,0,Active,1,Active,+12532747504,,,http://CHIFranciscan.org
13573,,Yokohama,,,GLP Ayase,5F Shinyokohama No. 3 Tosho Bldg,,BILL TO,222-0033,Shoemart Kokubuueda,Kanagawa-ken,,2,Clinic,cs-nwpl@nwpl-jp.com,impact@yk.rim.or.jp,,-10183,1900-01-01 02:47:00,Impact Trading - Shoemart Kokubuueda,0,No,795F2927-FF12-4727-9722-322B7E869737,0,Impact Trading Co. Ltd.,,,0,,,0,Active,1,Active,,,,
13574,,Sterling,United States,,,"46090 Lake Center Plz, Ste 204",,BILL TO,20165,,VA,,2,Clinic,sterlingfac@gmail.com,sterlingfac@gmail.com,,(703) 563-2716,1900-01-01 02:47:00,Sterling Foot and Ankle Center,0,No,,0,,,3C1F499B-FAFF-E911-9753-005056995B7E,0,"Samuel Thomas Gray, DPM","Samuel Thomas Gray, DPM",0,Active,1,Active,+19172380909,+17035632716,,http://www.sterlingfootandankle.com
13575,,Overland Park,United States,,,"4601 W 109th St, Ste 314",,MAIN,66211,,KS,,2,Clinic,,foxhillfootclinic@gmail.com,,(913) 364-1160,1900-01-01 02:47:00,"The Foot Clinic, LLC",0,No,,0,,,7CE7D19C-0D00-EA11-9753-005056995B7E,0,"Ali Davis, DPM","Ali Davis, DPM",0,Active,1,Active,+19133641314,,,https://www.dralidavis.com/
13576,,Sandy,United,,,37569 Hwy 26,,BILL TO,97055,,OR,,2,Clinic,,officemanager@elitefaor.com,,,1900-01-01 02:47:00,Elite Foot & Ankle,0,No,,0,,,,0,,,0,Active,1,Active,+12083167728,,,http://www.elitefaor.com
13577,,San Francisco,United States,,,2477 Chestnut St,,MAIN,94123,,CA,,,,,marinapodiatry2477@gmail.com,,(415) 921-0771,1900-01-01 02:47:00,"Linam, DPM, APC/ Mark S.",0,No,,0,,,89076517-FC0A-EA11-9753-005056995B7E,0,"Mark S. Linam, DPM","Mark S. Linam, DPM",0,Active,1,Active,+14159211922,,,
13578,,New York,,,"Brian Fanno, DPM","469 7th Ave, Ste 601",,MAIN,10018,,NY,,2,Clinic,,empirefootcareny@gmail.com,,,1900-01-01 02:47:00,Empire Foot Care & Surgery,0,No,,0,,,,0,,,0,Active,1,Active,+19179604023,,,
13684,,Chico,,,,1806 Foundation Ln,,MAIN,95928,,CA,,1,Sole Practitioner,practicemanager@northstatefootandankle.com,chandra@northstatefootandankle.com,,(530) 894-5771,1900-01-01 02:57:00,Northstate Foot and Ankle Specialists,0,No,,0,,,,0,,,0,Active,1,Active,+15308913338,,,
13685,,Yokohama,,,GLP Ayase,5F Shinyokohama No. 3 Tosho Bldg,,BILL TO,222-0033,Ohno Shinryoujyo,Kanagawa-ken,,4,Distributor,cs-nwpl@nwpl-jp.com,impact@yk.rim.or.jp,,-10183,1900-01-01 02:57:00,Impact Trading - Ohno Shinryoujyo,0,No,795F2927-FF12-4727-9722-322B7E869737,0,Impact Trading Co. Ltd.,,,0,,,0,Active,1,Active,,,,
13686,,Niagara Falls,,,,2119 Sawyer Dr.,,MAIN,14304,,NY,,2,Clinic,,cspinesports@gmail.com,,(716) 731-4343,1900-01-01 02:57:00,Spine & Sports Care of Niagara,0,No,,0,,,,0,,,0,Active,1,Active,+17167313100,,,https://www.sscniagara.com/
13687,,Santa Ana,,,,3409 W MacArthur Blvd,,MAIN,92704,,CA,,5,Other,nancy@imageorthopedic.com,,,,1900-01-01 02:57:00,Image Orthopedic Lab,0,No,,0,,,,0,,,0,Active,1,Active,+18779678469,,,http://www.imageorthopedic.com
13689,,Wilmington,,,,2106 Silverside Rd,,MAIN,19810,,DE,,2,Clinic,aboycebpo@gmail.com,jsk@falcidian.com,,(302) 478-8717,1900-01-01 02:57:00,Brandywine Podiatry-Silverside,0,No,A6DC183E-B9E4-EB11-9842-005056995B7E,0,Brandywine Podiatry,,,0,,,0,Active,1,Active,+13024788099,,,http://www.brandywinepodiatry.com
13691,,Bear,,,,"121 Becks Woods Dr, Ste 201",,MAIN,19701,,DE,,2,Clinic,,jsk@falcidian.com,,(302) 595-4085,1900-01-01 02:57:00,Brandywine Podiatry-Becks Woods,0,No,A6DC183E-B9E4-EB11-9842-005056995B7E,0,Brandywine Podiatry,,,0,,,0,Active,1,Active,+13025954077,,,http://www.brandywinepodiatry.com
13693,,Dover,,,,"1113 S State St, Ste 201",,MAIN,19901,,DE,,2,Clinic,,jsk@falcidian.com,,(302) 735-9812,1900-01-01 02:57:00,Brandywine Podiatry-Banning,0,No,A6DC183E-B9E4-EB11-9842-005056995B7E,0,Brandywine Podiatry,,,0,,,0,Active,1,Active,+13027359811,,,http://www.brandywinepodiatry.com
13695,,Georgetown,,,,21725 Roth Ave,,MAIN,19947,,DE,,2,Clinic,,jsk@falcidian.com,,(302) 858-4542,1900-01-01 02:57:00,Brandywine Podiatry-West Laurel,0,No,A6DC183E-B9E4-EB11-9842-005056995B7E,0,Brandywine Podiatry,,,0,,,0,Active,1,Active,+13025790100,,,http://www.brandywinepodiatry.com
13696,,Renton,,,,433 SW 41st St,,MAIN,98057,,WA,,2,Clinic,officemanager@valleyfootandankle.org,,,(425) 271-1488,1900-01-01 02:57:00,Valley Foot and Ankle,0,No,,0,,,9B0E6C2B-53EA-EB11-9842-005056995B7E,0,"Christopher Robertson, DPM","Christopher Robertson, DPM",0,Active,1,Active,+14252265656,,,http://www.valleyfootandankle.org
13697,,Novato,United States,,,"165 Rowland Way, Ste 206",,MAIN,94945,,CA,,2,Clinic,,drmarino@footprince.com,,(415) 892-3475,1900-01-01 02:57:00,"Marino, DPM/ Vincent C.",0,No,,0,,,928ED425-F5EE-EB11-9842-005056995B7E,0,"Vince Marino, DPM","Vince Marino, DPM",0,Active,1,Active,+14158989818,,,https://footprince.com/
13698,,Irving,,,,"2120 N Macarthur Blvd, Ste 100",,MAIN,75061,,TX,,2,Clinic,melynn.fanning@precisionorthosports.com,melynn.fanning@precisionorthosports.com,,(214) 260-0982,1900-01-01 02:58:00,Precision Orthopedics and Sports Medicine,0,No,,0,,,,0,,,0,Active,1,Active,+19724384636,,,http://www.precisionorthosports.com
13626,,Orange Park,,,,"1532 Kingsley Ave, Ste.106",,MAIN,32073,,FL,,2,Clinic,,footpaindoctorsofjax@gmail.com,,(904) 580-5835,1900-01-01 02:52:00,Foot Pain Doctors of Jacksonville,0,No,,0,,,,0,,,0,Active,1,Active,+19043291391,,,https://footpaindoctorsofjax.com
13627,,Huntington,,,,181 Main St Suite 207,,MAIN,11743,,NY,,2,Clinic,angelac@advancedfootcare.com,,,(631) 427-5595,1900-01-01 02:52:00,Advanced Podiatry - Huntington,0,No,1DC55BDF-F780-DD11-A456-0019B9B8224A,0,Advanced Podiatry,,,0,,,0,Active,1,Active,+16314273678,,,http://www.lifootcare.com/
13628,,Huntington,,,,181 Main St,,BILL TO,11743,,NY,,2,Clinic,,apomaspeth@gmail.com,,,1900-01-01 02:52:00,Advanced Podiatry - Maspeth,0,No,1DC55BDF-F780-DD11-A456-0019B9B8224A,0,Advanced Podiatry,,,0,,,0,Active,1,Active,+17187479250,,,http://www.lifootcare.com/
13629,,Huntington,,,,181 Main St,,BILL TO,11743,,NY,,2,Clinic,,,,,1900-01-01 02:52:00,Advanced Podiatry - Woodbury,0,No,1DC55BDF-F780-DD11-A456-0019B9B8224A,0,Advanced Podiatry,,F95C9BC2-FACD-EA11-990B-005056995B7E,0,"Joseph Distefano, DPM","Joseph Distefano, DPM",0,Active,1,Active,+15165441722,,,http://www.lifootcare.com/
13630,,Manhasset,,,,2110 Northern Blvd Suite 208,,BILL TO,11030,,NY,,2,Clinic,,,,(516) 484-4229,1900-01-01 02:52:00,Advanced Podiatry - Manhasset,0,No,1DC55BDF-F780-DD11-A456-0019B9B8224A,0,Advanced Podiatry,,,0,,,0,Active,1,Active,+15168693300,,,http://www.lifootcare.com/
13631,,Granbury,,,,1008 Paluxy Rd,,MAIN,76048,,TX,,2,Clinic,,,,(817) 573-7471,1900-01-01 02:52:00,Family Foot Care,0,No,,0,,,,0,,,0,Active,1,Active,+18175737178,,,http://familyfootcaretx.com
13632,,Billings,United States,,,1104 N 32nd St,,MAIN,59101,,MT,,2,Clinic,support@summitpodmt.com,summitpodmt@gmail.com,,,1900-01-01 02:52:00,"Summit Podiatry, PLLC",0,No,,0,,,A62385B4-82D2-EA11-990B-005056995B7E,0,"Bijan Andrade, DPM","Bijan Andrade, DPM",0,Active,1,Active,+18014196206,,,http://www.summitpodmt.com
13633,,Naples,,,Foot & Ankle Management Group,"681 Goodlette Rd N, Ste 160",,MAIN,34102,,FL,,2,Clinic,info@footandanklemgmt.com,,,(239) 263-8435,1900-01-01 02:52:00,"Garcia, DPM Christina",0,No,A7AB7040-1262-EE11-9AFF-005056995B7E,0,Foot & Ankle Management Group,,,0,,,0,Active,1,Active,+12392630200,,,http://www.footandanklemgmt.com
13232,,Traverse City,,,,"10161 E Pickwick Ct, Ste E",,MAIN,49684,,MI,,2,Clinic,,drjeff@greatlakesfoot.com,,(231) 935-8801,1900-01-01 02:22:00,Great Lakes Foot & Ankle Specialists,0,No,,0,,,,0,,,0,Active,1,Active,+12319358800,,,http://www.greatlakesfoot.com/
13665,,Camas,,,,405 NE 6th Ave,,Bill To,98607,,WA,,2,Clinic,assistant@cloverpodiatry.com,tfish@cloverpodiatry.com,,(360) 524-7847,1900-01-01 02:56:00,"Clover Podiatry, PLLC",0,No,,0,,,60244623-7C5A-EB11-9984-005056995B7E,0,"Tek Fish, DPM","Tek Fish, DPM",0,Active,1,Active,+13604506644,,,http://cloverpodiatry.com
13666,,Richmond,,,,360-7031 Wesminster Hwy,,MAIN,V6X 1A3,,BC,,1,Sole Practitioner,,jeremy.jung4@gmail.com,,(604) 278-4508,1900-01-01 02:56:00,"Jung DPM, Jeremy",0,No,,0,,,,0,,,0,Active,1,Active,+16046550025,,,
13667,,Monsey,,,,36 Hilltop Place,,MAIN,10952,,NY,,4,Distributor,solkan@optimum.net,solkan@optimum.net,,(845) 352-2657,1900-01-01 22:35:00,Sole Connections,0,No,,0,,,0ACEB933-A470-EB11-9984-005056995B7E,0,Sol Kandel,Sol Kandel,0,Active,1,Active,+18453560574,,,
13668,,Roseau,,,,715 Delmore Dr.,,MAIN,56751,,MN,,2,Clinic,elarson@lifecaremc.com,awibbels@lifecaremc.com,,(218) 463-4782,1900-01-01 02:56:00,Life Care Medical Center,0,No,,0,,,3E5F915D-F575-EB11-9984-005056995B7E,0,"Amber Wibbels, DPM","Amber Wibbels, DPM",0,Active,1,Active,+12184632500,,,https://lifecaremedicalcenter.org/team/amber-wibbels-dpm/
13669,,Vancouver,,,PeaceHealth St Joseph Medical Ctr/Accts Payable,"1115 SE 164th Ave, Suite 332",,BILL TO,98683,,WA,,1,Sole Practitioner,phinvoiceonly@peacehealth.org,jeffgrayfit@gmail.com,,(360) 676-7471,1900-01-01 02:56:00,PeaceHealth Wound Healing Center,0,No,E85CF90B-8908-E011-BBF0-000C29EC1EE3,0,PeaceHealth St Joseph Medical Center,,,0,,,0,Active,1,Active,+13607887733,,,https://www.peacehealth.org/st-joseph/services/center-for-rehabilitation
13670,,Spencerport,,,,24 West Ave,,MAIN,14559,,NY,,1,Sole Practitioner,,spencerportpodiatry@gmail.com,,(585) 352-5218,1900-01-01 02:56:00,Spencerport Podiatry,0,No,,0,,,,0,,,0,Active,1,Active,+15853525211,,,
13671,,Yokohama,,,GLP Ayase,5F Shinyokohama No. 3 Tosho Bldg,,BILL TO,222-0033,Complex Field No. 3,Kanagawa-ken,,2,Clinic,cs-nwpl@nwpl-jp.com,impact@yk.rim.or.jp,,-10183,1900-01-01 02:56:00,Impact Trading - Complex Field No. 3,0,No,795F2927-FF12-4727-9722-322B7E869737,0,Impact Trading Co. Ltd.,,,0,,,0,Active,1,Active,,,,
13849,,Yokohama,,,GLP Ayase,5F Shinyokohama No. 3 Tosho Bldg,,BILL TO,222-0033,Private Salon SPAZIO,Kanagawa-ken,,4,Distributor,cs-nwpl@nwpl-jp.com,impact@yk.rim.or.jp,,-10183,1900-01-01 03:07:00,Impact Trading - Private Salon SPAZIO,0,No,795F2927-FF12-4727-9722-322B7E869737,0,Impact Trading Co. Ltd.,,,0,,,0,Active,1,Active,,,,
13850,,Lake Charles,,,,501 Dr. Michael DeBakey Drive,Attn Podiatry,MAIN,70601,,LA,,,,accountspayable@imperialhealth.com,cromero@imperialhealth.com,,(337) 312-8121,1900-01-01 03:07:00,"Imperial Health, LLP",0,No,,0,,,,0,,,0,Active,1,Active,+13373128120,,,https://www.imperialhealth.com/services/podiatry/
13851,,Mount Dora,,,,3651 Lake Center Drive,,Main,32757,Alisa,FL,,2,Clinic,24health.sales@gmail.com,,,(352)385-9159,1900-01-01 03:07:00,Mount Dora Podiatry and Wound Care Specialists,0,No,,0,,,,0,,,0,Active,1,Active,+13523859156,,,
13852,,Tamarac,,,,8307 N Pine Island Rd,,Main,33321,,FL,,2,Clinic,,dryori@personalpodiatry.com,,(954) 721-3772,1900-01-01 03:07:00,"Personal Podiatry Associates, PA",0,No,,0,,,,0,,,0,Active,1,Active,+19547213411,,,http://www.personalpodiatry.com
13853,,Nicholasville,,,,208 Normandy Court,,MAIN,40356,,KY,,2,Clinic,kenneyorthogroupinc@bill.com,,,,1900-01-01 04:46:00,Kenney Orthopedics,0,No,,0,,,,0,,,0,Active,1,Active,+18592411015,,,http://www.kenneyorthopedics.com
13854,,Holland,,,,904 S Washington,Ste 130,BILL TO,49423,,MI,,1,Sole Practitioner,jank@hollandfoot.com,,,,1900-01-01 03:07:00,Holland Foot & Ankle Ctrs,0,No,8DC61C7F-4617-DF11-988D-000C29EC1EE3,0,Holland Foot & Ankle Centers,,,0,,,0,Active,1,Active,+16167381300,,,https://www.hollandfootandankle.com/
13855,,Arkansas City,,,,6401 Patterson Pkwy,,MAIN,67005,,KS,,2,Clinic,ap@sckrmc.org,matthewd@sckrmc.org,,(620) 441-5953,1900-01-01 03:08:00,SCK Health Specialty Clinic,0,No,,0,,,D186CD00-313D-EE11-9AFF-005056995B7E,0,"Matthew Doxey, DPM","Matthew Doxey, DPM",0,Active,1,Active,+16204422500,,,https://sckhealth.org/locations/sck-specialty-clinic
13856,,Sacramento,,,,2443 Fair Oaks Blvd,,BILL TO,95825,,CA,,,,jaymest@norcalorthoassociates.com,jaymest@norcalorthoassociates.com,,(916) 273-4638,1900-01-01 03:08:00,Northern California Orthopaedic Assoc,0,No,,0,,,,0,,,0,Active,1,Active,+19165126262,,,http://www.norcalorthoassociates.com
13857,,Yokohama,,,GLP Ayase,SF Shinyokohama No. 3 Tosho Bldg,,BILL TO,222-0033,Sona Ina,Kanagawa-ken,,2,Clinic,cs-nwpl@nwpl-jp.com,impact@yk.rim.or.jp,,-10183,1900-01-01 03:08:00,Impact Trading - Sona Ina,0,No,795F2927-FF12-4727-9722-322B7E869737,0,Impact Trading Co. Ltd.,,,0,,,0,Active,1,Active,,,,
13858,,Yokohama,,,GLP Ayase,5F Shinyokohama No. 3 Tosho Bldg,,BILL TO,222-0033,,Kanagawa-ken,,4,Distributor,cs-nwpl@nwpl-jp.com,impact@yk.rim.or.jp,,81+467-84-9713,1900-01-01 03:08:00,"Impact Trading - Casane Co, LTD",0,No,795F2927-FF12-4727-9722-322B7E869737,0,Impact Trading Co. Ltd.,,,0,,,0,Active,1,Active,,,,
13859,,Fort Worth,,,,"923 College Ave, Ste. 101",,BILL TO,76104,,TX,,2,Clinic,rlaw@txosa.com,rlaw@txosa.com,,(877) 409-3962,1900-01-01 03:09:00,Texas Orthopedic and Spine Associates,0,No,,0,,,,0,,,0,Active,1,Active,+18176974038,,,http://www.txosa.com
13860,,North Logan,,,,2310 N 400 E,,MAIN,84341,,UT,,2,Clinic,accounting@alpineortho.com,,,(435) 787-1913,1900-01-01 03:09:00,Alpine Orthopaedic Specialists,0,No,,0,,,,0,,,0,Active,1,Active,+14357748504,,,http://www.alpineortho.com
13861,,Mount Lawley,,,,19A Guildford Rd,,BILL TO,6050,,Perth,,1,Sole Practitioner,helas61@hotmail.com,orthocare@westnet.com-au,,,1900-01-01 03:09:00,Western Foot Surgery & Podiatry,0,No,,0,,,,0,,,0,Active,1,Active,+61405035717,,,
13862,,Naples,,,Foot & Ankle Management Group,"681 Goodlette Rd N, Ste 160",,MAIN,34102,,FL,,2,Clinic,info@footandanklemgmt.com,,,(239) 263-8435,1900-01-01 03:09:00,"Backstrand, DPM / Katherine",0,No,A7AB7040-1262-EE11-9AFF-005056995B7E,0,Foot & Ankle Management Group,,,0,,,0,Active,1,Active,+12392630200,,,http://www.footandanklemgmt.com
13864,,Plainview,,,,"100 Manetto Hill Rd, Ste 103",,BILL TO,11803,,NY,,2,Clinic,gabi@faasny.com,info@faasny.com,,(866) 322-7691,1900-01-01 03:09:00,FAASNY - Brooklyn,0,No,3EDB330A-CAA3-E311-8A4E-005056B60006,0,FAASNY,,,0,,,0,Active,1,Active,+18663227691,,,http://www.faasny.com
13865,,Arlington,,,,"1715 N George Mason Dr, Ste 407",,MAIN,22205,,VA,,2,Clinic,arlingtonfoot@gmail.com,abenpearl@gmail.com,,(703) 547-9979,1900-01-01 03:09:00,Arlington Foot and Ankle,0,No,,0,,,,0,,,0,Active,1,Active,+17035169408,,,http://www.arlingtonfootandankle.com
13866,,Forks,,,,530 Bogachiel Way,,MAIN,98331,,WA,,2,Clinic,invoices@hybrent.com,tabethag@forkshospital.org,,(360) 374-1107,1900-01-01 03:10:00,Forks Community Hospital - Rural Health Clinic,0,No,,0,,,,0,,,0,Active,1,Active,+13603746271,,,http://www.forkshospital.org
13867,,Farr West,,,,1761 N 2000 W,,MAIN,84404,,UT,,2,Clinic,officemanager@summitfootankle.com,officemanager@summitfootankle.com,,(801) 689-2594,1900-01-01 03:10:00,Summit Foot and Ankle,0,No,,0,,,,0,,,0,Active,1,Active,+18015641562,,,https://www.drandrewburgon.com/
13868,,Downey,,,,8311 Florence Ave,,MAIN,90240,,CA,,2,Clinic,accounts.payable2@optum.com,lauren.hannah@optum.com,,,1900-01-01 03:10:00,Optum - Downey,0,No,,0,,,,0,,,0,Active,1,Active,+15629234911,,,
13869,,Franklin,,,,PO Box 549,,Bill To,46131,,IN,,3,Hospital,rebeyer@johnsonmemorial.org,jaddison@johnsonmemorial.org,,(317) 346-3001,1900-01-01 07:14:00,Johnson Memorial Hospital - Podiatry,0,No,,0,,,,0,,,0,Active,1,Active,+13173463913,,,
13870,,Washington,,,,64177 Van Dyke,,Bill To,48095,,MI,,1,Sole Practitioner,admin@drhoseypodiatry.com,admin@drhoseypodiatry.com,,(810) 329-6543,1900-01-01 03:10:00,"Gary E Hosey, DPM",0,No,,0,,,,0,,,0,Active,1,Active,+18103290800,,,http://www.drhoseypodiatry.com
13871,,Kenora,,,,503 First St. S,Lower Level,Main,P9N 1C8,,ON,,2,Clinic,peakperformancephysio@hotmail.com,peakperformancephysio@hotmail.com,,(204)340-3809,1900-01-01 03:10:00,3P Peak Performance Physiotherapy,0,No,,0,,,,0,,,0,Active,1,Active,+18074074003,,,http://www.3ppeakperformancephysio.com
13872,,Chicago Heights,,,,275 201st Street,,MAIN,60411,,IL,,1,Sole Practitioner,,franknarcisi@gmail.com,,(708) 755-9095,1900-01-01 03:10:00,"Narcisi, Jr, Frank / DPM",0,No,,0,,,,0,,,0,Active,1,Active,+17087548161,,,
13873,,Lafayette,,,,588 N US Highway 287,,BILLING,80026,,CO,,1,Sole Practitioner,drdedeogilvie@ascendfootandankle.com,drdedeogilvie@ascendfootandankle.com,,,1900-01-01 03:10:00,"Ascend Foot & Ankle Center, LLC",0,No,,0,,,,0,,,0,Active,1,Active,+13035374714,,,http://ascendfootandankle.com
13874,,Jupiter,,,,"4601 Military Trail, Ste. 202",,Main,33458,,FL,,1,Sole Practitioner,,angela.d@jupiterlaser.com,,(561) 624-5206,1900-01-01 03:10:00,Podiatry Associates of Palm Beach Gardens,0,No,,0,,,,0,,,0,Active,1,Active,+15616244800,,,http://www.jupiterlaser.com
13875,,Madison,,,Attn: Accounts Payable,PO Box 259443,,Bill To,53725-9443,,WI,,,,ssmaccountspayable@ssmhealth.com,mike.terry@ssmhealth.com,,,1900-01-01 03:11:00,Dean Medical Group - SSM,0,No,82D2C0F1-EFB4-EC11-9F32-005056995B7E,0,SSM Health,,,0,,,0,Active,1,Active,+16082601622,,,
13876,,Alexander City,United States,,,1649 Hwy 22 W Ste 1,,MAIN,35010,,AL,,2,Clinic,,doc35010@yahoo.com,,(256) 215-5551,1900-01-01 03:11:00,Alexander City Foot Specialties,0,No,,0,,,1A29F4D8-829B-EE11-9AFF-005056995B7E,0,"Douglas Stewart, DPM","Douglas Stewart, DPM",0,Active,1,Active,+12562155596,,,https://www.alexcityfootspecialties.com/
13877,,Milton,,,,"21A High St., Unit 2",,BILLING,2186,,MA,,2,Clinic,ajaypaul.singh19@gmail.com,,,(508) 830-1224,1900-01-01 03:11:00,"Greater Boston Foot Care, PLLC",0,No,,0,,,,0,,,0,Active,1,Active,+15087473567,,,http://www.greaterbostonfootcare.com
13878,,Thousand Oaks,,,,"110 Jensen Ct., Ste.1b",,MAIN,91360,,CA,,2,Clinic,sherickryan@gmail.com,admin@apexfootanklesurgery.com,,,1900-01-01 03:11:00,COLLECTIONS: Apex Foot & Ankle Institute,0,No,,0,,,,0,,,0,Active,1,Active,+18059040476,,,http://www.apexfootanklesurgery.com
13879,,Princeton,,,,"911 Northland Dr., Ste. L001",,MAIN,55371,,MN,,2,Clinic,trenton.griswold@fairview.org,trenton.griswold@fairview.org,,(763) 389-7555,1900-01-01 03:11:00,Fairview Orthotics and Prosthetics,0,No,,0,,,,0,,,0,Active,1,Active,+17633897551,,,http://www.mhealthfairview.org/services/orthotics
13880,,San Marcos,,,,802 Azalea Ave,,MAIN,92078,,CA,,1,Sole Practitioner,stvnshader@gmail.com,stvnshader@gmail.com,,,1900-01-01 03:11:00,Stork Foot and Ankle,0,No,,0,,,,0,,,0,Active,1,Active,+15202691920,,,
13881,,Hampton,,,,408 Lafayette Rd,,,3842,,NH,,1,Sole Practitioner,sarah@active-soles.com,sarah@active-soles.com,,,1900-01-01 03:11:00,Active-Soles,0,No,,0,,,,0,,,0,Active,1,Active,+16036367344,,,http://www.active-soles.com
13882,,Yokohama,,,GLP Ayase,5F Shinyokohama No. 3 Tosho Bldg,,BILL TO,222-0033,Hashibun Shimoda,Kanagawa-ken,,2,Clinic,cs-nwpl@nwpl-jp.com,impact@yk.rim.or.jp,,,1900-01-01 03:11:00,Impact Trading - Hashibun Shimoda,0,No,795F2927-FF12-4727-9722-322B7E869737,0,Impact Trading Co. Ltd.,,,0,,,0,Active,1,Active,,,,
13883,,Yokohama,,,GLP Ayase,5F Shinyokohama No. 3 Tosho Bldg,,BILL TO,222-0033,Hashibun Sunroad,Kanagawa-ken,,2,Clinic,cs-nwpl@nwpl-jp.com,impact@yk.rim.or.jp,,,1900-01-01 03:11:00,Impact Trading - Hashibun Sunroad,0,No,795F2927-FF12-4727-9722-322B7E869737,0,Impact Trading Co. Ltd.,,,0,,,0,Active,1,Active,,,,
13884,,Kanab,,,,355 N Main St,,BILLING,84741,Adam Cowles,UT,,3,Hospital,acowles@kanecountyhospitalut.gov,mmason@kanecountyhospitalut.gov,,(435) 644-3588,1900-01-01 03:11:00,KCH Specialty Group,0,No,,0,,,,0,,,0,Active,1,Active,+14356445811,,,https://kchosp.net
13885,,Santa Rosa,,,,144 Stony Point Road,,BILL TO,95401,,CA,,2,Clinic,ap@scihp.org,purchasing@scihp.org,,(707) 526-4644,1900-01-01 03:12:00,"Sonoma County Indian Health Project, Inc.",0,No,,0,,,,0,,,0,Active,1,Active,+17075214644,,,
13886,,Bellevue,,,,5150 Village Park Dr SE,,BILL TO,98006,,WA,,2,Clinic,nicole@i-can.center,nicole@i-can.center,,,1900-01-01 03:12:00,Lakeside Center for Autism (I-Can),0,No,,0,,,,0,,,0,Active,1,Active,+12065033865,,,http://www.i-can.center
13887,,Washington,,,,7603 Georgia Ave NW #100,,BILL TO,20012,,DC,,2,Clinic,info@metropodiatry.net,info@metropodiatry.net,,(202) 882-4983,1900-01-01 03:12:00,"Metropolitan Podiatry Associates, PLLC",0,No,,0,,,,0,,,0,Active,1,Active,+12028829682,,,http://www.metropodiatry.net
13888,,Stockton,,,Valley Podiatry Group,"3031 West March Lane, Ste.310 E",,MAIN,95219,,CA,,2,Clinic,,jstauffer@valleypodiatrygroup.com,,(209) 472-1203,1900-01-01 03:12:00,"Stauffer, DPM/Josh",0,No,6EBFFFCE-AF1D-DF11-988D-000C29EC1EE3,0,Valley Podiatry,,,0,,,0,Active,1,Active,+12094720800,,,
13889,,Anaheim,,,,"6200 E Canyon Rim Rd, #111E",,MAIN,92807,,CA,,2,Clinic,kathey@katzpodiatry.com,kathy@katzpodiatry.com,,(717) 974-7683,,Anaheim Hills Podiatry Group,0,No,,0,,,,0,,,0,Active,1,Active,+17149743338,,,http://www.anaheimfeet.com
13890,,Shibuya-ku,,,,1-14-35 Jingumae,,BILL TO,150-0001,Kamo Harajyuku,Tokyo,,4,Distributor,cs-nwpl@nwpl-jp.com,impact@yk.rim.or.jp,,-10183,,Impact Trading - KAMO Harajyuku,0,No,795F2927-FF12-4727-9722-322B7E869737,0,Impact Trading Co. Ltd.,,,0,,,0,Active,1,Active,,,,
13891,,Okayama,,,Physical Wave Resonance,2-16-11-2 Yamashita-cho,,BILL TO,394-0005,,Nagano,,2,Clinic,cs-nwpl@nwpl-jp.com,impact@yk.rim.or.jp,,-10183,1900-01-01 03:12:00,Impact Trading - Physical Wave Resonance,0,No,795F2927-FF12-4727-9722-322B7E869737,0,Impact Trading Co. Ltd.,,,0,,,0,Active,1,Active,,,,
13892,,Oakland,,,,"450 30th St, Ste 2860",,MAIN,94609,,CA,,2,Clinic,cpm@samuelmerritt.edu,tdutra@samuelmerritt.edu,,,1900-01-01 03:12:00,Samuel Merritt University - College of Podiatric Medicine,0,No,,0,,,,0,,,0,Active,1,Active,+15108790336,,,
13893,,Austin,,,,"1221 W Ben White Blvd, 212B",,MAIN,78704,,TX,,2,Clinic,austinpodiatry@hotmail.com,austinpodiatry@hotmail.com,,(512) 448-4460,1900-01-01 03:12:00,Austin Podiatry PA,0,No,,0,,,,0,,,0,Active,1,Active,+15124483668,,,
13894,,Overland Park,,,,11775 W 112th St,,BILL TO,66210,Jim Andreassen,KS,,2,Clinic,ap@hopekc.com,ap@hopekc.com,,(515) 993-9777,1900-01-01 03:12:00,Horizon Orthotic & Prosthetic Experience,0,No,,0,,,,0,,,0,Active,1,Active,+13195043379,,,http://www.hopekc.com/
13896,,Normal,,,,"1607 Visa Drive S, Ste.5B",,MAIN,61761,,IL,,2,Clinic,,bonnievcortesefootandankle@gmail.com,,(309) 452-3668,1900-01-01 03:12:00,"Cortese Foot and Ankle Clinic, PC",0,No,,0,,,,0,,,0,Active,1,Active,+13094523000,,,https://www.cortesefootandankle.com/
13897,,Spokane,,,,911 West 5th Ave,,MAIN,99204,,WA,,3,Hospital,shrinersspo-ap@shrinenet.org,thogue@shrinenet.org,,(509) 623-0474,1900-01-01 03:12:00,"Shriners Hospital for Children, Spokane",0,No,,0,,,,0,,,0,Active,1,Active,+15096230414,,,https://www.shrinerschildrens.org/en/locations/spokane
13898,,Ronkonkoma,,,,"201 Portion Rd, Ste.C",,MAIN,11779,,NY,,2,Clinic,paml@advancedfootcare.com,paml@advancedfootcare.com,,(631) 467-1417,1900-01-01 03:12:00,Advanced Podiatry - Ronkonkoma,0,No,1DC55BDF-F780-DD11-A456-0019B9B8224A,0,Advanced Podiatry,,,0,,,0,Active,1,Active,+16314672813,,,http://www.advancedfootcare.com
13899,,Mahwah,,,Regina,"115 Franklin Turnpike, Ste.291",,BILLING,7430,,NJ,,2,Clinic,office.alliancefa@gmail.com,office.alliancefa@gmail.com,,(949) 543-2010,,Alliance Foot and Ankle Care,0,No,,0,,,,0,,,0,Active,1,Active,+12017784471,,,https://alliancefacare.com/
13388,,Berkeley,,,,"3000 Colby St, Ste 107",,MAIN,94705,,CA,,1,Sole Practitioner,,dr.yukom@gmail.com,,(510) 764-2446,1900-01-01 02:32:00,"Miyazaki, DPM/ Yuko",0,No,,0,,,,0,,,0,Active,1,Active,+15106473744,,,https://justfootankle.com
13389,,Calgary,,,,287 - 5005 Dalhousie Dr NW,,MAIN,T3A 5R8,,AB,,2,Clinic,info@calgarypodiatrist.com,info@calgarypodiatrist.com,,(403) 247-6765,1900-01-01 02:32:00,Dalhousie Station Foot Clinic,0,No,,0,,,F63AC5EA-C8FF-E711-9BD3-005056995B7E,0,"Ian Russell, DPM","Ian Russell, DPM",0,Active,1,Active,+14032471961,,,http://www.calgarypodiatrist.com
13390,,Saskatoon,,,,506 - 320 5th Ave N,,MAIN,S7K 2P5,,SK,,1,Sole Practitioner,,cbccampbell.60@gmail.com,,,1900-01-01 05:00:00,"Campbell, DPM/ Corrine",0,No,,0,,,,0,,,0,Active,1,Active,+13063610364,,,
13391,,Burlington,,,,"1240 Burloak Dr, Unit 7 & 8",,MAIN,L7L 6B3,,ON,,5,Other,,clientservice@sbiorthoticlab.ca,,,1900-01-01 02:33:00,SBI Orthotic Lab Inc,0,No,,0,,,,0,,,0,Active,1,Active,+19053320983,,,http://sbiorthoticlab.ca
13392,,Denver,,,,"3459 Ringsby Ct, Ste 300",,MAIN,80216,,CO,,2,Clinic,ap@boatechnology.com,bbostock@boatechnology.com,,,1900-01-01 02:33:00,Boa Technology,0,No,,0,,,,0,,,0,Active,1,Active,+13039642701,,,http://www.theboasystem.com
13393,,Sacramento,United States,,,"7601 Hospital Dr, Ste 104A",,MAIN,95823,,CA,,1,Sole Practitioner,,katherinekalthoff@sbcglobal.net,,(916) 681-3533,1900-01-01 02:33:00,"Kalthoff, DPM/Katherine",0,No,,0,,,B91B3D8F-5D0C-E811-9BD3-005056995B7E,0,"Katherine L. Kalthoff, DPM","Katherine L. Kalthoff, DPM",0,Active,1,Active,+19164234020,,,http://www.kalthoffdpm.com/
13394,,Lafayette,,,,"1365 Forest Park Cir, Ste 102",,MAIN,80026,,CO,,2,Clinic,,drvanderweit@gmail.com,,,1900-01-01 02:33:00,"Compass Chiropractic, Inc.",0,No,,0,,,,0,,,0,Active,1,Active,+13039555208,,,http://www.compasschiropractic.org
13395,,Snowflake,United States,,,"932 S Main St, Unit B203",,MAIN,85937,,AZ,,2,Clinic,,squirefootandankle@gmail.com,,(928) 457-0929,1900-01-01 02:33:00,Squire Foot & Ankle PLLC,0,No,,0,,,1DD5002B-B81C-E811-9BD3-005056995B7E,0,"Chad Squire, DPM","Chad Squire, DPM",0,Active,1,Active,+19284570961,,,https://www.squirefootandankle.com/
13396,,Marco Island,,,,631 S Barfield Dr,,BILL TO,34145,,FL,,1,Sole Practitioner,,,,,1900-01-01 02:33:00,"Fernando, MD/ Liyanage",0,No,,0,,,,0,,,0,Active,1,Active,+12392064499,,,
13397,,Yokohama,,,GLP Ayase,5F Shinyokohama No. 3 Tosho Bldg,,BILL TO,222-0033,Senda Medical Clinic,Kanagawa-ken,,2,Clinic,cs-nwpl@nwpl-jp.com,impact@yk.rim.or.jp,,-10183,1900-01-01 02:33:00,Impact Trading - Senda Medical Clinic,0,No,795F2927-FF12-4727-9722-322B7E869737,0,Impact Trading Co. Ltd.,,,0,,,0,Active,1,Active,,,,
13939,,Fresh Meadows,,,,"6134 188th St, Ste 203",,MAIN,11365,Evan Vieira,NY,,2,Clinic,thelvfs@gmail.com,thelvfs@gmail.com,,,1900-01-01 03:16:00,The LV Foot Surgeons,0,No,,0,,,,0,,,0,Active,1,Active,+17184544333,,,http://www.thelvfs.com
13940,,Shimotakai District,,,Impact Trading - Nurselog,"Kijimadaira Village, Kamikishima 3501-16",,BILL TO,389-2303,,Nagano,,,,,cc-nwpl@nwpl-jp.com,,-10183,,Impact Trading - Nurselog,0,No,795F2927-FF12-4727-9722-322B7E869737,0,Impact Trading Co. Ltd.,,,0,,,0,Active,1,Active,,,,
13941,,Salida,,,,920 Rush Dr,,MAIN,81201,,CO,,2,Clinic,wentzfootandankle@hotmail.com,wentzfootandankle@hotmail.com,,(719) 539-6606,,Wentz Foot and Ankle,0,No,,0,,,,0,,,0,Active,1,Active,+17195396600,+17195396606,,http://www.wentzfootandankle.com
13943,,Peoria,,,,PO Box 6259,,BILL TO,61601,,IL,,2,Clinic,osfhealthcare.ap@osfhealthcare.org,bryce.paschold@gmail.com,,(309) 664-1382,,OSFMG Orthopedics-Bloomington,0,No,C7006B11-ACE4-EF11-9D62-005056995B7E,0,OSF HealthCare,,,0,,,0,Active,1,Active,+13096639300,+13093086362,,
13944,,Naples,,,Foot & Ankle Management Group,"681 Goodlette Rd N, Ste 16",,,34102,"Eric Krznaric, DPM",FL,,,,info@footandanklemgmt.com,,,(239) 263-8435,,"Eric Krznaric, DPM",0,No,A7AB7040-1262-EE11-9AFF-005056995B7E,0,Foot & Ankle Management Group,,,0,,,0,Active,1,Active,+12392630200,,,http://www.footandanklemgmt.com
13264,,Downey,,,,"11411 Brookshire Ave, Ste 501",,MAIN,90241,,CA,,2,Clinic,,socalpodstaff@gmail.com,,(562) 868-2828,1900-01-01 02:24:00,SoCal Podiatry PC,0,No,,0,,,,0,,,0,Active,1,Active,+15622664396,,,http://scalpodiatry.com
13265,,Naples,,,,PO Box 110759,,BILL TO,34108,,FL,,2,Clinic,april@gulfcoastfootcare.com,,,(239) 566-8778,1900-01-01 02:24:00,Gulf Coast Foot & Ankle Specialists,0,No,,0,,,,0,,,0,Active,1,Active,+12395668800,,,http://www.gulfcoastfootcare.com/
13266,,Culver City,,,,5837A Uplander Way,,MAIN,90230,.,CA,,2,Clinic,,,,(310) 348-9099,1900-01-01 02:25:00,Prosthetic Orthotic Group,0,No,,0,,,,0,,,0,Active,1,Active,+13103489090,,,
13209,,Tucson,,,,"1845 W Orange Grove Rd, Ste 125",,MAIN,85704,,AZ,,,,bociandpm@comcast.net,,,(520) 877-3329,1900-01-01 02:21:00,"Bocian, DPM/ Darin",0,No,,0,,,539E06BC-1234-E611-9E53-005056995B7E,0,"Darin Bocian, DPM","Darin Bocian, DPM",0,Active,1,Active,+15208773328,,,http://www.bociandpm.com/
13744,,Yokohama,,,GLP Ayase,5F Shinyokohama No. 3 Tosho Bldg,,BILL TO,222-0033,KAMO Shibuya,Kanagawa-ken,,2,Clinic,cs-nwpl@nwpl-jp.com,impact@yk.rim.or.jp,,-10183,1900-01-01 03:01:00,Impact Trading - KAMO Shibuya,0,No,795F2927-FF12-4727-9722-322B7E869737,0,Impact Trading Co. Ltd.,,,0,,,0,Active,1,Active,,,,
13745,,Lake Oswego,,,,"55 S State St, Ste 3220",,MAIN,97034,,OR,,2,Clinic,service@oregoninstituteoffootcare.com,manson.tyler@gmail.com,,(503) 635-8495,1900-01-01 03:01:00,"Oregon Institute of Foot Care, LLC",0,No,,0,,,,0,,,0,Active,1,Active,+15036357742,,,https://oregoninstituteoffootcare.com/
13746,,Yokohama,,,GLP Ayase,5F Shinyokohama No. 3 Tosho Bldg,,BILL TO,222-0033,DiveAward,Kanagawa-ken,,4,Distributor,cs-nwpl@nwpl-jp.com,impact@yk.rim.or.jp,,-10183,1900-01-01 03:01:00,Impact Trading - DiveAward,0,No,795F2927-FF12-4727-9722-322B7E869737,0,Impact Trading Co. Ltd.,,,0,,,0,Active,1,Active,,,,
13747,,Yokohama,,,GLP Ayase,5F Shinyokohama No. 3 Tosho Bldg,,BILL TO,222-0033,ZERO Connects,Kanagawa-ken,,4,Distributor,cs-nwpl@nwpl-jp.com,impact@yk.rim.or.jp,,-10183,1900-01-01 03:01:00,Impact Trading - ZERO Connects,0,No,795F2927-FF12-4727-9722-322B7E869737,0,Impact Trading Co. Ltd.,,,0,,,0,Active,1,Active,,,,
13748,,Yokohama,,,GLP Ayase,5F Shinyokohama No. 3 Tosho Bldg,,BILL TO,222-0033,Koshigaya Base,Kanagawa-ken,,2,Clinic,cs-nwpl@nwpl-jp.com,impact@yk.rim.or.jp,,-10183,1900-01-01 03:01:00,Impact Trading - Koshigaya Base,0,No,795F2927-FF12-4727-9722-322B7E869737,0,Impact Trading Co. Ltd.,,,0,,,0,Active,1,Active,,,,
13749,,Kent,United States,,,"20829 72nd Ave S, Ste 710",,BILL TO,98032,,WA,,2,Clinic,dmcmurray@taipt.com,kreed@taipt.com,,(253) 872-4935,1900-01-01 03:01:00,Therapeutic Assoc. Cedar Hills Physical Therapy,0,No,,0,,,3FE92FCA-6F96-EC11-9F32-005056995B7E,0,"Kelly Reed, PT, COMT, OCS","Kelly Reed, PT, COMT, OCS",0,Active,1,Active,+15032923583,,,https://www.therapeuticassociates.com/locations/oregon/portland-metro/cedar-hills/
13750,,Midvale,,,,7575 S 900 E,,MAIN,84047,,UT,,2,Clinic,,daniel.fitwell@gmail.com,,(801) 872-5714,1900-01-01 03:01:00,Fitwell Prosthetic & Orthotic Center,0,No,,0,,,,0,,,0,Active,1,Active,+18013643100,,,http://www.fit-well.com
13752,,Stamford,,,Preferred Footcare,1100 Bedford St.,,MAIN,6905,,CT,,2,Clinic,bier666@aol.com,stamfordfootcare@gmail.com,,(203) 323-8430,1900-01-01 03:01:00,"Teti, DPM/ Victoria",0,No,5CDF633A-389B-EC11-9F32-005056995B7E,0,Preferred Footcare,,,0,,,0,Active,1,Active,+12039759600,,,https://stamfordfootcare.com/
13753,,Oklahoma City,,,,922 NW 72nd St,,MAIN,73116,,OK,,5,Other,,mgarthright@cox.net,,(405) 842-3824,,Southwest Orthotic Lab,0,No,,0,,,,0,,,0,Active,1,Active,+14058481317,,,
13754,,Valhalla,,,,"465 Columbus Ave, Ste 140",,MAIN,10595,,NY,,2,Clinic,gabi@faasny.com,westchester@faasny.com,,(914) 221-4750,1900-01-01 03:01:00,FAASNY - Westchester,0,No,3EDB330A-CAA3-E311-8A4E-005056B60006,0,FAASNY,,,0,,,0,Active,1,Active,+19142906360,,,http://www.faasny.com
13755,,Longview,United States,,,"2828 N 4th St, Ste 200",,MAIN,75605,,TX,,2,Clinic,,bbwdpm@aol.com,,(903) 758-5056,1900-01-01 03:01:00,"Westbrook, DPM / Billy B.",0,No,,0,,,426774A9-E8A6-EC11-9F32-005056995B7E,0,"Billy Westbrook, DPM","Billy Westbrook, DPM",0,Active,1,Active,+19037584468,,,
13756,,Palo Alto,,,,"3441 Alma St, Ste 200",,MAIN,94306,,CA,,,,,,,(650) 323-4441,,California Rehabilitation and Sports Therapy,0,No,,0,,,,0,,,0,Active,1,Active,+16503234440,,,https://www.prnpt.com/locations/310/california-rehabilitation-and-sports-therapy-palo-alto/palo-alto/
13757,,Selah,,,,715 N Park Ctr,,MAIN,98942,,WA,,2,Clinic,,mhong9000@yahoo.com,,(509) 698-2664,1900-01-01 03:01:00,Best Practices Healthcare Center,0,No,,0,,,,0,,,0,Active,1,Active,+15096982624,,,https://bestpracticesselah.com/
13759,,Lake Oswego,,,,"311 B Ave, Ste S",,MAIN,97034,,OR,,2,Clinic,,contact@willamettefootandankle.com,,(503) 210-0364,1900-01-01 03:01:00,Willamette Foot & Ankle,0,No,,0,,,,0,,,0,Active,1,Active,+15038047579,,,https://www.willamettefootandankle.com/
13760,,Upper Saddle River,United States,,,27 Robin Ridge Rd,,BILL TO,7458,,NJ,,2,Clinic,,drgodoy@alpsroadfootandankle.com,,(973) 832-4062,1900-01-01 03:01:00,Alps Road Family Foot & Ankle,0,No,,0,,,F7355AA4-C3AB-EC11-9F32-005056995B7E,0,"Heidi Godoy, DPM","Heidi Godoy, DPM",0,Active,1,Active,+19738324061,,,http://www.alpsroadfootandankle.com
13761,,Cascade,,,,PO Box 1330,,BILL TO,83611,,ID,,2,Clinic,accounting@cmchd.org,,,(208) 382-3359,1900-01-01 03:01:00,Cascade Medical Center Physical Therapy,0,No,,0,,,,0,,,0,Active,1,Active,+12083823862,,,http://cmchd.org
13769,,Laramie,,,,811 S 10th St,,BILL TO,82070,,WY,,5,Other,melissa@thelinkinnovations.com,aaron@thelinkinnovations.com,,,1900-01-01 03:01:00,Link,0,No,,0,,,,0,,,0,Active,1,Active,+13073992211,,,http://thelinkinnovations.com
13771,,Hickory,,,,1501 Tate Blvd SE Ste 203,,MAIN,28602,,NC,,2,Clinic,tmcdonald@toedocs.com,seldr27@gmail.com,,(828) 304-0142,1900-01-01 03:01:00,Carolina Foot and Ankle Associates,0,No,,0,,,4E74D706-CAB9-EC11-9F32-005056995B7E,0,"Stephanie Eldridge, DPM","Stephanie Eldridge, DPM",0,Active,1,Active,+18283040400,,,http://www.toedocs.com
13772,,Saint Louis,,,,615 S Vandeventer Ave,,MAIN,63110,,MO,,2,Clinic,invoice@streamlineorthotics.com,,,(314) 289-9101,1900-01-01 03:01:00,Streamline Orthotics and Prosthetics,0,No,,0,,,,0,,,0,Active,1,Active,+13142899100,,,http://www.streamlineorthotics.com
13773,,Yokohama,,,GLP Ayase,5F Shinyokohama No. 3 Tosho Bldg,,BILL TO,222-0033,Shoemart Jyouetsuuingu,Kanagawa-ken,,4,Distributor,cs-nwpl@nwpl-jp.com,impact@yk.rim.or.jp,,-10183,1900-01-01 03:01:00,Impact Trading - Shoemart Jyouetsuuingu,0,No,795F2927-FF12-4727-9722-322B7E869737,0,Impact Trading Co. Ltd.,,D1B4819F-39D7-EE11-9AFF-005056995B7E,0,Kazuhiro Numazawa,Kazuhiro Numazawa,0,Active,1,Active,,,,
13774,,Yokohama,,,GLP Ayase,5F Shinyokohama No. 3 Tosho Bldg,,BILL TO,222-0033,Shoemart Matsumototsukama,Kanagawa-ken,,4,Distributor,cs-nwpl@nwpl-jp.com,impact@yk.rim.or.jp,,-10183,1900-01-01 03:02:00,Impact Trading - Shoemart Matsumototsukama,0,No,795F2927-FF12-4727-9722-322B7E869737,0,Impact Trading Co. Ltd.,,,0,,,0,Active,1,Active,,,,
13775,,Yokohama,,,GLP Ayase,5F Shinyokohama No. 3 Tosho Bldg,,BILL TO,222-0033,Shoemart Inasato,Kanagawa-ken,,4,Distributor,cs-nwpl@nwpl-jp.com,impact@yk.rim.or.jp,,-10183,1900-01-01 03:02:00,Impact Trading - Shoemart Inasato,0,No,795F2927-FF12-4727-9722-322B7E869737,0,Impact Trading Co. Ltd.,,,0,,,0,Active,1,Active,,,,
13776,,Yokohama,,,GLP Ayase,5F Shinyokohama No. 3 Tosho Bldg,,BILL TO,222-0033,Nara Bonesetter,Kanagawa-ken,,4,Distributor,cs-nwpl@nwpl-jp.com,impact@yk.rim.or.jp,,-10183,1900-01-01 03:02:00,Impact Trading - Nara Bonesetter,0,No,795F2927-FF12-4727-9722-322B7E869737,0,Impact Trading Co. Ltd.,,,0,,,0,Active,1,Active,,,,
13777,,Longview,,,,PO Box 1338,,BILL TO,98632,,WA,,2,Clinic,chesstrumpetw@yahoo.com,doctodd25@gmail.com,,(360) 423-6230,1900-01-01 03:02:00,Kirkpatrick Foot & Ankle,0,No,,0,,,,0,,,0,Active,1,Active,+13604239580,,,http://kirkpatrickfamilycare.com
13778,,Winchester,United States,,,3052 Valley Ave Ste 101,,MAIN,22601,Megan McIntyre,VA,,2,Clinic,megan.mcintyre.dpt@gmail.com,megan.mcintyre.dpt@gmail.com,,(540) 492-5583,1900-01-01 03:02:00,Milestone Pediatric Therapy LLC,0,No,,0,,,79C20C54-57E7-EC11-9F32-005056995B7E,0,Megan McIntyre,Megan McIntyre,0,Active,1,Active,+15407241757,,,https://www.milestonepedstherapy.com/
13779,,Moses Lake,United States,,,801 E Wheeler Rd,,BILLTO,98837,,WA,,2,Clinic,samaritan@invoicedeliveryservices.com.,aamidi@samaritanhealthcare.org,,(509) 764-3217,1900-01-01 03:02:00,Samaritan Healthcare,0,No,,0,,,FE0BD1D4-D3E8-EC11-9F32-005056995B7E,0,"Arezou Amidi, DPM","Arezou Amidi, DPM",0,Active,1,Active,+15097939705,,,https://www.samaritanhealthcare.com/team-member/arezou-amidi/
13213,,La Quinta,United States,,,"79200 Corporate Ctr Dr, Ste 104",,MAIN,92253,,CA,,2,Clinic,accounting@westcoastfootandankle.com,dfootankle@gmail.com,,(760) 424-5578,1900-01-01 02:21:00,West Coast Foot and Ankle Center,0,No,,0,,,9D8CD188-C642-E611-9FDA-005056995B7E,0,"Aaron Bean, DPM","Aaron Bean, DPM",0,Active,1,Active,+17605655545,,,http://westcoastfootandankle.com/
13214,,Pearl River,,,,"300 N Middletown Rd, Ste 10",,MAIN,10965,,NY,,2,Clinic,,jaywhan@gmail.com,,(845) 735-8445,1900-01-01 02:21:00,River Podiatry,0,No,,0,,,A2C0DFB2-9243-E611-9FDA-005056995B7E,0,"Jungwoo Han, DPM","Jungwoo Han, DPM",0,Active,1,Active,+18457358440,,,https://www.riverpodiatry.com/
13216,,Shelton,,,,120 SE Blue Heron Ln,,MAIN,98584,,WA,,1,Sole Practitioner,,jr8778@gmail.com,,,1900-01-01 02:21:00,"Rice, DPM/ John (personal acct)",0,No,,0,,,,0,,,0,Active,1,Active,+13604265504,,,
13611,,Yokohama,,,GLP Ayase,5F Shinyokohama No. 3 Tosho Bldg,,BILL TO,222-0033,Shoemart Naganohigashiwada,Kanagawa-ken,,2,Clinic,cs-nwpl@nwpl-jp.com,impact@yk.rim.or.jp,,-10183,1900-01-01 02:50:00,Impact Trading - Shoemart Naganohigashiwada,0,No,795F2927-FF12-4727-9722-322B7E869737,0,Impact Trading Co. Ltd.,,,0,,,0,Active,1,Active,,,,
13612,,Perrysburg,,,,"26765 Carronade Dr, Apt 2202",,MAIN,43551,,OH,,,,,d_tran3209@yahoo.com,,,1900-01-01 02:50:00,"Tran, DPM/ David",0,No,,0,,,,0,,,0,Active,1,Active,+17243965385,,,
13613,,Grand Rapids,,,,"1920 S Pokegama Ave, Ste.103",,MAIN,55744,,MN,,2,Clinic,,gilbertson@renewfootandankle.org,,(833) 203-8020,1900-01-01 02:51:00,"Renew Foot & Ankle, LLC",0,No,,0,,,,0,,,0,Active,1,Active,+12183226085,,,http://renewfootandankle.org
13614,,Wenatchee,,,"Foot & Ankle Ctr of Wenatchee, P.S.",616 N Chelan Ave,,MAIN,98801,,WA,,2,Clinic,,kenoyer@facw.net,,(509) 665-9808,1900-01-01 02:51:00,"Kenoyer, DPM/ Kyle",0,No,3ECD6644-A171-E411-B754-005056B60006,0,Foot & Ankle Ctr of Wenatchee,,,0,,,0,Active,1,Active,+15096622970,,,http://www.footandankleofwenatchee.com/
13615,,Orlando,,,,1420 Poinsetta Ave,,MAIN,32804,,FL,,1,Sole Practitioner,emaguire05@gmail.com,emaguire@orlandofoot.com,,(407) 877-0193,1900-01-01 02:51:00,Orlando Foot and Ankle Clinic,0,No,,0,,,,0,,,0,Active,1,Active,+14074325071,,,http://orlandofootandankleclinic.com
13303,,Erie,,,,3850 Walker Blvd,,MAIN,16509,,PA,,2,Clinic,,,,(814) 864-2383,1900-01-01 02:27:00,"BayCity Associates in Podiatry, Inc.",0,No,,0,,,,0,,,0,Active,1,Active,,,,http://www.eriepodiatrists.com/
13304,,Gilbert,,,,3011 S. Lindsay Rd,Suite 113,MAIN,85295,,AZ,,,,gregoryprowe@hotmail.com,gregoryprower@hotmail.com,,(480)759-5404,1900-01-01 02:27:00,"Rowe, DPM/ Gregory",0,No,,0,,,170DEB22-3F79-E711-A0CE-005056995B7E,0,Gregory Rowe,Gregory Rowe,0,Active,1,Active,+14807596737,,,
13305,,Yokohama,,,GLP Ayase,5F Shinyokohama No. 3 Tosho Bldg,,BILL TO,222-0033,Asama General Hospital,Kanagawa-ken,,2,Clinic,cs-nwpl@nwpl-jp.com,impact@yk.rim.or.jp,,-10183,1900-01-01 02:27:00,Impact Trading - Asama General Hospital,0,No,795F2927-FF12-4727-9722-322B7E869737,0,Impact Trading Co. Ltd.,,,0,,,0,Active,1,Active,,,,
13306,,Yokohama,,,GLP Ayase,5F Shinyokohama No. 3 Tosho Bldg,,Bill TO,222-0033,Sona,Kanagawa-ken,,2,Clinic,cs-nwpl@nwpl-jp.com,impact@yk.rim.or.jp,,-10183,1900-01-01 02:27:00,Impact Trading - Sona,0,No,795F2927-FF12-4727-9722-322B7E869737,0,Impact Trading Co. Ltd.,,,0,,,0,Active,1,Active,,,,
13307,,Yokohama,,,GLP Ayase,5F Shinyokohama No. 3 Tosho Bldg,,BILL TO,222-0033,Sato Orthopedic and Plastic Surgical Clinic,Kanagawa-ken,,2,Clinic,cs-nwpl@nwpl-jp.com,impact@yk.rim.or.jp,,-10183,1900-01-01 02:27:00,Impact Trading - Sato Orthopedic and Plastic Surgical Clinic,0,No,795F2927-FF12-4727-9722-322B7E869737,0,Impact Trading Co. Ltd.,,,0,,,0,Active,1,Active,,,,
13308,,Yokohama,,,GLP Ayase,5F Shinyokohama No. 3 Tosho Bldg,,BILL TO,222-0033,Yamamuro Clinic,Kanagawa-ken,,2,Clinic,cs-nwpl@nwpl-jp.com,impact@yk.rim.or.jp,,-10183,1900-01-01 02:27:00,Impact Trading - Yamamuro Clinic,0,No,795F2927-FF12-4727-9722-322B7E869737,0,Impact Trading Co. Ltd.,,,0,,,0,Active,1,Active,,,,
13558,,Roseville,,,Accounts Payable Attn: Tina Place,PO Box 619110,,BILL TO,95661,Antioch Care Center - Podiatry,CA,,,,s3vendorinvoices@sutterhealth.org,,,(510) 506-7728,1900-01-01 02:46:00,Sutter East Bay Medical Foundation,0,No,82BA8F2E-90FC-DE11-AF67-000C29EC1EE3,0,Sutter Health - PAMF,,,0,,,0,Active,1,Active,+19257767725,,,https://www.sutterhealth.org/sebmf
13559,,Roseville,,,Podiatry,Accounts Payable Attn: Tina Place,PO Box 619110,BILL TO,95661,Castro Valley Care Center,CA,,2,Clinic,s3vendorinvoices@sutterhealth.org,shief@sutterhealth.org,,(510) 506-7729,1900-01-01 02:46:00,Sutter East Bay Medical Foundation,0,No,82BA8F2E-90FC-DE11-AF67-000C29EC1EE3,0,Sutter Health - PAMF,,,0,,,0,Active,1,Active,+15108863400,,,http://www.sutterhealth.org/sebmf
13560,,Roseville,,,Accounts Payable Attn: Tina Place,PO Box 619110,,BILL TO,95661,Oakland Care Center- Podiatry,CA,,2,Clinic,s3vendorinvoices@sutterhealth.org,,,(510) 506-7725,1900-01-01 02:46:00,Sutter East Bay Medical Foundation,0,No,82BA8F2E-90FC-DE11-AF67-000C29EC1EE3,0,Sutter Health - PAMF,,,0,,,0,Active,1,Active,+15102048290,,,https://www.sutterhealth.org/sebmf
13561,,Roseville,United States,,,Attn:  Bryan Pieper,PO BOX 619110,BILL TO,95661,,CA,,2,Clinic,s3vendorinvoices@sutterhealth.org,blakestj@sutterhealth.org,,(831) 477-2330,1900-01-01 02:46:00,Sutter Health PAMF-Santa Cruz,0,No,82BA8F2E-90FC-DE11-AF67-000C29EC1EE3,0,Sutter Health - PAMF,,,0,,,0,Active,1,Active,+18314772325,,,http://www.pamf.org
13562,,Exeter,,,,39 Northernhay St,,BILL TO,EX4 3ER,,Devon,,2,Clinic,,northernhayadmin@icloud.com,,,,Northernhay Clinic LTC,0,No,,0,,,,0,,,0,Active,1,Active,+441392259101,,,http://www.northernhayclinic.com/
13563,,Yokohama,,,Machida Do,GLP Ayase,5F Shinyokohama No. 3 Tosho Bldg,BILL TO,222-0033,,Kanagawa-ken,,4,Distributor,cs-nwpl@nwpl-jp.com,impact@yk.rim.or.jp,,-10183,1900-01-01 02:46:00,Impact Trading - Machida Do,0,No,795F2927-FF12-4727-9722-322B7E869737,0,Impact Trading Co. Ltd.,,,0,,,0,Active,1,Active,,,,
13564,,Plymouth,United States,,"Terryl A. Dorsch DPM, PC","45 Resnick Rd, Ste 107",,MAIN,2360,,MA,,2,Clinic,,affiliatedfootcare@yahoo.com,,,1900-01-01 02:46:00,Affiliated Foot Care,0,No,,0,,,71B4CBD3-10DF-E911-A1F4-005056995B7E,0,"Terryl Dorsch, DPM","Terryl Dorsch, DPM",0,Active,1,Active,+15087473567,,,http://www.affiliatedfootcare.com/
13565,,Cedar Knolls,United States,,,"218 Ridgedale Ave, Ste 101",,MAIN,7927,,NJ,,,,,heidi.godoy@consensushealth.com,,(973) 538-1070,1900-01-01 02:46:00,The Pediatric Orthopedic Center,0,No,,0,,,CAF59187-2DE5-E911-A1F4-005056995B7E,0,"Heidi Godoy, DPM","Heidi Godoy, DPM",0,Active,1,Active,+19735387700,,,https://pediatricorthopedics.com/our-physicians/
13566,,Issaquah,United States,,,"175 1st Pl NW, Ste B",,MAIN,98027,,WA,,2,Clinic,,endurancefootandankle@gmail.com,,,1900-01-01 02:46:00,Endurance Foot and Ankle,0,No,,0,,,2AEA2B68-C5E6-E911-A1F4-005056995B7E,0,"Chris Jones, DPM","Chris Jones, DPM",0,Active,1,Active,+19092153370,,,https://www.endurancefootandankle.com/
13923,,Eugene,,,,1680 Chambers St. Ste 201,,MAIN,97402,,OR,,2,Clinic,andrea@eugenefootandankle.com,dusty@eugenefootandankle.com,,(541) 683-6440,1900-01-01 03:15:00,Eugene Foot & Ankle,0,No,,0,,,98FCA3C2-D280-EF11-A4F4-005056995B7E,0,"Michael McCourt, DPM","Michael McCourt, DPM",0,Active,1,Active,+15416833351,,,https://eugenefootandankle.com/
13924,,Suffield,,,,5 Sutula Rd,,MAIN,6078,,CT,,1,Sole Practitioner,eric.lui@hhchealth.org,eric.lui@hhchealth.org,,,1900-01-01 03:15:00,"Eric Lui, DPM (Personal)",0,No,,0,,,,0,,,0,Active,1,Active,+17189860564,,,
13925,,Jackson,,,Scott Harmon,PO Box 1828,,BILL TO,83001,,WY,,1,Sole Practitioner,,scottjacksonholept@gmail.com,,(307) 734-4424,1900-01-01 03:15:00,"Jackson Hole Physical Therapy, PC",0,No,,0,,,,0,,,0,Active,1,Active,+13077349005,,,
13926,,North Miami Beach,,,,"1380 NE Miami Gardens Dr, Ste 235",,MAIN,33179,,FL,,2,Clinic,adlers1234@gmail.com,adlers1234@gmail.com,,(305) 936-8231,1900-01-01 03:15:00,Adler Foot and Ankle,0,No,,0,,,,0,,,0,Active,1,Active,+13059353999,,,http://www.adlerfootankle.com
13927,,Watertown,,,,"101 Oakridge Ct, Ste A",,MAIN,53094,,WI,,2,Clinic,,,,,1900-01-01 03:15:00,Rock River Foot and Ankle,0,No,,0,,,,0,,,0,Active,1,Active,+19202619610,,,
13928,,North Attleboro,,,,"500 E Washington St, Ste 14",,MAIN,2760,,MA,,1,Sole Practitioner,office@drkellymclaughlin.com,office@drkellymclaughlin.com,,(401) 496-9501,1900-01-01 03:15:00,"E. Kelly McLaughlin, DPM",0,No,,0,,,,0,,,0,Active,1,Active,+17743064147,,,http://www.drkellymclaughlin.com
13929,,Columbia,,,,1739 Blanding St,,MAIN,29201,,SC,,2,Clinic,michjohnson@hanger.com,michjohnson@hanger.com,,,1900-01-01 03:15:00,"Hanger Clinic, Columbia, SC",0,No,,0,,,,0,,,0,Active,1,Active,+13014485648,,,
13930,,Cincinnati,,,,4357 Ferguson Dr. Ste 150,,MAIN,45245,,OH,,2,Clinic,d.grinspan@cincypodiatry.com,d.grinspan@cincypodiatry.com,,,1900-01-01 03:15:00,Podiatry Associates of Cincinnati,0,No,,0,,,,0,,,0,Active,1,Active,+15134744450,,,https://www.cincypodiatryoh.com/
13932,,Dana Point,,,,"24582 Del Prado Ave, Ste E",,MAIN,92629,,CA,,1,Sole Practitioner,vegrandt@yahoo.com,vegrandt@yahoo.com,,,1900-01-01 03:15:00,"Wellbeing - Vic Grandt, DPM",0,No,,0,,,98EFEF0B-A3A2-EF11-A4F4-005056995B7E,0,Vic Grandt,Vic Grandt,0,Active,1,Active,+15599676456,,,http://www.wellbeingoc.com
13933,,Boca Raton,,,"Martha Holzworth, DPM","660 Glades Road, #460",,MAIN,33431,,FL,,2,Clinic,cnoel@brog.com,vortolani@brog.com,,(561) 347-7470,1900-01-01 03:15:00,Boca Raton Orthopedic Group,0,No,,0,,,,0,,,0,Active,1,Active,+15613915515,,,http://www.brog.com
13934,,Yokohama,,,GLP Ayase,5F Shinyokohama No. 3 Tosho Bldg,,BILL TO,222-0033,Zen Group,Kanagawa-ken,,2,Clinic,cs-nwpl@nwpl-jp.com,impact@yk.rim.or.jp,,-10183,1900-01-01 03:16:00,Impact Trading - Zen Group,0,No,795F2927-FF12-4727-9722-322B7E869737,0,Impact Trading Co. Ltd.,,,0,,,0,Active,1,Active,,,,
13935,,Yokohama,,,GLP Ayase,5F Shinyokohama No. 3 Tosho Bldg,,BILL TO,222-0033,Sports Cycle SAKAMOTO,Kanagawa-ken,,2,Clinic,cs-nwpl@nwpl-jp.com,impact@yk.rim.or.jp,,-10183,1900-01-01 03:16:00,Impact Trading - Sports Cycle SAKAMOTO,0,No,795F2927-FF12-4727-9722-322B7E869737,0,Impact Trading Co. Ltd.,,,0,,,0,Active,1,Active,,,,
13729,,New York,,,Mount Sinai SLR AP,PO Box 792 Cooper Station,,BILL TO,10276,,NY,,3,Hospital,,lougalli@gmail.com,,,1900-01-01 03:00:00,Mount Sinai Doctors Samuel Friedman Ctr,0,No,,0,,,,0,,,0,Active,1,Active,+12122526193,,,
13228,,Lima,,,,"801 Medical Dr, Ste A",,BILL TO,45804,,OH,,2,Clinic,bbyrne@orthoohio.com,,,(419) 224-5681,1900-01-01 02:22:00,Orthopaedic Institute of Ohio,0,No,,0,,,,0,,,0,Active,1,Active,,,,
13229,,Evanston,,,Attn:  Accounts Payable,190 Arrowhead Dr,,BILL TO,82930,,WY,,2,Clinic,evanstonwyap@qhcus.com,,,(307) 783-8420,1900-01-01 02:22:00,Evanston Clinic Corp.,0,No,,0,,,,0,,,0,Active,1,Active,+13077838258,,,http://www.uintamedicalgroup.com/uinta-medical-group/services1/podiatry-4179.aspx
13234,,Visalia,,,,"820 S Akers, Ste 220",,MAIN,93277,,CA,,2,Clinic,,kazi.rahman.dpm@gmail.com,,(559) 636-2564,1900-01-01 02:22:00,Orthopaedic Associates Medical Clinic,0,No,,0,,,18CF0F6E-E180-E611-A6C3-005056995B7E,0,"Kazi Rahman, DPM","Kazi Rahman, DPM",0,Active,1,Active,+15597333346,,,http://thebonesurgeons.com/
13384,,Connellsville,,,,3 Sunrise Cir,,BILL TO,15425,,PA,,2,Clinic,,malone.podiatry@yahoo.com,,(888) 325-0461,1900-01-01 02:32:00,Malone Foot Centers of Georgia LLC,0,No,,0,,,,0,,,0,Active,1,Active,+18888211242,,,
13385,,Crestwood,United States,,,"6400 Westwind Way, Ste B",,MAIN,40014,,KY,,2,Clinic,office.manager@ocfootankle.com,dr.pedersen@gmail.com,,(502) 276-9999,1900-01-01 02:32:00,"Oldham County Foot & Ankle, PLLC",0,No,,0,,,7D7425E2-8EF1-E711-A750-005056995B7E,0,"Jasen Pedersen, DPM","Jasen Pedersen, DPM",0,Active,1,Active,+15022769999,,,http://oldhamcountyfootandankle.com/
13386,,Wallingford,United States,,,27 Randolph St,,MAIN,6492,,CT,,1,Sole Practitioner,bevanhollingsworth@gmail.com,bevanhollingsworth@gmail.com,,,1900-01-01 02:32:00,"Hollingsworth, DPM/ Bevan",0,No,,0,,,EE07F338-34F6-E711-A750-005056995B7E,0,"Bevan Hollingsworth, DPM","Bevan Hollingsworth, DPM",0,Active,1,Active,+13602611963,,,
13387,,Price,United States,,Castle Valley Foot & Ankle,300 N Hospital Dr,,BILL TO,84501,,UT,,3,Hospital,tycie.wright@lpnt.net,brian.griffeth@lpnt.net,,(435) 637-6799,1900-01-01 02:32:00,Castleview Hospital LLC,0,No,,0,,,FE1D4573-BEF7-E711-A750-005056995B7E,0,"Brian Griffeth, DPM","Brian Griffeth, DPM",0,Active,1,Active,+14356376797,,,http://www.castleviewhospital.net/find-a-doctor/brian-j-griffeth-dpm
13936,,Billings,,,,"1690 Rimrock Rd, Ste L",,MAIN,59102,,MT,,2,Clinic,ali@rimrockpodiatry.com,ali@rimrockpodiatry.com,,(406) 256-3069,1900-01-01 03:16:00,Rimrock Podiatry,0,No,,0,,,,0,,,0,Active,1,Active,+14062560077,,,http://rimrockpodiatry.com
13594,,Yokohama,,,GLP Ayase,5F Shinyokohama No. 3 Tosho Bldg,,BILL TO,222-0033,Ashidoraku1,Kanagawa-ken,,4,Distributor,cs-nwpl@nwpl-jp.com,impact@yk.rim.or.jp,,-10183,1900-01-01 13:06:00,Impact Trading - Ashidoraku1,0,No,795F2927-FF12-4727-9722-322B7E869737,0,Impact Trading Co. Ltd.,,,0,,,0,Active,1,Active,,,,
13595,,Yokohama,,,GLP Ayase,5F Shinyokohama No. 3 Tosho Bldg,,BILL TO,222-0033,Ashidoraku2,Kanagawa-ken,,4,Distributor,cs-nwpl@nwpl-jp.com,impact@yk.rim.or.jp,,-10183,1900-01-01 04:05:00,Impact Trading - Ashidoraku2,0,No,795F2927-FF12-4727-9722-322B7E869737,0,Impact Trading Co. Ltd.,,,0,,,0,Active,1,Active,,,,
13596,,Yokohama,,,GLP Ayase,5F Shinyokohama No. 3 Tosho Bldg,,BILL TO,222-0033,Ashidoraku3,Kanagawa-ken,,4,Distributor,cs-nwpl@nwpl-jp.com,impact@yk.rim.or.jp,,-10183,1900-01-01 13:55:00,Impact Trading - Ashidoraku3,0,No,795F2927-FF12-4727-9722-322B7E869737,0,Impact Trading Co. Ltd.,,,0,,,0,Active,1,Active,,,,
13597,,Yokohama,,,GLP Ayase,5F Shinyokohama No. 3 Tosho Bldg,,BILL TO,222-0033,Ashidoraku4,Kanagawa-ken,,4,Distributor,cs-nwpl@nwpl-jp.com,impact@yk.rim.or.jp,,-10183,1900-01-01 14:08:00,Impact Trading - Ashidoraku4,0,No,795F2927-FF12-4727-9722-322B7E869737,0,Impact Trading Co. Ltd.,,,0,,,0,Active,1,Active,,,,
13598,,Sterling Heights,,,,37450 Dequindre Rd,,MAIN,48310,,MI,,2,Clinic,administration@tricountymedicalclinic.com,familymedicine@tricountymedicalclinic.com,,(586) 979-4888,1900-01-01 02:49:00,"Tri-County Medical Clinic, PC",0,No,,0,,,,0,,,0,Active,1,Active,+15869795100,,,http://tricountymedicalclinic.com
13599,,Duxbury,,,,95 Tremont St,,MAIN,2332,,MA,,2,Clinic,,pmarella@drmarella.com,,(781) 934-8446,1900-01-01 02:49:00,Advanced Foot Care,0,No,,0,,,99808F8A-A247-EA11-A85E-005056995B7E,0,"Paula Marella, DPM","Paula Marella, DPM",0,Active,1,Active,+17819348447,,,http://www.drmarella.com
13600,,Louisville,,,,2125 S Floyd St,,BILL TO,40292,,KY,,2,Clinic,,deborah.cox@louisville.ewu,,(502) 852-2497,1900-01-01 02:49:00,UL Sports Medicine,0,No,,0,,,,0,,,0,Active,1,Active,+15028520123,,,
13601,,Toledo,,,,2828 Barrington Dr,,MAIN,43606,,OH,,2,Clinic,,shayne.m.erman@gmail.com,,,,"Ankle and Foot Specialists of Sylvania, LLC",0,No,,0,,,,0,,,0,Active,1,Active,+14195167323,,,http://sylvaniaDPM.com
13602,,Jacksonville,,,,"2720 Park St, Ste 210",,MAIN,32205,,FL,,,,,doctor@podiatristoncall.net,,(904) 862-2593,1900-01-01 02:49:00,"Podiatrist On Call, LLC",0,No,,0,,,,0,,,0,Active,1,Active,+19047078769,,,http://podiatristoncall.net
13603,,Mount Vernon,,,Skagit Regional Clinics,Attn:  Finance/AP,PO Box 1376,BILL TO,98273,,WA,,2,Clinic,ap@skagitvalleyhospital.org,,,(360) 658-1534,1900-01-01 02:49:00,"Skiles, DPM/ Todd",0,No,04F923CC-88EC-E111-9570-005056B60006,0,Skagit Regional Clinic Mt. Vernon,,,0,,,0,Active,1,Active,+13606533354,,,http://www.srclinics.org
13580,,Quincy,,,,"300 Congress St, Ste 404",,BILL TO,2169,,MA,,2,Clinic,,,,(617) 436-2424,1900-01-01 02:47:00,United Prosthetics,0,No,,0,,,,0,,,0,Active,1,Active,+16174366110,,,https://www.unitedprosthetics.com/
13581,,Yokohama,,,GLP Ayase,5F Shinyokohama No. 3 Tosho Bldg,,BILL TO,222-0033,Renaissance Genki Gym Konandai,Kanagawa-ken,,4,Distributor,cs-nwpl@nwpl-jp.com,impact@yk.rim.or.jp,,-10183,1900-01-01 02:47:00,Impact Trading - Renaissance Genki Gym Konandai,0,No,795F2927-FF12-4727-9722-322B7E869737,0,Impact Trading Co. Ltd.,,,0,,,0,Active,1,Active,,,,
13583,,Tavares,,,,870 S Duncan Dr,,MAIN,32778,,FL,,2,Clinic,brendaferguson@midlakefootandankle.com,breannaferguson@gmail.com,,(325) 609-8080,,"OWS Medical, LLC",0,No,,0,,,,0,,,0,Active,1,Active,+13254328434,,,http://midlakefootandankle.com
13584,,San Diego,,,,"6190 Fairmount Ave, Ste A",,MAIN,92120,,CA,,2,Clinic,,jprater@abiprosthetics.com,,(619) 285-5045,1900-01-01 02:48:00,ABI P & O Inc,0,No,,0,,,,0,,,0,Active,1,Active,+16192855040,,,http://www.abilitypros.com
13585,,Kent,,,,15101 Southeast 235th St,,BILL TO,98042,,WA,,,,,,,(253) 942-2289,1900-01-01 02:48:00,"Shogren, DPM/ Sarah (Personal Acct)",0,No,,0,,,,0,,,0,Active,1,Active,+12539422280,,,
13587,,Yokohama,,,GLP Ayase,5F Shinyokohama No. 3 Tosho Bldg,,BILL TO,222-0033,Shoemart Matsumotomurai,Kanagawa-ken,,4,Distributor,cs-nwpl@nwpl-jp.com,impact@yk.rim.or.jp,,-10183,1900-01-01 02:48:00,Impact Trading - Shoemart Matsumotomurai,0,No,795F2927-FF12-4727-9722-322B7E869737,0,Impact Trading Co. Ltd.,,,0,,,0,Active,1,Active,,,,
13588,,Yokohama,,,GLP Ayase,5F Shinyokohama No. 3 Tosho Bldg,,BILL TO,222-0033,Shoemart Head Office,Kanagawa-ken,,4,Distributor,cs-nwpl@nwpl-jp.com,impact@yk.rim.or.jp,,-10183,1900-01-01 02:48:00,Impact Trading - Shoemart Head Office,0,No,795F2927-FF12-4727-9722-322B7E869737,0,Impact Trading Co. Ltd.,,,0,,,0,Active,1,Active,,,,
13590,,Anacortes,United States,,,1612 Georgia Place,,MAIN,98221,,WA,,,,,dorissklam@gmail.com,,(360) 424-5969,1900-01-01 02:48:00,Coastal Foot & Ankle Clinic,0,No,,0,,,9141BFED-5B36-EA11-A9CA-005056995B7E,0,"Doris Lam, DPM","Doris Lam, DPM",0,Active,1,Active,+13604202486,,,http://coastalfootandankleclinic.com/
13592,,Oakland,,,,"2640 8th Ave, Apt C",,BILL TO,94606,,CA,,1,Sole Practitioner,,drajithaknair@gmail.com,,,1900-01-01 02:49:00,"Ajitha Nair, DPM",0,No,,0,,,,0,,,0,Active,1,Active,+14153519889,,,
13593,,Plainview,,,,"100 Manetto HIll Rd, Ste 103",,MAIN,11803,,NY,,,,gabi@faasny.com,,,(516) 822-9582,1900-01-01 02:49:00,FAASNY - Plainview,0,No,3EDB330A-CAA3-E311-8A4E-005056B60006,0,FAASNY,,,0,,,0,Active,1,Active,+15168229595,,,http://www.faasny.com
13478,,Augusta,,,,2301 Wrightsboro Rd,,MAIN,30904,,GA,,2,Clinic,gcocenters@gmail.com,allen@gcocenters.com,,(706) 496-2148,1900-01-01 02:40:00,Georgia Carolina Orthotic Centers,0,No,,0,,,,0,,,0,Active,1,Active,+17068143848,,,http://www.gcocenters.com
13479,,Yokohama,,,GLP Ayase,5F Shinyokohama No. 3 Tosho Bldg,,BILL TO,222-0033,Physical Harmonie,Kanagawa-ken,,2,Clinic,cs-nwpl@nwpl-jp.com,impact@yk.rim.or.jp,,-10183,1900-01-01 02:40:00,Impact Trading - Physical Harmonie,0,No,795F2927-FF12-4727-9722-322B7E869737,0,Impact Trading Co. Ltd.,,,0,,,0,Active,1,Active,,,,
13480,,Freehold,United States,,,505 Stillwells Corner Rd,,MAIN,7728,,NJ,,2,Clinic,,drlemberger@lembergerpodiatry.com,,(732) 863-7023,1900-01-01 02:41:00,Lemberger Podiatry,0,No,,0,,,79B6B39E-F1F4-E811-AA3D-005056995B7E,0,"Steven Lemberger, DPM","Steven Lemberger, DPM",0,Active,1,Active,+17328637010,,,http://www.lembergerpodiatry.com/
13481,,Boise,,,VA Prosthetics Dept,500 W Fort St,,MAIN,83702,,ID,,100000000,VA,terri@nwpodiatric.com,,,(208) 422-1223,1900-01-01 02:41:00,VA/ Boise (531/121),0,No,,0,,,,0,,,0,Active,1,Active,+12084221355,,,
13482,,Yokohama,,,BiNI Warabi,GLP Ayase,5F Shinyokohama No. 3 Tosho Bldg,BILL TO,222-0033,,Kanagawa-ken,,2,Clinic,cs-nwpl@nwpl-jp.com,impact@yk.rim.or.jp,,-10183,1900-01-01 02:41:00,Impact Trading - BiNI Warabi,0,No,795F2927-FF12-4727-9722-322B7E869737,0,Impact Trading Co. Ltd.,,,0,,,0,Active,1,Active,,,,
13483,,Eugene,,,,"1400 Valley River Dr, Ste 210",,MAIN,97401,,OR,,2,Clinic,monica@cascadiafootandankle.com,drewpearsondpm@yahoo.com,,,1900-01-01 02:41:00,Cascadia Foot & Ankle Specialists,0,No,,0,,,,0,,,0,Active,1,Active,+15416004630,,,http://cascadiafootandankle.com
13828,,Kingston,,,,28320 State Highway 104 NE,,BILL TO,98346-9498,,WA,,2,Clinic,,lynnkschorn@gmail.com,,(206) 842-2890,,"Kitsap Kinetics, LLC/Lynn Schorn, PT",0,No,,0,,,,0,,,0,Active,1,Active,+13606492294,,,
13829,,Springfield,,,,2716 W Republic Rd,,MAIN,65807,,MO,,2,Clinic,apinvoices@mercy.net,,,(417) 881-1618,1900-01-01 03:06:00,Mercy Clinic Family Medicine - Scenic,0,No,C1E16459-F8FA-DE11-AF67-000C29EC1EE3,0,Mercy Clinic Springfield Communities,,,0,,,0,Active,1,Active,+14178818812,,,http://Mercy.net
13830,,Becker,,,,13640 Olivia Ct.,,,55308,,MN,,2,Clinic,steve@jaghealth.net,steve@jaghealth.net,,,1900-01-01 03:35:00,"JAG Health, LLC",0,No,,0,,,,0,,,0,Active,1,Active,+17632995677,,,http://jaghealth.net
13831,,Telluride,,,,305 Society Drive #C-3,,MAIN,81435,,CO,,2,Clinic,admin@gaitways.com,admin@gaitways.com,,(866) 886-7736,1900-01-01 03:06:00,"Progressive GaitWays, LLC",0,No,,0,,,,0,,,0,Active,1,Active,+19702390209,,,http://gaitways.com
13832,,Centennial,,,,7180 E Orchard Rd Ste 100,,MAIN,80111,,CO,,2,Clinic,nancyrn@coloradofootinstitute.com,nancyrn@coloradofootinstitute.com,,(844) 793-4262,1900-01-01 03:06:00,Colorado Foot Institute,0,No,,0,,,,0,,,0,Active,1,Active,+13033333383,,,
13833,,Portland,,,,959 Brighton Ave.,,MAIN,4102,,ME,,2,Clinic,,,,,1900-01-01 03:06:00,"Hanger Clinic Portland, ME",0,No,,0,,,,0,,,0,Active,1,Active,+12077734963,,,
13834,,Woodbridge,,,,14010 Smoketown Rd Ste 103,,BILL TO,22192,"Potomac Podiatry Group, PLLC",VA,,2,Clinic,,,,(410) 263-7380,1900-01-01 03:06:00,Annapolis Foot and Ankle,0,No,,0,,,,0,,,0,Active,1,Active,+14102633100,,,http://www.annapolisfootandankle.com
13835,,Owings,,,,PO Box 185,,BILL TO,20736,,MD,,2,Clinic,,familyfootcaremd@gmail.com,,(301) 934-3345,1900-01-01 03:06:00,Family Foot Care,0,No,,0,,,91467E7C-CBDE-ED11-AA45-005056995B7E,0,"Jeffrey Idol, DPM","Jeffrey Idol, DPM",0,Active,1,Active,+13018846056,,,https://familyfootcaremd.com/
13836,,Wilmington,,,,"1941 Limestone Rd, Ste 101",,BILL TO,19808,,DE,,2,Clinic,wtrescott@delortho.com,kperscky@delortho.com,,(302) 691-1478,1900-01-01 03:06:00,Delaware Orthopaedic Specialists,0,No,,0,,,,0,,,0,Active,1,Active,+13026559494,,,http://www.delortho.com
13837,,Yokohama,,,GLP Ayase,5F Shinyokohama No. 3 Tosho Bldg,,BILL TO,222-0033,Nichimo,Kanagawa-ken,,2,Clinic,cs-nwpl@nwpl-jp.com,impact@yk.rim.or.jp,,-10183,1900-01-01 03:06:00,Impact Trading - Nichimo,0,No,795F2927-FF12-4727-9722-322B7E869737,0,Impact Trading Co. Ltd.,,,0,,,0,Active,1,Active,,,,
13838,,Palm Beach Gardens,United States,,,"4215 Burns Rd, Ste 200",,MAIN,33410,,FL,,2,Clinic,jennifert@pboi.com,natashal@pboi.com,,,1900-01-01 03:06:00,"Palm Beach Orthopaedic Institute, PA",0,No,,0,,,19406F70-30E9-ED11-AA45-005056995B7E,0,"John Schilero, DPM","John Schilero, DPM",0,Active,1,Active,+15616947776,,,https://www.pboi.com/
13839,,New Orleans,,,(Central Energy Plant),2400 Canal St,,BILL TO,70119,SE Louisiana Veterans HCS LA VAMC 629,LA,,3,Hospital,,,,(504) 507-7087,1900-01-01 03:07:00,VA/ SE Louisiana (629/629),0,No,,0,,,,0,,,0,Active,1,Active,+15045077025,,,
13840,,Fairfax,United States,,,"10721 Main St, Ste 3500",,MAIN,22030,,VA,,2,Clinic,,jugaldhariadpm@gmail.com,,(703) 237-2253,1900-01-01 03:07:00,Oakton Foot and Ankle Center,0,No,,0,,,3351FC75-D7ED-ED11-AA45-005056995B7E,0,"Ankita Dharia, DPM","Ankita Dharia, DPM",0,Active,1,Active,+17033528888,,,http://www.oaktonfootankle.com
13841,,Honolulu,United States,,Moanalua Medical Center,3288 Moanalua Rd,,MAIN,96819,,HI,,3,Hospital,kp-ap-invoice@kp.org,,,,1900-01-01 03:07:00,Kaiser Permanente,0,No,,0,,,0AD58794-DBED-ED11-AA45-005056995B7E,0,"Kevin Murphy, DPM","Kevin Murphy, DPM",0,Active,1,Active,+18084324000,,,https://healthy.kaiserpermanente.org/hawaii/facilities/kaiser-permanente-moanalua-medical-center-100434
13842,,Hernando,,,,1558 Monteith Ave,,MAIN,38632,,MS,,2,Clinic,,mglyon33@hotmail.com,,(662) 449-3676,1900-01-01 03:07:00,Foot Health Centers,0,No,,0,,,,0,,,0,Active,1,Active,+16624493663,,,https://msfootandankle.com/
13843,,Emmett,,,Specialty Medicine & Surgical Clinic,1024 E Locust St,,MAIN,83617,,ID,,2,Clinic,,,,(208) 365-0677,1900-01-01 03:07:00,Valor Health,0,No,,0,,,,0,,,0,Active,1,Active,+12083652338,,,https://www.valorhealth.org/services/specialty-clinics/
13845,,Minneapolis,,,,1 Veterans Dr,,BILL TO,55417,,MN,,200000,VA,,,,,1900-01-01 03:07:00,VA/ Minneapolis,0,No,,0,,,,0,,,0,Active,1,Active,+16124676507,,,
13846,,Roseville,,,Sutter Health Palo Alto Medical Foundation,Attn:  Mary Ann Malaluan,PO Box 619110,BILL TO,95661,,CA,,2,Clinic,s3vendorinvoices@sutterhealth.org,alan.sue@sutterhealth.org,,(408) 354-3745,1900-01-01 03:07:00,"PAMF - Sue, DPM/ Alan",0,No,82BA8F2E-90FC-DE11-AF67-000C29EC1EE3,0,Sutter Health - PAMF,,,0,,,0,Active,1,Active,+14087306160,,,https://www.sutterhealth.org/pamf/services/podiatric
13847,,Bend,,,"Neuromusculaskeletal Center of the Cascades, PC","2200 NE Neff Rd, Ste. 200",,Main,97701-4281,,OR,,2,Clinic,ap@thecenteroregon.com,dnakadate@thecenteroregon.com,,(541) 382-1681,1900-01-01 03:07:00,The Center for Orthopedic & Neurosurgical Care & Research,0,No,,0,,,,0,,,0,Active,1,Active,+15413823344,,,http://www.thecenteroregon.com
13848,,Whitefish Bay,United States,,Ascension,5415 N Santa Monica Blvd,,MAIN,53217,,WI,,2,Clinic,jkboudi@yahoo.com,jkboudi@yahoo.com,,(414) 319-3087,1900-01-01 03:07:00,"Boudreau, DPM / Jason",0,No,,0,,,B1982FF7-750C-EE11-AA45-005056995B7E,0,"Jason Boudreau, DPM","Jason Boudreau, DPM",0,Active,1,Active,+14147082434,,,
13371,,Yokohama,,,GLP Ayase,5F Shinyokohama No. 3 Tosho Bldg,,BILL TO,222-0033,Hanazono Clinic,Kanagawa-ken,,2,Clinic,cs-nwpl@nwpl-jp.com,impact@yk.rim.or.jp,,-10183,1900-01-01 02:31:00,Impact Trading - Hanazono Clinic,0,No,795F2927-FF12-4727-9722-322B7E869737,0,Impact Trading Co. Ltd.,,,0,,,0,Active,1,Active,,,,
13373,,Ponce,,,,PO Box 336892,,BILL TO,733,,PR,,2,Clinic,,supportorlando@orthoticscenter.com,,(407) 757-2632,1900-01-01 02:31:00,"Orthotic Center, Inc",0,No,,0,,,,0,,,0,Active,1,Active,+14073534144,,,
13374,,Canton,,,Outpatient Specialty Rehabilitation Center,PO Box 9180,,BILL TO,2021,Inova Health System,MA,,3,Hospital,apinvoices@inova.org,paul.lastova@inova.org,,(703) 858-8208,1900-01-01 02:31:00,Inova Loudoun Hospital,0,No,,0,,,,0,,,0,Active,1,Active,+17038586390,,,http://inova.org
13375,,Wickenburg,,,,PO Box 100,,BILL TO,85358,,AZ,,1,Sole Practitioner,,,,,1900-01-01 02:31:00,"Miller Clinic, LTD.",0,No,,0,,,,0,,,0,Active,1,Active,+19286842425,,,
13378,,Wayne,,,,"342 Hamburg Turnpike, Ste 202",,MAIN,7470,,NJ,,2,Clinic,,badrih1@gmail.com,,,1900-01-01 02:31:00,One Oak Medical,0,No,,0,,,,0,,,0,Active,1,Active,+19738700777,,,http://www.oneoakmedical.com
13241,,Safford,,,,2240 W 16th St,,MAIN,85546,.,AZ,,2,Clinic,,a2zpodiatry@gmail.com,,(928) 348-3705,1900-01-01 02:22:00,"Huish, DPM/ James P.",0,No,,0,,,,0,,,0,Active,1,Active,+19283483700,,,
13242,,San Leandro,,,Foot Doctor of the East Bay,"13847 E. 14th St, Ste 203",,BILL TO,94578,,CA,,1,Sole Practitioner,zein48@gmail.com,zein48@gmail.com,,(925) 415-3478,1900-01-01 02:23:00,"Ahmad, DPM/ Zeineldin",0,No,447C9753-7894-E911-BAFF-005056995B7E,0,Foot Doctor of the East Bay,,,0,,,0,Active,1,Active,+19254250769,,,http://trivalleyfootandankle.com
13243,,Peoria,,,"OSF Medical Group College Ave, Podiatry",PO Box 6259,,BILL TO,61601,,IL,,2,Clinic,osfhealthcare.ap@osfhealthcare.org,,,(309) 664-3119,1900-01-01 02:23:00,OSF Multi-Specialty Group,0,No,C7006B11-ACE4-EF11-9D62-005056995B7E,0,OSF HealthCare,,,0,,,0,Active,1,Active,+13096643038,,,
13245,,Avon,,,.,"302 W Main St, Ste 107",,MAIN,6001,,CT,,2,Clinic,,sbookydpm@yahoo.com,,(860) 674-1206,1900-01-01 02:23:00,Avon Foot Care PC,0,No,,0,,,,0,,,0,Active,1,Active,+18606741200,+18606741206,,https://avonfootcare.com/
13246,,Littleton,,,CHI Accounts Payable Support Center,PO Box 636000,,BILL TO,80163,"Daniel Greenan, DPM",CO,,2,Clinic,apinvoice@catholichealth.net,dgreenan@yahoo.com,,(206) 246-0468,1900-01-01 02:23:00,Franciscan Foot & Ankle Associates,0,No,07AA5A2C-0C02-DF11-8291-000C29EC1EE3,0,Catholic Health Initiatives,,,0,,,0,Active,1,Active,+12062426553,,,
13437,,Clovis,,,,1820 W 21st  St.,,MAIN,88101,,NM,,2,Clinic,wahlena@enmfa.com,wahlendpm@enmfa.com,,(575) 935-3669,1900-01-01 02:37:00,Eastern New Mexico Foot & Ankle,0,No,,0,,,F92822CD-DE89-E811-AC14-005056995B7E,0,"Devin Wahlen, DPM","Devin Wahlen, DPM",0,Active,1,Active,+15759353668,,,http://www.enmfa.com
13438,,Walnut Creek,,,,2227 Olympic Blvd,,MAIN,94595,,CA,,1,Sole Practitioner,,dr_lie@runfootdoc.com,,(925) 937-5565,1900-01-01 02:37:00,"Lie, DPM/ Robin",0,No,,0,,,0DEF3EE1-EE89-E811-AC14-005056995B7E,0,"Robin Lie, DPM","Robin Lie, DPM",0,Active,1,Active,+19259372860,,,http://runfootdoc.com
13439,,Springfield,,,,148 Park St,,MAIN,5156,,VT,,2,Clinic,,epsjr1@hotmail.com,,,1900-01-01 02:37:00,"Smith, DPM/ Edward",0,No,,0,,,,0,,,0,Active,1,Active,+18028852318,,,
13441,,Windham,,,,5 Abby Rd,,MAIN,4062,,ME,,2,Clinic,paige.pingitore@gmail.com,,,,1900-01-01 02:37:00,Lake Region Foot & Ankle Center,0,No,5AA1DCD4-308C-E811-AC14-005056995B7E,0,Lake Region Foot & Ankle Center,,,0,,,0,Active,1,Active,+12078931989,,,http://www.ankleandfootmaine.com/
13442,,Farnham,,,,2 Bishops Rd,,MAIN,GU9 0JA,,Surrey,,,,,chrispinches@hotmail.co.uk,,,1900-01-01 02:37:00,Farnham Osteopathic Practice,0,No,,0,,,,0,,,0,Active,1,Active,,,,http://farnhamosteopaths.com/
13444,,Romeo,,,,174 S Main St,,MAIN,48065,,MI,,,,,chanda.corbin@beaumont.org,,(586) 372-7201,1900-01-01 02:37:00,Washington Foot and Ankle,0,No,,0,,,,0,,,0,Active,1,Active,+15863727200,,,http://www.washingtonfootandankle.com
13445,,Braselton,,,,1515 River Place Ste 370,,MAIN,30517,,GA,,,,,chateaufoot@getgreatfeet.com,,(706) 780-5366,1900-01-01 02:37:00,Chateau Foot and Ankle Center,0,No,,0,,,369BB4BE-2F94-E811-AC14-005056995B7E,0,"Gemma English, DPM","Gemma English, DPM",0,Active,1,Active,+17706485040,,,http://www.getgreatfeet.com
13447,,Monmouth Beach,,,,PO Box 83,,BILLING,7750,,NJ,,,,,appointments@allcarefootandankle.com,,(732) 784-4286,1900-01-01 02:38:00,"All Care Foot & Ankle, LLC",0,No,,0,,,F593C96F-C69C-E811-AC14-005056995B7E,0,"Allison Cheney, DPM","Allison Cheney, DPM",0,Active,1,Active,+17326953668,,,http://www.allcarefootandankle.com/
13448,,Danbury,,,BOA Plaza,52 Federal Rd. Ste 1A,,MAIN,6810,,CT,,1,Sole Practitioner,,dr_mileto@yahoo.com,,(203) 796-7478,1900-01-01 02:38:00,"Mileto, DPM/ Richard",0,No,,0,,,F45C46EC-C79C-E811-AC14-005056995B7E,0,"Richard Mileto, DPM","Richard Mileto, DPM",0,Active,1,Active,+12037923668,,,https://www.ffcdocs.com/
13449,,Torrington,United States,,,"245 Alvord Park Rd, Ste A2",,MAIN,6790,,CT,,2,Clinic,dzarrella@lhoa.com,,,(860) 482-0258,1900-01-01 02:38:00,Litchfield Hills Orthopedic Associates,0,No,,0,,,0AF0E261-ABA0-E811-AC14-005056995B7E,0,"Jennifer D'Amico, DPM","Jennifer D'Amico, DPM",0,Active,1,Active,+18604964164,,,http://lhoa.com
13450,,El Paso,,,,900 E. Yandell Dr.,,MAIN,79902,,TX,,2,Clinic,,totalo-psolutions@sbcglobal.net,,(915) 541-8678,1900-01-01 02:38:00,"Total Orthotic & Prosthetic Solutions, Inc.",0,No,,0,,,8D23DE7F-87A1-E811-AC14-005056995B7E,0,"Miguel Guerra, CPO","Miguel Guerra, CPO",0,Active,1,Active,+19155418677,,,http://totalorthoticandprostheticsolutions.com/
13451,,Shelby,,,,PO Box 990,,BILL TO,59474,,MT,,2,Clinic,mbrauchle@mhsihealth.org,jhooker@mmcmt.org,,(406) 434-3143,1900-01-01 02:38:00,Marias Healthcare Services Inc,0,No,,0,,,,0,,,0,Active,1,Active,+14064343100,,,http://www.mariashealth.org
13452,,McLean,,,,8231 Crestwood Heights Dr,,BILL TO,22102,,VA,,1,Sole Practitioner,,jugaldhariadpm@gmail.com,,(703) 352-8994,1900-01-01 02:38:00,"Dharia, DPM/ Jugal (personal acct)",0,No,,0,,,,0,,,0,Active,1,Active,+12152002300,,,
13453,,West Palm Beach,United States,,,"2051 45th St, Ste 201",,MAIN,33407,,FL,,,,,palmbeachpodiatryfl@gmail.com,,(561) 840-1354,1900-01-01 02:38:00,"Palm Beach Podiatry, P.A.",0,No,,0,,,003AE3D0-97A5-E811-AC14-005056995B7E,0,"Ariel Lepoff, DPM","Ariel Lepoff, DPM",0,Active,1,Active,+15618400491,,,
13454,,Brooklyn,,,,2102 63rd St,,MAIN,11204,,NY,,2,Clinic,,nycped@gmail.com,,,1900-01-01 02:38:00,Pedorthic Associates,0,No,,0,,,,0,,,0,Active,1,Active,+17182367700,,,
13455,,Yokohama,,,GLP Ayase,5F Shinyokohama No. 3 Tosho Bldg,,BILL TO,222-0033,Genkizym Konandai,Kanagawa-ken,,2,Clinic,cs-nwpl@nwpl-jp.com,impact@yk.rim.or.jp,,-10183,1900-01-01 02:38:00,Impact Trading - Genkizym Konandai,0,No,795F2927-FF12-4727-9722-322B7E869737,0,Impact Trading Co. Ltd.,,,0,,,0,Active,1,Active,,,,
13456,,New York,,,,470 Park Ave S,,MAIN,10016,,NY,,5,Other,,,,,1900-01-01 02:38:00,Eneslow Shoes,0,No,,0,,,,0,,,0,Active,1,Active,+12124772300,,,https://eneslow.com/
13457,,Woden,,,Suite 18 Corinna Chambers,36-38 Corinna Street,,MAIN,2606,,ACT,,,,,info@thefootclinic.com.au,,+61 2 62825466,1900-01-01 02:39:00,The Foot Clinic,0,No,,0,,,,0,,,0,Active,1,Active,+61262825466,,,http://thefootclinic.com.au
13458,,Yorba Linda,,,,PO Box 541,,BILL TO,92885,,CA,,1,Sole Practitioner,doctor.jeri@gmail.com,doctor.jeri@gmail.com,,(714) 985-9161,1900-01-01 02:39:00,"Gruenes, DPM/ Jeri",0,No,,0,,,E4BCE120-78AD-E811-AC14-005056995B7E,0,"Jeri Gruenes, DPM","Jeri Gruenes, DPM",0,Active,1,Active,+17149859168,,,http://www.doctorjeri.com
13545,,Naples,,,,9258 Troon Lakes Dr,,MAIN,34109,,FL,,1,Sole Practitioner,,tajranier@aol.com,,,1900-01-01 02:45:00,"Gordon, DPM/ Mickey",0,No,,0,,,,0,,,0,Active,1,Active,+12395985363,,,
13546,,Carmel,United States,,,"225 Crossroads Blvd, Ste 361",,MAIN,93923,,CA,,2,Clinic,office@toesonthego.com,drkraft@toesonthego.com,,(831) 471-5495,1900-01-01 02:45:00,Toes On The Go,0,No,,0,,,2E3FA814-28AE-E911-AD81-005056995B7E,0,"Michele Kraft, DPM","Michele Kraft, DPM",0,Active,1,Active,+18313738637,,,http://www.toesonthego.com
13547,,Yokohama,,,GLP Ayase,5F Shinyokohama No. 3 Tosho Bldg,,BILL TO,222-0033,Tender Heart Co. Ltd.,Kanagawa-ken,,4,Distributor,cs-nwpl@nwpl-jp.com,impact@yk.rim.or.jp,,-10183,1900-01-01 02:45:00,"Impact Trading - Tender Heart Co.,Ltd",0,No,795F2927-FF12-4727-9722-322B7E869737,0,Impact Trading Co. Ltd.,,,0,,,0,Active,1,Active,,,,
13548,,Wenatchee,,,"Foot & Ankle Ctr of Wenatchee, P.S.",616 N Chelan Ave,,MAIN,98801,,WA,,2,Clinic,,bikebry@me.com,,(509) 665-9808,1900-01-01 02:45:00,"McInnes, DPM/ Brian",0,No,3ECD6644-A171-E411-B754-005056B60006,0,Foot & Ankle Ctr of Wenatchee,,,0,,,0,Active,1,Active,+15096622970,,,http://www.footandankleofwenatchee.com/
13549,,Baton Rouge,,,,4630 Bluebonnet Blvd,,MAIN,70809,,LA,,2,Clinic,fcbr1@bellsouth.net,,,(225) 295-1491,1900-01-01 02:45:00,The Foot Clinic of Baton Rouge,0,No,,0,,,,0,,,0,Active,1,Active,+12252951027,,,http://thefootclinicofbatonrouge.com
13550,,Yokohama,,,GLP Ayase,5F Shinyokohama No. 3 Tosho Bldg,,BILL TO,222-0033,Qualia Field,Kanagawa-ken,,4,Distributor,cs-nwpl@nwpl-jp.com,impact@yk.rim.or.jp,,-10183,1900-01-01 02:45:00,Impact Trading - Qualia Field,0,No,795F2927-FF12-4727-9722-322B7E869737,0,Impact Trading Co. Ltd.,,,0,,,0,Active,1,Active,,,,
13900,,Greenbay,,,,PO Box 23400,,BILL TO,54304,,WI,,2,Clinic,einvoices@bellin.org,einvoice@bellin.org,,(920) 445-7259,1900-01-01 03:13:00,Bellin Health Orthopedic Clinic,0,No,,0,,,,0,,,0,Active,1,Active,+19204457260,,,http://bellin.org/services/orthopedics/podiatry-care
13901,,Boulder,,,Meghan Morgan,"3400 Table Mesa Dr, Ste.102",,MAIN,80305,,CO,,2,Clinic,meghankmorgan@gmail.com,meghankmorgan@gmail.com,,,1900-01-01 03:13:00,Blue Sky Foot & Ankle,0,No,,0,,,,0,,,0,Active,1,Active,+17207983208,,,http://blueskyfootandankle.com
13902,,New York,,,Jacqueline Sutera,"57 W 57th St, Ste.1201",,MAIN,100019,,NY,,2,Clinic,,jsutera@citypodiatry.com,,(212) 755-3676,1900-01-01 03:13:00,"City Podiatry, PLLC",0,No,,0,,,,0,,,0,Active,1,Active,+12127558858,,,http://www.citypodiatry.com
13903,,New York,,,,,"120 E 86th St, 2nd Flr",MAIN,10028,,NY,,2,Clinic,uespodiatry@gmail.com,uespodiatry@gmail.com,,(212) 427-2008,1900-01-01 03:13:00,"Lee, Catherine N, DPM/Park Avenue Medical Assoc",0,No,,0,,,,0,,,0,Active,1,Active,+12124272000,,,http://www.parkavedrs.com
13904,,Arlington,,,,"19113 63rd Ave NE, Unit #1",,MAIN,98223,,WA,,5,Other,,,,(360) 403-9173,1900-01-01 03:13:00,"Artisan Industries, Inc.",0,No,,0,,,,0,,,0,Active,1,Active,+13604741282,,,
13905,,Yokohama,,,GLP Ayase,5F Shinyokohama No. 3 Tosho Bldg,,BILL TO,222-0033,,Kanagawa-ken,,4,Distributor,cs-nwpl@nwpl-jp.com,impact@yk.rim.or.jp,,-10183,1900-01-01 03:13:00,Impact Trading Co. Ltd. - StepCraft,0,No,795F2927-FF12-4727-9722-322B7E869737,0,Impact Trading Co. Ltd.,,,0,,,0,Active,1,Active,,,,
13906,,Urbana,,,,106 W Main St,,MAIN,61801,,IL,,2,Clinic,anna@heel2toe.net,anna@heel2toe.net,,(217) 803-8615,1900-01-01 03:13:00,Heel To Toe,0,No,,0,,,,0,,,0,Active,1,Active,+12173672880,,,http://www.heel2toe.net
13907,,Nashville,,,,PO Box 92190,,BILL TO,37209,,TN,,2,Clinic,invoices@upperlinehealth.com,nenglish859@gmail.com,,,1900-01-01 03:13:00,"Upperline Health, Columbus Foot & Ankle",0,No,,0,,,,0,,,0,Active,1,Active,+18884995249,,,https://upperlinehealth.com/location/columbus/
13663,,Portland,,,,1720 SW Huntington Ave.,,MAIN,97225,,OR,,2,Clinic,,dr.stach@bcfaa.com,,,1900-01-01 02:56:00,Bridge City Foot & Ankle LLC,0,No,,0,,,,0,,,0,Active,1,Active,+15038054720,,,http://www.bcfaa.com
13664,,Yokohama,,,GLP Ayase,5F Shinyokohama No. 3 Tosho Bldg,,BILL TO,222-0033,Kimitsu Hospital,Kanagawa-ken,,2,Clinic,cs-nwpl@nwpl-jp.com,impact@yk.rim.or.jp,,-10183,1900-01-01 02:56:00,Impact Trading - Kimitsu Hospital,0,No,795F2927-FF12-4727-9722-322B7E869737,0,Impact Trading Co. Ltd.,,,0,,,0,Active,1,Active,,,,
13499,,Evansville,United States,,,4640 W Lloyd Expy,,MAIN,47712,,IN,,2,Clinic,,janekoch@firstpodiatry.com,,(812) 421-0994,1900-01-01 02:41:00,"First Podiatry, PC",0,No,,0,,,D1EB6C23-FA41-E911-B141-005056995B7E,0,"Jane Koch, DPM","Jane Koch, DPM",0,Active,1,Active,+18124224336,,,https://firstpodiatry.com/
13501,,Yokohama,,,GLP Ayase,5F Shinyokohama No. 3 Tosho Bldg,,BILL TO,222-0033,Inagi Naganuma Hasegawa Clinic,Kanagawa-ken,,2,Clinic,cs-nwpl@nwpl-jp.com,impact@yk.rim.or.jp,,-10183,1900-01-01 02:41:00,Impact Trading - Inagi Shinkyu Hasegawa Fijio,0,No,795F2927-FF12-4727-9722-322B7E869737,0,Impact Trading Co. Ltd.,,,0,,,0,Active,1,Active,,,,
13502,,Yokohama,,,GLP Ayase,5F Shinyokohama No. 3 Tosho Bldg,,BILL TO,222-0033,Momo Clinic,Kanagawa-ken,,2,Clinic,cs-nwpl@nwpl-jp.com,impact@yk.rim.or.jp,,-10183,,Impact Trading - Momo Clinic,0,No,795F2927-FF12-4727-9722-322B7E869737,0,Impact Trading Co. Ltd.,,,0,,,0,Active,1,Active,,,,
13503,,Yokohama,,,GLP Ayase,5F Shinyokohama No. 3 Tosho Bldg,,BILL TO,222-0033,Uchiyama Clinic,Kanagawa-ken,,4,Distributor,cs-nwpl@nwpl-jp.com,impact@yk.rim.or.jp,,-10183,,Impact Trading - Uchiyama Clinic,0,No,795F2927-FF12-4727-9722-322B7E869737,0,Impact Trading Co. Ltd.,,,0,,,0,Active,1,Active,,,,
13504,,Prescott Valley,,,,PO Box 26488,,BILL TO,86312,,AZ,,2,Clinic,,spfootdr@hotmail.com,,(928) 775-3250,1900-01-01 02:41:00,Premier Foot & Ankle,0,No,,0,,,,0,,,0,Active,1,Active,+19287725916,,,http://prescottvalleyfootandankle.com
13505,,Yokohama,,,GLP Ayase,5F Shinyokohama No. 3 Tosho Bldg,,BILL TO,222-0033,"Kagayakuhane Co.,Ltd.",Kanagawa-ken,,4,Distributor,cs-nwpl@nwpl-jp.com,impact@yk.rim.or.jp,,-10183,1900-01-01 02:41:00,"Impact Trading - Kagayakuhane Co.,Ltd.",0,No,795F2927-FF12-4727-9722-322B7E869737,0,Impact Trading Co. Ltd.,,,0,,,0,Active,1,Active,,,,
13506,,Yokohama,,,GLP Ayase,5F Shinyokohama No. 3 Tosho Bldg,,BILL TO,222-0033,Mikazuki Clinic,Kanagawa-ken,,4,Distributor,cs-nwpl@nwpl-jp.com,impact@yk.rim.or.jp,,-10183,1900-01-01 02:42:00,Impact Trading - Mikazuki Clinic,0,No,795F2927-FF12-4727-9722-322B7E869737,0,Impact Trading Co. Ltd.,,,0,,,0,Active,1,Active,,,,
13507,,Yokohama,,,GLP Ayase,5F Shinyokohama No. 3 Tosho Bldg,,BILL TO,222-0033,T-gusui Clinic,Kanagawa-ken,,4,Distributor,cs-nwpl@nwpl-jp.com,impact@yk.rim.or.jp,,-10183,1900-01-01 02:42:00,Impact Trading - T-gusui Clinic,0,No,795F2927-FF12-4727-9722-322B7E869737,0,Impact Trading Co. Ltd.,,,0,,,0,Active,1,Active,,,,
13508,,Manchester,,,,424 Hanover St.,,MAIN,3104,,NH,,2,Clinic,,,,,,Granite State Podiatry,0,No,,0,,,AA6B7FE3-0050-E911-B141-005056995B7E,0,"Kristin Visco, DPM","Kristin Visco, DPM",0,Active,1,Active,+16036683509,,,https://www.granitestatepod.com/
13509,,Tarpon Springs,,,,1264 S Pinellas Ave,,MAIN,34689,,FL,,2,Clinic,,drsdel@gmail.com,,(727) 937-6568,1900-01-01 02:42:00,Sal L. DeLellis DPM PA,0,No,,0,,,,0,,,0,Active,1,Active,+17279376398,,,
13510,,Fort Wayne,United States,,,14115 Whiskey Creek Dr,,BILL TO,46814,,IN,,2,Clinic,,drlynns@comcast.net,,,1900-01-01 02:42:00,"Stafford, DPM/ Lynn",0,No,,0,,,91F2B0B2-0F57-E911-B141-005056995B7E,0,"Lynn H. Stafford, DPM","Lynn H. Stafford, DPM",0,Active,1,Active,+12607501542,,,
13513,,,,,,,,,,,,,,,,,,,,Podiatry Assoc of Houston,0,No,,0,,,,0,,,0,Active,1,Active,,,,
13514,,Oklahoma City,,,,1126 SW 89th St,,MAIN,73139,,OK,,2,Clinic,,,,,1900-01-01 02:42:00,Advanced Foot & Ankle Clinic,0,No,,0,,,,0,,,0,Active,1,Active,+14056927114,,,
13515,,Yokohama,,,Minami Shinjuku O & R Clinic,GLP Ayase,5F Shinyokohama No. 3 Tosho Bldg,BILL TO,222-0033,,Kanagawa-ken,,4,Distributor,cs-nwpl@nwpl-jp.com,impact@yk.rim.or.jp,,-10183,,Impact Trading - MSORC,0,No,795F2927-FF12-4727-9722-322B7E869737,0,Impact Trading Co. Ltd.,,,0,,,0,Active,1,Active,,,,
13516,,Redwood City,,,,"420 Broadway, St, Pavilion D, 1st Floor",,MAIN,94063,,CA,,2,Clinic,,,,(650) 497-4055,1900-01-01 06:53:00,Stanford Orthopedics Foot & Ankle Clinic,0,No,,0,,,,0,,,0,Active,1,Active,+16507235643,,,https://stanfordhealthcare.org/medical-clinics/foot-and-ankle-services.html
13517,,Redwood City,,,,"400 Seaport Ct, Ste 201",,MAIN,94063,,CA,,2,Clinic,gracedubuk@gmail.com,,,(650) 995-1275,1900-01-01 02:42:00,The Physiatry Medical Group Inc,0,No,,0,,,,0,,,0,Active,1,Active,+16509951259,,,http://www.soarspine.com
13780,,Kansas City,,,,4119 NW Barry Rd,,MAIN,64154,,MO,,2,Clinic,troypearson1@gmail.com,,,(816) 452-4491,1900-01-01 03:02:00,Restore Muscle and Joint,0,No,,0,,,,0,,,0,Active,1,Active,+18164524488,,,http://www.restoremuscleandjoint.com
13781,,Yokohama,,,GLP Ayase,5F Shinyokohama No. 3 Tosho Bldg,,BILL TO,222-0033,Asumo,Kanagawa-ken,,2,Clinic,cs-nwpl@nwpl-jp.com,impact@yk.rim.or.jp,,-10183,1900-01-01 03:02:00,Impact Trading - Asumo,0,No,795F2927-FF12-4727-9722-322B7E869737,0,Impact Trading Co. Ltd.,,,0,,,0,Active,1,Active,,,,
13782,,Bloomington,,,,"10 Heartland Dr, Ste B",,MAIN,61704,,IL,,1,Sole Practitioner,scott@heartlandfootandankle.com,drlockwood@heartlandfootandankle.com,,(309) 661-9920,1900-01-01 03:02:00,Heartland Foot and Ankle Associates,0,No,,0,,,,0,,,0,Active,1,Active,+13096619975,,,http://heartlandfootandankle.com
13783,,Saint Louis,,,,5467 Highland Park Dr,,MAIN,63110,,MO,,2,Clinic,mwachter@oandpdesign.com,lvoss@oandpdesign.com,,(314) 535-5488,1900-01-01 03:02:00,Orthotic & Prosthetic Design,0,No,,0,,,,0,,,0,Active,1,Active,+13145355359,,,
13784,,Carthage,United States,,,365 Retriever Ln,,MAIN,28327,,NC,,2,Clinic,greer.evans.christopher@gmail.com,greer.evans.christopher@gmail.com,,,1900-01-01 03:02:00,Go Strong Aim High Physical Therapy,0,No,,0,,,738FD254-A303-ED11-B456-005056995B7E,0,"Greer Evans-Christopher, DPT","Greer Evans-Christopher, DPT",0,Active,1,Active,+19107836405,,,http://www.gostrongaimhigh.com/
13786,,Burbank,United States,,,"191 S Buena Vista St, Ste 315",,MAIN,91505,,CA,,2,Clinic,burbankfootdr@gmail.com,burbankfootdr@gmail.com,,(818) 848-2067,1900-01-01 03:02:00,Burbank Foot Care Center,0,No,,0,,,2633FB68-A607-ED11-B456-005056995B7E,0,"Joseph Park, DPM","Joseph Park, DPM",0,Active,1,Active,+18188485586,,,http://www.burbankfootcare.com
13787,,Sioux Falls,,,,4100 S Western Ave,,BILL TO,57105,,SD,,2,Clinic,,brad.bracewell@risecs.com,,(605) 791-7401,1900-01-01 03:02:00,Rise Custom Solutions,0,No,,0,,,,0,,,0,Active,1,Active,+16057917400,,,
13788,,Hauppauge,,,,"111 Smithtown Byp, Ste 103",,MAIN,11788,,NY,,2,Clinic,gabi@faasny.com,,,(866) 322-7697,1900-01-01 03:02:00,FAASNY - Hauppauge,0,No,3EDB330A-CAA3-E311-8A4E-005056B60006,0,FAASNY,,,0,,,0,Active,1,Active,+18663227697,,,http://www.faasny.com
13789,,Glendora,United States,,,"130 Route 66, Ste.208",,MAIN,91740,,CA,,2,Clinic,,skaplandpm2@gmail.com,,(626) 963-4703,1900-01-01 03:03:00,"Kaplan, DPM/ Steven F.",0,No,,0,,,A0EB3AE4-7412-ED11-B456-005056995B7E,0,"Jennifer Chen, DPM","Jennifer Chen, DPM",0,Active,1,Active,+16269630302,,,
13790,,Beaverton,,,"Village Practice Management Co, LLC","9450 SW Gemini Dr, #49084",,MAIN,97008,Accounts Payable,OR,,2,Clinic,ap@villagemd.com,,,(541) 706-6464,1900-01-01 03:03:00,"Village Practice Management Co, LLC",0,No,8800F2F2-6799-E711-BE9F-005056995B7E,0,"Village Practice Managment Co, LLC",,,0,,,0,Active,1,Active,+15417062448,,,http://www.smgoregon.com
13791,,Salt Lake City,,,Attn:  Accounts Payable,PO Box 30184,,BILL TO,84130,,UT,,2,Clinic,intermountainap@metasource.com,charles.hunter@imail.o,,(801) 501-2104,1900-01-01 03:03:00,Intermountain Healthcare - Alta View Clinic Podiatry,0,No,7821566D-331D-E211-8E61-005056B60006,0,Intermountain Healthcare,,,0,,,0,Active,1,Active,+18015012114,,,https://intermountainhealthcare.org/locations/location-details/alta-view-hospital/alta-view-clinic/alta-view-clinic-podiatry/
13792,,Salt Lake City,,,Attn:  Accounts Payable,PO Box 30184,,BILL TO,84130,,UT,,2,Clinic,intermountainap@metasource.com,j.j.reagan@imail.org,,(801) 285-4651,1900-01-01 03:03:00,Intermountain Healthcare - Riverton Ortho Clinic,0,No,7821566D-331D-E211-8E61-005056B60006,0,Intermountain Healthcare,,,0,,,0,Active,1,Active,+18012854650,,,https://intermountainhealthcare.org/locations/southridge-clinic/medical-services/podiatry/
13187,,Philadelphia,,,,"8815 GermantownAve, Ste 11",,MAIN,19118,,PA,,2,Clinic,,chestnuthillpodiatry@gmail.com,,(215) 247-7014,1900-01-01 02:19:00,Chestnut Hill Podiatry Associates,0,No,,0,,,,0,,,0,Active,1,Active,+12152470879,,,https://www.chestnuthillpodiatry.com
13189,,New York,,,,"45 E 82nd St, Apt 7E",,MAIN,10028,"Rhonda Press, M.D.",NY,,,,,rhondapnyc@aol.com,,(212) 256-0629,1900-01-01 02:19:00,"Press, MD/ Rhonda",0,No,,0,,,,0,,,0,Active,1,Active,+12124727540,,,
13290,,Pittsburgh,,,,9800A McKnight Rd,,MAIN,15237,,PA,,2,Clinic,,,,(412) 348-3195,1900-01-01 02:26:00,Elizur Corporation,0,No,,0,,,,0,,,0,Active,1,Active,+14123584523,,,http://elizur.com/
13291,,Poway,,,Barefeet Podiatry,13795 Belvedere Dr,,MAIN,92064,.,CA,,1,Sole Practitioner,,akmalatmar@gmail.com,,(951) 302-9888,1900-01-01 02:26:00,"Atmar, DPM/ Akmal",0,No,,0,,,AD6BBC4E-AA52-E711-B588-005056995B7E,0,"Akmal Atmar, DPM","Akmal Atmar, DPM",0,Active,1,Active,+13472685072,,,
13292,,Guntersville,,,Marshall Foot Clinic,7633 AL Highway 69,,MAIN,35976,,AL,,2,Clinic,,dr.grimmett@marshallfootclinic.com,,(256) 571-8767,1900-01-01 02:26:00,"Grimmett, DPM / Dustin",0,No,,0,,,51FC5729-9657-E711-B588-005056995B7E,0,"Dustin Grimmett, DPM","Dustin Grimmett, DPM",0,Active,1,Active,+12565718750,,,http://www.marshallfootclinic.com/home.html
13293,,Topeka,United States,,,6730 SW Mission View Dr,,MAIN,66614,,KS,,2,Clinic,,doctor@gateleypodiatry.com,,(785) 783-8983,1900-01-01 02:26:00,"Gateley Podiatry, P.A.",0,No,,0,,,A35D1A82-015D-E711-B588-005056995B7E,0,"Timothy Gateley, DPM","Timothy Gateley, DPM",0,Active,1,Active,+17857303478,,,http://gateleypodiatry.com
13294,,Yokohama,,,GLP Ayase,5F Shinyokohama No. 3 Tosho Bldg,,BILL TO,222-0033,Foot Care Lab,Kanagawa-ken,,2,Clinic,cs-nwpl@nwpl-jp.com,impact@yk.rim.or.jp,,-10183,1900-01-01 02:26:00,Impact Trading - Foot Care Lab,0,No,795F2927-FF12-4727-9722-322B7E869737,0,Impact Trading Co. Ltd.,,,0,,,0,Active,1,Active,,,,
13295,,Yokohama,,,GLP Ayase,5F Shinyokohama No. 3 Tosho Bldg,,BILL TO,222-0033,Matsumoto Prosthetics & Orthotics Mfg Co. Ltd.,Kanagawa-ken,,2,Clinic,cs-nwpl@nwpl-jp.com,impact@yk.rim.or.jp,,-10183,1900-01-01 02:26:00,Impact Trading - Matsumoto Prosthetics & Orthotics Mfg Co. Ltd.,0,No,795F2927-FF12-4727-9722-322B7E869737,0,Impact Trading Co. Ltd.,,,0,,,0,Active,1,Active,,,,
13296,,Yokohama,,,GLP Ayase,5F Shinyokohama No. 3 Tosho Bldg,,BILL TO,222-0033,Hachinohe Heiwa Hospital,Kanagawa-ken,,2,Clinic,cs-nwpl@nwpl-jp.com,impact@yk.rim.or.jp,,-10183,1900-01-01 02:26:00,Impact Trading - Hachinohe Heiwa Hospital,0,No,795F2927-FF12-4727-9722-322B7E869737,0,Impact Trading Co. Ltd.,,,0,,,0,Active,1,Active,,,,
13297,,Yokohama,,,GLP Ayase,5F Shinyokohama No. 3 Tosho Bldg,,BILL TO,222-0033,BiNI Approach Center TokyoGINZA,Kanagawa-ken,,2,Clinic,cs-nwpl@nwpl-jp.com,impact@yk.rim.or.jp,,-10183,1900-01-01 02:26:00,Impact Trading - BiNI Approach Center TokyoGINZA,0,No,795F2927-FF12-4727-9722-322B7E869737,0,Impact Trading Co. Ltd.,,,0,,,0,Active,1,Active,,,,
13298,,Yokohama,,,GLP Ayase,5F Shinyokohama No. 3 Tosho Bldg,,BILL TO,222-0033,Jun Orthopedics Clinic,Kanagawa-ken,,2,Clinic,cs-nwpl@nwpl-jp.com,impact@yk.rim.or.jp,,-10183,1900-01-01 02:26:00,Impact Trading - Jun Orthopedics Clinic,0,No,795F2927-FF12-4727-9722-322B7E869737,0,Impact Trading Co. Ltd.,,,0,,,0,Active,1,Active,,,,
13300,,Tampa,,,North Tampa Foot Care,3210 Cove Bend Dr,,MAIN,33613,,FL,,2,Clinic,,drntfc@gmail.com,,(813) 972-4180,1900-01-01 02:26:00,"Waldman, DPM/ Michal",0,No,,0,,,,0,,,0,Active,1,Active,+18139724300,,,http://www.northtampafootcare.com
13302,,Flushing,,,"Good News Podiatry, PLLC","42-27 164th St, Ste 3",,MAIN,11358,,NY,,,,,goodnewspodiatry@gmail.com,,,1900-01-01 02:27:00,"Lee, DPM/ Barbara",0,No,,0,,,,0,,,0,Active,1,Active,+16464924526,,,
13616,,Ft Lauderdale,,,,"6405 N Federal Hwy, Ste 405",,MAIN,33308,,FL,,2,Clinic,,browardfoot@gmail.com,,(954) 771-5959,1900-01-01 02:51:00,Imperial Point Podiatry Assoc,0,No,,0,,,,0,,,0,Active,1,Active,+19547715900,,,http://www.fortlauderdalepodiatrist.com
13617,,Boston,,,Jamaica Plain VA Hospital (Prosthetics),150 S Huntington Ave,,MAIN,2130,,MA,,,,terri@nwpodiatric.com,,,(857) 364-6705,1900-01-01 02:51:00,VA/ Boston (523/121),0,No,,0,,,,0,,,0,Active,1,Active,+18573644850,,,
13618,,Lincoln,,,,"604 North Union, Ste 2",,MAIN,62656,,IL,,1,Sole Practitioner,,lynndennis0415@gmail.com,,(217) 666-2935,1900-01-01 02:51:00,"Dennis, DPM/ Lynn M.",0,No,,0,,,,0,,,0,Active,1,Active,+12174160542,,,
13619,,San Jose,,,,"3150 Almaden Expy, Ste 205",,MAIN,95118,,CA,,1,Sole Practitioner,,thefootdoctorsofsj@sbcglobal.net,,(408) 227-0060,,The Foot Doctors,0,No,,0,,,,0,,,0,Active,1,Active,+14082278281,,,
13620,,Lehi,,,,"179 N 1200th E, Ste 103",,MAIN,84043,,UT,,,,,,,(801) 766-6022,1900-01-01 02:51:00,Arches Foot and Ankle Clinic,0,No,,0,,,,0,,,0,Active,1,Active,+18017669947,,,http://archesfootandankle.com
13621,,Eugene,,,,"45 Division Ave, Ste B",,MAIN,97404,,OR,,2,Clinic,,scfc1@comcast.net,,(541) 284-2955,1900-01-01 02:51:00,Santa Clara Foot Care Center,0,No,,0,,,,0,,,0,Active,1,Active,+15416893332,,,http://santaclarafootcarecenter.com
13622,,Oklahoma City,,,,2420 NW Grand Circle,,MAIN,73116,,OK,,1,Sole Practitioner,,dwade10@cox.net,,(405) 840-0221,1900-01-01 03:58:00,"Wade, DPM/ David",0,No,,0,,,,0,,,0,Active,1,Active,+14054887677,,,
13820,,Boise,,,,427 N Curtis Rd,,BILLING,83706-1439,,ID,,2,Clinic,kate.brookshire@coyotecares.com,,,,1900-01-01 03:05:00,Coyote Prosthetics & Orthotics,0,No,,0,,,,0,,,0,Active,1,Active,+12083424104,,,http://www.coyotecares.com
13821,,Delray Beach,,,,4765 W Atlantic Ave.,,MAIN,33445,,FL,,2,Clinic,drmpfrancisco@hgdoctors.com,,,(561) 536-5620,1900-01-01 03:05:00,Delray Medical & Dental,0,No,,0,,,,0,,,0,Active,1,Active,+15614522273,,,http://hgdoctors.com
13822,,Rapid City,,,,PO BOX 6850,,BILL TO,57709,,SD,,2,Clinic,accounting@bhosc.com,,,(605) 341-7062,1900-01-01 03:06:00,"Black Hills Orthopedic & Spine Center, P.C.",0,No,,0,,,,0,,,0,Active,1,Active,+16057379150,,,http://www.bhosc.com
13463,,Olympia,,,,"3525 Ensign Rd NE, Ste L",,MAIN,98506,,WA,,2,Clinic,mhopkinsdpm@ssfoot.com,mhopkinsdpm@ssfoot.com,,(360) 456-2597,1900-01-01 02:39:00,South Sound Foot & Ankle,0,No,,0,,,,0,,,0,Active,1,Active,+13604563171,,,https://www.ssfoot.com/
13464,,Fort Worth,,,,"3221 Hulen St, Ste A",,MAIN,76107,,TX,,2,Clinic,sandy_lucy@msn.com,jonmccreary@gmail.com,,(817) 731-0693,1900-01-01 02:39:00,"McCreary, DPM/ Jon P",0,No,,0,,,,0,,,0,Active,1,Active,+18177314279,,,https://fwpodiatry.com/
13465,,Clarksville,United States,,"Ademuyiwa Adetunji, DPM",7354 Sanner Rd,,BILL TO,21029,,MD,,2,Clinic,,adeadetunji56@gmail.com,,(301) 386-5396,1900-01-01 02:39:00,Largo Foot & Ankle Health & Ambulatory Surgical Center,0,No,,0,,,988D69AF-71C2-E811-B776-005056995B7E,0,"Ademuyiwa Adetunji, DPM","Ademuyiwa Adetunji, DPM",0,Active,1,Active,+13013865453,,,http://www.largofoot.com/
13466,,Yokohama,,,GLP Ayase,5F Shinyokohama No. 3 Tosho Bldg,,BILL TO,222-0033,Takagi,Kanagawa-ken,,2,Clinic,cs-nwpl@nwpl-jp.com,impact@yk.rim.or.jp,,-10183,1900-01-01 02:40:00,Impact Trading - Takagi,0,No,795F2927-FF12-4727-9722-322B7E869737,0,Impact Trading Co. Ltd.,,,0,,,0,Active,1,Active,,,,
13467,,Vancouver,Canada,,,503-943 West Broadway,,MAIN,V5Z 4E1,.,BC,,2,Clinic,,drtammygracen@gmail.com,,(604) 737-1146,1900-01-01 02:40:00,"Gracen, DPM/ Tammy",0,No,,0,,,B5BE2423-E8C8-E811-B776-005056995B7E,0,Tammy Gracen,Tammy Gracen,0,Active,1,Active,+16047347331,,,http://drtammygracen.com
13468,,Yokohama,,,GLP Ayase,5F Shinyokohama No. 3 Tosho Bldg,,BILL TO,222-0033,Nippongishi,Kanagawa-ken,,2,Clinic,cs-nwpl@nwpl-jp.com,impact@yk.rim.or.jp,,-10183,1900-01-01 02:40:00,Impact Trading - Nippongishi,0,No,795F2927-FF12-4727-9722-322B7E869737,0,Impact Trading Co. Ltd.,,,0,,,0,Active,1,Active,,,,
13469,,Philadelphia,,,,7318 Frankford Ave,,MAIN,19136,,PA,,2,Clinic,regina@philapodiatry.com,geltzer@philapodiatry.com,,(215) 332-6123,1900-01-01 02:40:00,Philadelphia Podiatry Associates,0,No,,0,,,2C55859F-71CD-E811-B776-005056995B7E,0,"David Geltzer, DPM","David Geltzer, DPM",0,Active,1,Active,+12153322200,,,https://www.philapodiatry.com/
13470,,Katy,United States,,,24022 Cinco Village Center Blv Suite 240,,MAIN,77494,,TX,,,,,dr.applegate@txfootankle.com,,(832) 376-8686,1900-01-01 02:40:00,Texas Foot & Ankle Specialists,0,No,,0,,,D070702D-77CD-E811-B776-005056995B7E,0,"David Applegate, DPM","David Applegate, DPM",0,Active,1,Active,+18323768600,,,https://www.txfootankle.com/
13471,,Chelsea,United States,,,"350 N. Main St, Ste 240",,MAIN,48118,,MI,,2,Clinic,,office@stepaheadchelsea.com,,(734) 433-5801,1900-01-01 02:40:00,"Step Ahead Podiatry, PLLC",0,No,,0,,,9175C98B-AAD0-E811-B776-005056995B7E,0,"Thomas Hall, DPM","Thomas Hall, DPM",0,Active,1,Active,+17344335800,,,http://www.stepaheadchelsea.com
13472,,Osyka,United States,,,PO Box 158,,BILL TO,39657,,MS,,2,Clinic,lgcalhoun4@peoplepc.com,lgcalhoun4@peoplepc.com,,,1900-01-01 02:40:00,"Calhoun, DPM/ Linda",0,No,,0,,,6096B55B-6ED1-E811-B776-005056995B7E,0,"Linda Calhoun, DPM","Linda Calhoun, DPM",0,Active,1,Active,+12286973926,,,
13473,,Moorpark,United States,,,4510 Mill Valley Rd,,MAIN,93021,,CA,,1,Sole Practitioner,,jbowmandpt@gmail.com,,,1900-01-01 02:40:00,Bowman Physical Therapy,0,No,,0,,,1A189911-BAD7-E811-B776-005056995B7E,0,"Janice Bowman, DPT","Janice Bowman, DPT",0,Active,1,Active,+18054695673,,,
13474,,Porter Ranch,United States,,,"19360 Rinaldi St, Ste 363",,MAIN,91326,,CA,,,,,rb@ronaldbelczykdpm.com,,(818) 475-1406,1900-01-01 02:40:00,Center for Foot Surgery,0,No,,0,,,6F004A81-98DB-E811-B776-005056995B7E,0,"Ronald Belczyk, DPM","Ronald Belczyk, DPM",0,Active,1,Active,+14123276799,,,https://www.centerfootsurgery.com/
13475,,Miami,,,,"1321 NW 14th St, 203",,MAIN,33125,,FL,,2,Clinic,,tzwick@flafootandankle.com,,(305) 326-3339,1900-01-01 02:40:00,"Shoemaker & Zwick Podiatry, LLC",0,No,,0,,,,0,,,0,Active,1,Active,+13053263338,,,http://www.flafootandankle.com
13476,,Yokohama,,,GLP Ayase,5F Shinyokohama No. 3 Tosho Bldg,,,222-0033,Morishima Clinic,Kanagawa-ken,,2,Clinic,cs-nwpl@nwpl-jp.com,impact@yk.rim.or.jp,,-10183,1900-01-01 02:40:00,Impact Trading - Morishima Clinic,0,No,795F2927-FF12-4727-9722-322B7E869737,0,Impact Trading Co. Ltd.,,,0,,,0,Active,1,Active,,,,
13260,,New York,,,,"315 W 57th St, Ste 407",,MAIN,10019,,NY,,2,Clinic,gabi@faasny.com,,,(866) 322-7691,1900-01-01 02:24:00,FAASNY - Columbus Circle,0,No,3EDB330A-CAA3-E311-8A4E-005056B60006,0,FAASNY,,,0,,,0,Active,1,Active,+12127060790,,,http://www.faasny.com
13261,,Vienna,,,,"8221 Old Courthouse Rd, Ste 102",,MAIN,22182,,VA,,2,Clinic,,mducrot@novalfac.com,,(703) 734-9090,1900-01-01 02:24:00,"Northern Virginia Foot & Ankle Assoc, LLC",0,No,,0,,,,0,,,0,Active,1,Active,+17037341311,,,http://novafoot.com
13262,,Karrinyup,,,,1/57 Burroughs Road,,MAIN,6018,,WA,,1,Sole Practitioner,pmanager@stlukemc.com.au,info@perthfootcentre.com.au,,(08) 9341 7771,1900-01-01 02:24:00,Karrinyup St Luke Medical Centre,0,No,,0,,,,0,,,0,Active,1,Active,,,,
13190,,Everson,,,,3344 Alm Rd,,MAIN,98247,"Kristin Foote, PTA",WA,,5,Other,,,,,1900-01-01 02:19:00,"Foote, PTA/ Kristin",0,No,,0,,,,0,,,0,Active,1,Active,+13609662741,,,
13191,,Everett,,,Cascade Foot & Ankle,"3802 Broadway, Ste B",,MAIN,98201,,WA,,2,Clinic,,kboyce@wwmedgroup.com,,(425) 259-0856,1900-01-01 02:19:00,"Boyce, DPM/ Kristen",0,No,12142BE8-F053-E411-883B-005056B60006,0,"Western Washington Medical Group, Inc.",,,0,,,0,Active,1,Active,+14252590855,,,http://www.wwmedgroup.com/specialties/podiatry/
13730,,Yonkers,,,,984 N. Broadway Ste LL03,,MAIN,10701,,NY,,2,Clinic,drjcm@westchesterpodiatric.com,,,(866) 549-2795,,"Westchester Podiatric Medicine, PC",0,No,,0,,,5F7B2B00-1573-EC11-BA10-005056995B7E,0,"John C. Marzano, DPM","John C. Marzano, DPM",0,Active,1,Active,+19144248338,,,https://westchesterpodiatric.com/
13731,,Sturgeon Bay,,,,323 S 18th Ave.,,BILL TO,54235,,WI,,2,Clinic,accounts.payable@dcmedical.org,ellen.barton@dcmedical.org,,(920) 743-8165,1900-01-01 03:00:00,Door County Medical Center,0,No,,0,,,,0,,,0,Active,1,Active,+19207463189,,,http://www.dcmedical.org
13732,,Ferndale,,,,1360 Sunset Ave.,,MAIN,98248,,WA,,2,Clinic,ap@dafo.com,,,(360) 543-9243,1900-01-01 03:00:00,Cascade Prosthetics & Orthotics,0,No,,0,,,,0,,,0,Active,1,Active,+13605439239,,,http://www.cascadepoclinics.com
13733,,Spring Branch,,,,"20475 State Highway 46 W, Ste 270",,MAIN,78070,,TX,,2,Clinic,,crystalpodiatry@aol.com,,(830) 885-2088,1900-01-01 03:00:00,Crystal Podiatry,0,No,,0,,,,0,,,0,Active,1,Active,+18308852733,,,https://www.crystalpodiatryinfo.com/
13734,,Portland,,,,"1827 NE 44th Ave, Ste 100",,BILL TO,97213,,OR,,2,Clinic,bbarnett@eastsidefa.com,,,(503) 284-2002,1900-01-01 03:00:00,"Eastside Foot and Ankle, LLC",0,No,6ABB560B-F75D-E811-BA20-005056995B7E,0,"Eastside Foot and Ankle, LLC",,,0,,,0,Active,1,Active,+15032842000,,,http://www.eastsidefootankle.com
13735,,Renton,,,,12 Seahawks Way,,MAIN,98056,,WA,,1,Sole Practitioner,cjn@seahawks.com,,,,1900-01-01 03:00:00,Seattle Seahawks,0,No,,0,,,,0,,,0,Active,1,Active,+14252038276,,,
13736,,Hewlett,,,,"1175 W. Broadway, Ste 10",,MAIN,11557,,NY,,1,Sole Practitioner,,sbedpm@aol.com,,(516) 374-4445,1900-01-01 20:40:00,"Epstein, DPM/ Steven B.",0,No,,0,,,,0,,,0,Active,1,Active,+15163744444,,,
13737,,Yokohama,,,GLP Ayase,5F Shinyokohama No. 3 Tosho Bldg,,BILL TO,222-0033,Tennis Shop Ado,Kanagawa-ken,,4,Distributor,cs-nwpl@nwpl-jp.com,impact@yk.rim.or.jp,,-10183,1900-01-01 03:00:00,Impact Trading - Tennis Shop Ado,0,No,795F2927-FF12-4727-9722-322B7E869737,0,Impact Trading Co. Ltd.,,,0,,,0,Active,1,Active,,,,
13738,,Staples,,,"John Peterson, DPM",49725 County 83,,MAIN,56479,,MN,,1,Sole Practitioner,accountspayable@lakewoodhealthsystem.com,,,(218) 894-8787,1900-01-01 03:00:00,Lakewood Health System,0,No,83D88208-4A7D-EC11-BA10-005056995B7E,0,Lakewood Health System,,,0,,,0,Active,1,Active,+12188941515,,,http://lakewoodhealthsystem.com/providers/viewprofile/Dave/Schleichert
13740,,Yokohama,,,GLP Ayase,5F Shinyokohama No. 3 Tosho Bldg,,BILL TO,Kanagawa-ken,Dunlop Sports Club Kasukabe,,,4,Distributor,cs-nwpl@nwpl-jp.com,impact@yk.rim.or.jp,,-10183,1900-01-01 03:00:00,Impact Trading - Dunlop Sports Club Kasukabe,0,No,795F2927-FF12-4727-9722-322B7E869737,0,Impact Trading Co. Ltd.,,,0,,,0,Active,1,Active,,,,
13741,,Bloomington,,,Podiatry Department,1701 E College Ave,,MAIN,61704,,IL,,1,Sole Practitioner,,todd.snoeyink@osfhealthcare.org,,(309) 664-3119,1900-01-01 03:01:00,"Snoeyink, DPM/ Todd (Personal Account)",0,No,,0,,,,0,,,0,Active,1,Active,+13096643038,,,
13742,,Sugar Land,,,,"7619 Branford Pl, Ste 250",,MAIN,77479,,TX,,1,Sole Practitioner,info@epicfootandankle.com,,,(949) 561-5447,1900-01-01 03:01:00,Epic Foot & Ankle Centers,0,No,,0,,,,0,,,0,Active,1,Active,+12815010018,,,http://www.epicfootandankle.com
13416,,New York,,,,343 West 58th St. Ste 11,,MAIN,10019,,NY,,1,Sole Practitioner,,russell.volpe@gmail.com,,(212) 664-8072,1900-01-01 09:31:00,"Volpe, DPM/ Russell - Manhattan Office",0,No,553BECBA-9D58-E811-BA20-005056995B7E,0,"Volpe, DPM/ Russell",,,0,,,0,Active,1,Active,+12122477408,,,http://www.pediatricpodiatryny.com/
13417,,Farmingdale,,,,308 Main St,,BILL TO,11735,,NY,,1,Sole Practitioner,,russell.volpe@gmail.com,,(516) 429-4932,1900-01-01 02:35:00,"Volpe, DPM/ Russell - Long Island Office",0,No,553BECBA-9D58-E811-BA20-005056995B7E,0,"Volpe, DPM/ Russell",,,0,,,0,Active,1,Active,+15164104031,,,http://www.pediatricpodiatryny.com/
13418,,Grass Valley,,,,138 Joerschke Dr,,MAIN,95945,,CA,,,,,sierrapo@gv.net,,(530) 477-0809,1900-01-01 02:35:00,Sierra Prosthetics - Orthotics,0,No,,0,,,,0,,,0,Active,1,Active,+15304771004,,,http://sierraprosthetics.com
13420,,Portland,,,,"1827 NE 44th Ave, Ste 100",,BILL TO,97213,,OR,,2,Clinic,bbarnett@eastsidefa.com,tmineo@eastsidefa.com,,(503) 676-6152,1900-01-01 02:36:00,"Eastside Foot and Ankle, LLC",0,No,6ABB560B-F75D-E811-BA20-005056995B7E,0,"Eastside Foot and Ankle, LLC",,,0,,,0,Active,1,Active,+15032842000,,,http://www.eastsidefootankle.com
13937,,Keizer,,,,4305 River Rd N,,MAIN,97303,,OR,,2,Clinic,kstevens@willamettefoot.com,rstevens@willamettefoot.com,,(503) 363-8154,1900-01-01 03:16:00,Willamette Foot Center,0,No,,0,,,,0,,,0,Active,1,Active,+15033630763,,,https://www.willamettefootcenter.com/
13938,,Middletown,,,,"118 Sandhill Dr, Ste 204",,MAIN,19709,,DE,,2,Clinic,,,,(302) 378-9303,1900-01-01 03:16:00,Brandywine Podiatry - Sandhill Plaza,0,No,A6DC183E-B9E4-EB11-9842-005056995B7E,0,Brandywine Podiatry,,,0,,,0,Active,1,Active,+13023781022,,,http://www.brandywinepodiatry.com
13672,,Pleasanton,,,,"4456 Black Ave, Ste.100",,MAIN,94566,,CA,,1,Sole Practitioner,,poddoc06@gmail.com,,(925) 416-1843,1900-01-01 02:56:00,"Pandya, DPM / Sima",0,No,,0,,,,0,,,0,Active,1,Active,+19254160990,,,
13673,,Yokohama,,,GLP Ayase,5F Shinyokohama No. 3 Tosho Bldg,,BILL TO,222-0033,Showainan Sogo Hospital,Kanagawa-ken,,2,Clinic,cs-nwpl@nwpl-jp.com,impact@yk.rim.or.jp,,-10183,1900-01-01 02:56:00,Impact Trading - Showainan Sogo Hospital,0,No,795F2927-FF12-4727-9722-322B7E869737,0,Impact Trading Co. Ltd.,,,0,,,0,Active,1,Active,,,,
13674,,Naples,,,,"1205 Piper Blvd, Ste 102",,MAIN,34110,,FL,,2,Clinic,info@coastalfootcare.net,drchriscalcagni@gmail.com,,(239) 325-9555,1900-01-01 02:56:00,Coastal Foot & Ankle Center,0,No,,0,,,9249FDD7-16A2-EB11-BAF3-005056995B7E,0,"Christopher Calcagni, DPM","Christopher Calcagni, DPM",0,Active,1,Active,+12395967024,,,https://www.coastalfootcare.com/
13675,,Olney,,,,"3408 Olanwood Court, Ste 204",,BILLING,20832,,MD,,2,Clinic,scohen@marylandfeet.com,,,(301) 924-5933,1900-01-01 02:56:00,Family Foot and Ankle Associates of MD,0,No,0BD4D2D5-E41B-DF11-988D-000C29EC1EE3,0,"Drs. Frank, Goldberg & Lowy",,,0,,,0,Active,1,Active,+13019245044,,,http://www.marylandfeet.com
13677,,Grand Rapids,,,,"2501 Plainfield Ave NE, Ste C",,MAIN,49505,,MI,,1,Sole Practitioner,northfielddpm@gmail.com,northfielddpm@gmail.com,,(616) 364-1955,1900-01-01 02:56:00,"Northfield Podiatry Associates, PC",0,No,,0,,,,0,,,0,Active,1,Active,+16163648495,,,
13518,,Chicago,,,,2752 N Southport Ave,,MAIN,60614,,IL,,2,Clinic,,footwellness@gmail.com,,(773) 295-2210,1900-01-01 02:42:00,Lincoln Park Podiatry,0,No,,0,,,,0,,,0,Active,1,Active,+17733270006,,,https://www.footwellnessdoctor.com/
13519,,Glens Falls,,,,11 Pine St,,MAIN,12801,,NY,,2,Clinic,,drgaryposter@gmail.com,,(518) 792-3032,1900-01-01 02:42:00,"Poster, DPM/ Gary",0,No,,0,,,,0,,,0,Active,1,Active,+15187923032,,,
13520,,Winter Springs,United States,,,5844 Red Bug Lake Rd,,MAIN,32708,,FL,,2,Clinic,lis@motiofootankle.com,drgraeser@motiofootankle.com,,(321) 765-3580,1900-01-01 02:42:00,Motio Foot and Ankle Specialists,0,No,,0,,,28E21BB9-3065-E911-BAFF-005056995B7E,0,"Timothy Graeser, DPM","Timothy Graeser, DPM",0,Active,1,Active,+13217659965,,,http://www.motiofootankle.com
13524,,Beckley,,,,119 Cranberry Pointe Way,,MAIN,25801,,WV,,2,Clinic,,tdonatel@yahoo.com,,(412) 291-1552,1900-01-01 02:43:00,Foot and Ankle Clinic of the Virginias INC,0,No,,0,,,,0,,,0,Active,1,Active,+13042288888,,,http://www.drfootpain.com
13526,,Rochester,,,Accts Payable Dept 10000,200 1st St SW,,BILL TO,55905,Mayo Foundation,MN,,2,Clinic,dana@nwpodiatric.com,,,,1900-01-01 02:43:00,Mayo Clinic Health System-Eau Claire,0,No,E800EC99-3E68-E911-BAFF-005056995B7E,0,Mayo Clinic Health System-Eau Claire,,,0,,,0,Active,1,Active,+15072665551,,,
13527,,McAllen,,,,4853 N McColl Rd,,MAIN,78504,,TX,,2,Clinic,,,,,1900-01-01 02:43:00,Accion Rehab,0,No,,0,,,,0,,,0,Active,1,Active,+19566300209,,,http://www.accionrehab.com/en/
13528,,Smithtown,,,,260 Middle Country Rd,,MAIN,11787,,NY,,2,Clinic,,,,(631) 724-4130,1900-01-01 02:43:00,"Ravitz, DPM, PC/ Marjorie C.",0,No,,0,,,,0,,,0,Active,1,Active,+16317241166,,,
13529,,Saint Petersburg,United States,,,1380 80th St S,,BILL TO,33707,,FL,,,,,coastalfas@gmail.com,,(727) 343-6670,1900-01-01 02:43:00,Coastal Foot & Ankle Specialists,0,No,,0,,,60B8F9EF-C66D-E911-BAFF-005056995B7E,0,"Brendon Zelna, DPM","Brendon Zelna, DPM",0,Active,1,Active,+17273478872,,,http://www.coastalfas.com/
13530,,Reno,,,,555 N Arlington Ave,,MAIN,89503,,NV,,2,Clinic,accountspayable@renoortho.com,,,(775) 788-5294,1900-01-01 02:43:00,Reno Orthopedic Properties - Shop at Roc,0,No,,0,,,,0,,,0,Active,1,Active,+17757885275,,,http://www.renoortho.com
13531,,Fort Collins,,,,"608 E Harmony Rd, Ste.301",,MAIN,80525,,CO,,2,Clinic,,,,(970) 482-9078,1900-01-01 02:43:00,Foot of the Mountains,0,No,,0,,,,0,,,0,Active,1,Active,+19704823668,,,http://www.footofthemtns.com
13532,,Heppner,,,,PO Box 1002,,BILL TO,97836,,OR,,2,Clinic,,dickensonchiro@centurytel.net,,(541) 676-8776,1900-01-01 02:43:00,Dickenson Chiropractic Clinic,0,No,,0,,,,0,,,0,Active,1,Active,+15416768990,,,
13533,,Palo Alto,,,,3801 Miranda Ave,,MAIN,94304,,CA,,,,,jspanko@comcast.net,,,1900-01-01 02:44:00,VA/ Palo Alto (640/121),0,No,,0,,,0E9A9C96-188E-E911-BAFF-005056995B7E,0,"Jeffrey Spanko, DPM","Jeffrey Spanko, DPM",0,Active,1,Active,+16504935000,,,
13534,,New York,,,,"4915 Broadway, Ste 10",,MAIN,10034,,NY,,2,Clinic,,eliezer.eisenberger@gmail.com,,(212) 569-5701,1900-01-01 02:44:00,Leg Foot & Ankle Associates,0,No,,0,,,8EB8E97B-BB8E-E911-BAFF-005056995B7E,0,"Eliezer Eisenberger, DPM","Eliezer Eisenberger, DPM",0,Active,1,Active,+12125695700,,,http://www.legfootankle.com/
13537,,Plantation,United States,,,9685 W Broward Blvd,,MAIN,33324,,FL,,1,Sole Practitioner,,ninacoletta@ymail.com,,(954) 452-0509,1900-01-01 02:44:00,"Coletta, DPM/Nina",0,No,,0,,,E2B5975A-2899-E911-BAFF-005056995B7E,0,"Nina Coletta, DPM PA","Nina Coletta, DPM PA",0,Active,1,Active,+19544524590,,,http://ninacolettadpm.com/
13823,,Pleasanton,,,,4456 Black Ave  #100,,MAIN,94566,,CA,,2,Clinic,,lisabreuner@gmail.com,,(925) 416-1843,1900-01-01 03:06:00,"Breuner, DPM/Lisa",0,No,,0,,,,0,,,0,Active,1,Active,+19254160990,,,
13824,,Citrus Springs,,,,5940 N Bonview Pt.,,BILL TO,34434-8267,,FL,,2,Clinic,kandyce.afac@gmail.com,,,(352) 304-6898,1900-01-01 03:06:00,American Foot & Ankle Centers,0,No,,0,,,,0,,,0,Active,1,Active,+13523884680,,,http://americanfootanklecenter.com
13825,,Mercer Island,,,,3236 78th Ave SE  Ste 201,,MAIN,98040,,WA,,2,Clinic,mercerislandfootandankle@gmail.com,mercerislandfootandankle@gmail.com,,(206) 275-3693,1900-01-01 03:06:00,Mercer Island Foot and Ankle,0,No,,0,,,,0,,,0,Active,1,Active,+12062759117,,,http://mifootandankle.com
13826,,Takasaki,,,,178-1 Kaminakai,,BILL TO,370-0851,Shoemart Kaminakai,Gunma,,2,Clinic,cs-nwpl@nwpl-jp.com,impact@yk.rim.or.jp,,-10183,1900-01-01 03:06:00,Impact Trading - Shoemart Kaminakai,0,No,795F2927-FF12-4727-9722-322B7E869737,0,Impact Trading Co. Ltd.,,,0,,,0,Active,1,Active,,,,
13827,,Naples,,,,680 2nd Ave N   #100,,MAIN,34102,,FL,,2,Clinic,dpm@carr-luthringer.com,dpm@carr-luthringer.com,,(239) 262-1321,1900-01-01 03:06:00,"Carr, DPM PA/Eugene",0,No,,0,,,,0,,,0,Active,1,Active,+12392626765,,,
13323,,Yokohama,,,GLP Ayase,5F Shinyokohama No. 3 Tosho Bldg,,,222-0033,Kazenosato,Kanagawa-ken,,2,Clinic,cs-nwpl@nwpl-jp.com,impact@yk.rim.or.jp,,,1900-01-01 02:28:00,Impact Trading - Kazenosato,0,No,795F2927-FF12-4727-9722-322B7E869737,0,Impact Trading Co. Ltd.,,,0,,,0,Active,1,Active,,,,
13324,,Yokohama,,,GLP Ayase,5F Shinyokohama No. 3 Tosho Bldg,,,222-0033,Sata Sports Medical Science Laboratory,Kanagawa-ken,,2,Clinic,cs-nwpl@nwpl-jp.com,impact@yk.rim.or.jp,,,1900-01-01 02:28:00,Impact Trading - Sata Sports Medical Science Laboratory,0,No,795F2927-FF12-4727-9722-322B7E869737,0,Impact Trading Co. Ltd.,,,0,,,0,Active,1,Active,,,,
13325,,Fredricksburg,,,,"2800 Wellford St, Ste 100",,BILL TO,22401,,VA,,2,Clinic,lindamaheu@gmail.com,brett.j.waverly@gmail.com,,(540) 368-4968,1900-01-01 02:28:00,"Orthopedic Specialty Clinic, Ltd",0,No,,0,,,563AC687-2097-E711-BE9F-005056995B7E,0,"Brett J. Waverly, DPM","Brett J. Waverly, DPM",0,Active,1,Active,+15403611830,,,
13328,,Palm Springs,,,,"777 E Tahquitz Canyon Way, Ste 200-096",,BILL TO,92262,,CA,,,,tutconsultant@gmail.com,jtcrough@gmail.com,,(760) 416-4512,1900-01-01 02:28:00,Crough Podiatry,0,No,,0,,,49C7EC56-D298-E711-BE9F-005056995B7E,0,"Jackson Crough, DPM","Jackson Crough, DPM",0,Active,1,Active,+17604164511,,,
13329,,Beaverton,,,"Village Practice Management Co, LLC","9450 SW Gemini Dr, #49084",,BILL TO,97008,Accounts Payable,OR,,2,Clinic,ap@villagemd.com,,,(914) 848-8071,1900-01-01 02:28:00,"Powers, DPM/ Kelly A.",0,No,8800F2F2-6799-E711-BE9F-005056995B7E,0,"Village Practice Managment Co, LLC",,,0,,,0,Active,1,Active,+19148488060,,,http://www.westmedgroup.com
13331,,Manahawkin,,,,"1145 Beacon Ave,  Ste B",,MAIN,8050,,NJ,,2,Clinic,,achillesfeet@hotmail.com,,(609) 978-9902,1900-01-01 02:28:00,Achilles Foot & Ankle Assoc. (Santamaria),0,No,7736C712-389A-E711-BE9F-005056995B7E,0,Achilles Foot & Ankle Assoc.,,,0,,,0,Active,1,Active,+16095976688,,,http://www.jeffreymazzattadpm.com/
13333,,Olympia,,,,"3525 Ensign Rd NE, Ste N",,MAIN,98506,,WA,,,,olympiapodiatry@gmail.com,olympiapodiatry@gmail.com,,(360) 943-9694,1900-01-01 02:28:00,Olympia Podiatry Clinic,0,No,,0,,,,0,,,0,Active,1,Active,+13609439600,,,http://olympiapodiatryclinic.com
13335,,Yokohama,,,Ayase,5F Shinyokohama No. 3 Tosho Bldg,,BILL TO,222-0033,Isomi Orthopedic Clinic,Kanagawa-ken,,,,cs-nwpl@nwpl-jp.com,,,,1900-01-01 02:29:00,Impact Trading - Isomi Orthopedic Clinic,0,No,795F2927-FF12-4727-9722-322B7E869737,0,Impact Trading Co. Ltd.,,,0,,,0,Active,1,Active,,,,
13336,,Franklin,United States,,StepOnePT,8871 W Marshfield Ct,,BILL TO,53132,,WI,,2,Clinic,tomlabischdpt@gmail.com,tomlabischdpt@gmail.com,,,1900-01-01 02:29:00,"Labisch, PT / Tom",0,No,,0,,,29CA3B16-CD9F-E711-BE9F-005056995B7E,0,"Tom Labisch, DPT","Tom Labisch, DPT",0,Active,1,Active,+14148994801,,,http://steponept.co
13337,,Yokohama,,,Aayse,5F Shinyokohama No. 3 Tosho Bldg,,BILL TO,222-0033,Kamiedo Clinic,Kanagawa-ken,,,,cs-nwpl@nwpl-jp.com,,,,1900-01-01 02:29:00,Impact Trading - Kamiedo Clinic,0,No,795F2927-FF12-4727-9722-322B7E869737,0,Impact Trading Co. Ltd.,,,0,,,0,Active,1,Active,,,,
13339,,Yokohama,,,Ayase,5F Shinyokohama No. 3 Tosho Bldg,,BILL TO,222-0033,Sugamata Clinic,Kanagawa-ken,,,,cs-nwpl@nwpl-jp.com,,,,1900-01-01 02:29:00,Impact Trading - Sugamata Clinic,0,No,795F2927-FF12-4727-9722-322B7E869737,0,Impact Trading Co. Ltd.,,,0,,,0,Active,1,Active,,,,
13816,,Santa Monica,,,,"2001 Santa Monica Blvd, Suite 465W",,MAIN,90404,,CA,,2,Clinic,drsuchirsheth@socalsportspodiatry.com,info@socalsportspodiatry.com,,(888) 798-0180,1900-01-01 03:05:00,SoCal Sports Podiatry,0,No,,0,,,,0,,,0,Active,1,Active,+13103955025,,,https://socalsportspodiatry.com/
13817,,New Hyde Park,,,,1201 2nd Ave.,,MAIN,11040,,NY,,2,Clinic,fg.libertyorthotics@yahoo.com,libertyorthotics@yahoo.com,,(516) 326-6784,1900-01-01 03:05:00,"Liberty Orthotics, Inc",0,No,,0,,,,0,,,0,Active,1,Active,+15163266786,,,
13818,,Escondido,,,,736 E Grand Ave.,,MAIN,92025-4405,,CA,,2,Clinic,,info@northcountyfootankle.com,,,1900-01-01 03:05:00,North County Foot & Ankle Specialists,0,No,,0,,,,0,,,0,Active,1,Active,+17604215309,,,http://www.northcountyfootankle.com
13819,,Peachtree City,,,,1975 Highway 54 West,Suite 205,BILL TO,30269,,GA,,2,Clinic,finance@ankleandfootcenters.com,monacodpm@ankleandfootcenters.com,,(762) 332-4547,1900-01-01 03:05:00,"Southwest GA Ankle and Foot Center, LLC",0,No,,0,,,,0,,,0,Active,1,Active,+17629850020,,,http://ankleandfootcenters.com
13348,,Mill Creek,,,,"16708 Bothell Everett Hwy, Ste 204",,MAIN,98012,.,WA,,1,Sole Practitioner,,bsowers@millcreekfootandankle.com,,(425) 482-6665,1900-01-01 02:29:00,Mill Creek Foot & Ankle Clinic PC,0,No,,0,,,D871FEE9-4FA9-E711-BFF6-005056995B7E,0,"Joseph Hall, DPM","Joseph Hall, DPM",0,Active,1,Active,+14254826663,,,http://www.millcreekfootandankle.com
13350,,West Bloomfield,,,,2300 Haggerty Rd Ste 1175,,MAIN,48323,,MI,,2,Clinic,,feet1st98@aol.com,,(248) 926-9498,1900-01-01 02:29:00,Feet First Podiatry,0,No,,0,,,7C25A91F-B9AA-E711-BFF6-005056995B7E,0,"Ellen Mady, DPM","Ellen Mady, DPM",0,Active,1,Active,+12486248338,,,
13351,,Concord,United States,,,1495 Remington Ln NW,,,28027,,NC,,1,Sole Practitioner,,kcross99@yahoo.com,,(704) 446-2577,1900-01-01 02:30:00,"Bruno, PT/ Kelly A",0,No,,0,,,6E6F8B0C-36AD-E711-BFF6-005056995B7E,0,"Kelly A Bruno, PT","Kelly A Bruno, PT",0,Active,1,Active,+15184951154,,,
13353,,North Bergen,,,Total Ankle Foot Institute,"7823 Bergenline Ave, 2nd Floor",,MAIN,7047,,NJ,,2,Clinic,luvann.hayek@ymail.com,badrih1@gmail.com,,(973) 256-4757,1900-01-01 02:30:00,"Badri, DPM/ Homam",0,No,,0,,,,0,,,0,Active,1,Active,+19733307444,,,
13354,,Muncie,,,,3400 W Purdue Ave,,MAIN,47304,,IN,,2,Clinic,,todreed@comcast.net,,(765) 287-8318,1900-01-01 02:30:00,Cardinal Foot and Ankle,0,No,,0,,,C9F71861-88AF-E711-BFF6-005056995B7E,0,"Tod Reed, DPM","Tod Reed, DPM",0,Active,1,Active,+17652878279,,,https://www.cardinalfootandankle.com/
13355,,Chicago,,,Loop Foot Health Center,"25 E Washington St, Ste 701",,MAIN,60602,,IL,,1,Sole Practitioner,dr.stevenp@att.net,toepro@comcast.net,,(312) 372-1410,1900-01-01 02:30:00,"Pesenko, DPM/ Steven",0,No,,0,,,DB98EF3B-39B0-E711-BFF6-005056995B7E,0,"Steven Pesenko, DPM","Steven Pesenko, DPM",0,Active,1,Active,+13123720015,,,
13356,,Anthem,United States,,,"41818 N Venture Dr, Ste 120",,MAIN,85086,,AZ,,2,Clinic,,ty@harperptonline.com,,(623) 742-7339,1900-01-01 02:30:00,Harper Physical Therapy,0,No,,0,,,00AC20C1-62B3-E711-BFF6-005056995B7E,0,Deborah Harper,Deborah Harper,0,Active,1,Active,+16237427338,,,http://harperptonline.com
13358,,Yokohama,,,GLP Ayase,5F Shinyokohama No. 3 Tosho Bldg,,BILL TO,222-0033,Mihama Home Clinic,Kanagawa-ken,,2,Clinic,cs-nwpl@nwpl-jp.com,impact@yk.rim.or.jp,,-10183,1900-01-01 02:30:00,Impact Trading - Mihama Home Clinic,0,No,795F2927-FF12-4727-9722-322B7E869737,0,Impact Trading Co. Ltd.,,,0,,,0,Active,1,Active,,,,
13359,,Glen Ellyn,United States,,,22W654 Butterfield Rd,,MAIN,60137,,IL,,,,,deana@drocarroll.com,,(630) 790-9472,1900-01-01 02:30:00,O'Carroll & Associates,0,No,,0,,,AB368AC5-E0B4-E711-BFF6-005056995B7E,0,"Daniel O'Carroll, DPM","Daniel O'Carroll, DPM",0,Active,1,Active,+16307904442,,,http://www.drocarroll.com/
13362,,Bothell,United States,,,23909 3rd Dr. SE,,BILL TO,98021,,WA,,2,Clinic,,lee.joyce.dpm@gmail.com,,(206) 971-1355,1900-01-01 02:31:00,Sound Foot and Ankle,0,No,,0,,,3BCFD838-D6B8-E711-BFF6-005056995B7E,0,"Joyce Lee, DPM","Joyce Lee, DPM",0,Active,1,Active,+12069730877,,,http://www.soundfaa.com
12645,,Bellevue,United States,,,1609 116th Ave NE,,MAIN,98004,,WA,,2,Clinic,bellevuepp@gmail.com,bellevuepp@gmail.com,,(425) 283-5095,1900-01-01 01:57:00,Bellevue Podiatric Physicians,0,No,,0,,,,0,,,0,Active,1,Active,+14252835093,,,http://bellevuefoot.com/
12649,,Idaho Falls,United States,,Teton Foot & Ankle Center,3345 S Holmes Ave,,MAIN,83404,,ID,,1,Sole Practitioner,,office@tetonfoot.com,,(208) 528-8022,1900-01-01 01:57:00,"James, DPM/ Michael K.",0,No,,0,,,,0,,,0,Active,1,Active,+12085286225,,,http://www.tetonfootandankle.com/
12650,,Lansing,United States,,"Delta Foot Care, PC",3802 W Kalamazoo St.,,MAIN,48917,,MI,,2,Clinic,,deltafootcare@sbcglobal.net,,(517) 485-7301,1900-01-01 01:57:00,"Goosen, DPM/ Brian S.",0,No,F4041848-13EF-44AC-A26C-9966025FCE5B,0,"Delta Foot Care, PC",,,0,,,0,Active,1,Active,+15174857300,,,http://www.deltafootcare.com/
12833,,Viera,United States,,,2900 Veterans Way,,MAIN,32940,,FL,,2,Clinic,terri@nwpodiatric.com,,,(321) 637-7890,1900-01-01 02:05:00,VA/ Viera OPC 675GA,0,No,,0,,,,0,,,0,Active,1,Active,+13216373788,,,
12835,,Bainbridge Island,,,,563 Madison Ave N,,MAIN,98110,,WA,,2,Clinic,,keith@bainbridgeislandpt.com,,(206) 855-8465,1900-01-01 02:05:00,Bainbridge Island Physical Therapy,0,No,,0,,,,0,,,0,Active,1,Active,+12068558880,,,http://www.bainbridgeislandpt.com
12839,,Spokane,,,Medical Foot Center,"124 E Rowan Ave, Ste 102",,BILL TO,99207,,WA,,2,Clinic,laura@medicalfootcenter.net,dwoolley@gmail.com,,(509) 928-2933,1900-01-01 02:05:00,"Woolley, DPM/ Darron",0,No,BFADC7B4-6FB3-E711-BFF6-005056995B7E,0,Medical Foot Center,,,0,,,0,Active,1,Active,+15099281990,,,http://www.medicalfootcenter.net/
12851,,New Hyde Park,,,Foot & Ankle Surgeons of New York,"3003 New Hyde Park Rd, Ste 312",,BILL TO,11042,,NY,,,,gabi@faasny.com,,,(516) 492-3516,1900-01-01 02:05:00,FAASNY - NHP,0,No,3EDB330A-CAA3-E311-8A4E-005056B60006,0,FAASNY,,,0,,,0,Active,1,Active,+15164923515,,,http://www.faasny.com/
12852,,Thibodaux,United States,,,970 S Acadia Rd,,BILL TO,70301,,LA,,2,Clinic,,,,,1900-01-01 02:05:00,Foot Clinic of Louisiana INC,0,No,,0,,,,0,,,0,Active,1,Active,+19854462335,,,http://www.footclinicoflouisiana.com/
12854,,New York,United States,,Foot & Ankle Surgeons of New York,7 Christopher St,,BILL TO,10014,,NY,,2,Clinic,gabi@faasny.com,,,(212) 242-7719,1900-01-01 02:05:00,FAASNY - West Village,0,No,3EDB330A-CAA3-E311-8A4E-005056B60006,0,FAASNY,,,0,,,0,Active,1,Active,+12122427718,,,http://www.faasny.com
13131,,Kensington,United States,,Family Foot & Ankle Associates of Maryland,"3720 Farragut Ave, Ste 303",,MAIN,20895,,MD,,2,Clinic,scohen@marylandfeet.com,,,(301) 942-8530,1900-01-01 02:16:00,"Drs. Frank, Goldberg & Lowy",0,No,0BD4D2D5-E41B-DF11-988D-000C29EC1EE3,0,"Drs. Frank, Goldberg & Lowy",,,0,,,0,Active,1,Active,+13019428110,,,http://www.marylandfeet.com/
13133,,Rolla,,,Bond Clinic Medical Group,600 Blues Lake Pkwy,,BILL TO,65401,Phelps Health,MO,,2,Clinic,,pearr@pcrmc.com,,(573) 341-5969,1900-01-01 02:16:00,"Pearson, DPM/ Robert",0,No,,0,,,,0,,,0,Active,1,Active,+15733649000,,,
12933,,Fresno,,,,3875 W Beechwood Ave,,BILL TO,93722,.,CA,,2,Clinic,hernandeza@unitedhealthcenters.org,kruperp@unitedhealthcenters.org,,(559) 646-3652,1900-01-01 02:07:00,United Health Centers of the San Joaquin Valley,0,No,,0,,,,0,,,0,Active,1,Active,+15596466618,,,http://www.uhcofsjv.org/
12934,,Orem,United States,,,"157 N 400 W, Ste B7",,MAIN,84057,,UT,,2,Clinic,,danielrpatty@gmail.com,,(801) 226-3869,1900-01-01 02:07:00,"Patty, DPM/ Daniel R.",0,No,,0,,,,0,,,0,Active,1,Active,+18012262421,,,
12936,,Houston,,,,"9055 Katy Fwy, Ste 460",,MAIN,77024,,TX,,2,Clinic,rubi.moya@sbpodiatry.net,,,(713) 973-7200,1900-01-01 02:07:00,Spring Branch Podiatry,0,No,,0,,,,0,,,0,Active,1,Active,+17134611010,,,http://txfootdoctor.com
12744,,Denver,United States,,Accounts Payable,PO Box 1380,,BILL TO,80201,Optum Care Management,CO,,2,Clinic,accountpayable@healthcarepartners.com,,,(213) 861-5825,1900-01-01 02:01:00,Optum Care Management,0,No,0A8EB902-00B1-DD11-A1B8-0019B9B8224A,0,HealthCare Partners,,,0,,,0,Active,1,Active,+12138615803,,,http://www.healthcarepartners.com
12660,,Burlingame,,,,"1750 El Camino Real, Ste 106",,MAIN,94010,,CA,,2,Clinic,management@sanmateopodiatrygroup.com,bjm@faisf.com,,(650) 332-0278,1900-01-01 01:57:00,San Mateo Podiatry Group,0,No,,0,,,D4118E80-5824-E211-8E61-005056B60006,0,"Bill Metaxas, DPM","Bill Metaxas, DPM",0,Active,1,Active,+16503422420,,,https://www.sanmateopodiatrygroup.com/
12663,,Castle Rock,,,Castle Rock Foot & Ankle Care,PO Box 639,,BILL TO,80104,,CO,,,,,crfa@castlerockfootandankle.com,,(303) 814-0020,1900-01-01 01:57:00,"Herzog, DPM/ Jessica",0,No,,0,,,,0,,,0,Active,1,Active,+13038141082,,,http://www.castlerockfootandankle.com
13182,,Idaho Falls,,,,1277 E 17th St,,MAIN,83404,Foot and Ankle Specialists of Idaho,ID,,2,Clinic,,drpeterson@footankleid.com,,(208) 346-7442,1900-01-01 02:18:00,Foot & Ankle Specialists of Idaho,0,No,,0,,,,0,,,0,Active,1,Active,+12083467443,,,
12815,,Spokane,,,,4208 E. Olmsted Rd.,.,MAIN,99223,,WA,,1,Sole Practitioner,,svancarlson@gmail.com,,,1900-01-01 02:04:00,"Carlson, PT/ Shirley, J.",0,No,,0,,,,0,,,0,Active,1,Active,+15095909893,,,
12823,,Naples,,,"Finn Foot & Ankle Center, P.A.","1855 Veterans Park Dr., Ste. 303",,,34106,,FL,,2,Clinic,,drfinn@finnfootandanklecenter.com,,(239) 260-5803,1900-01-01 02:05:00,"Finn, DPM/ Lori",0,No,,0,,,,0,,,0,Active,1,Active,+12392605805,,,http://FinnFootAndAnkleCenter.com
12571,,Newport Beach,United States,,,"881 Dover Dr, Ste 150",,MAIN,92663,,CA,,1,Sole Practitioner,,,,(949) 330-2006,1900-01-01 01:55:00,"Herrmann, DPM/ William",0,No,,0,,,,0,,,0,Active,1,Active,+19498554634,,,http://www.drherrmannfootcare.com
12573,,Stoneham,,,,"25 Executive Dr, Apt #308",,MAIN,2180,,MA,,,,,johann.entinger@gmail.com,,,1900-01-01 01:55:00,"Entinger, DPM/ Johann",0,No,,0,,,,0,,,0,Active,1,Active,+18025584525,,,
12582,,Windsor,,,Gill Family Footcare and Orthotics,2990 Curry Ave,,MAIN,N9E 1E5,,ON,,1,Sole Practitioner,,mjupin1@hotmail.com,,(519) 969-5100,1900-01-01 01:55:00,"Gill, DPM/ Michelle",0,No,,0,,,,0,,,0,Active,1,Active,+15199691200,,,
12584,,Salt Lake City,United States,,,PO Box 31324,,BILL TO,84131,,UT,,2,Clinic,nsedwardelm@ghxinvoicing.com,,,(630) 758-8592,1900-01-01 01:55:00,Elmhurst Memorial Healthcare,0,No,,0,,,A9430507-76AE-E111-9570-005056B60006,0,"Scott Rieger, DPM","Scott Rieger, DPM",0,Active,1,Active,+13312219004,,,https://www.eehealth.org/
12588,,Sonoita,,,,PO Box 1205,,BILL TO,85637,,AZ,,2,Clinic,,2became1@att.net,,,1900-01-01 01:55:00,"Lenz, DPM/ Craig",0,No,,0,,,,0,,,0,Active,1,Active,+15592172659,,,
12593,,Delta,Canada,,Dr. Alice Wang Podiatric Corporation,#103 - 4515 Harvest Drive,,MAIN,V4K 4L1,,BC,,2,Clinic,,evergreenfootankle@gmail.com,,(604) 521-2132,1900-01-01 01:55:00,"Wang, DPM/ Alice",0,No,,0,,,,0,,,0,Active,1,Active,+16049408377,,,http://www.evergreenfootankle.com
12601,,Portland,United States,,,1827 NE 44th Ave Ste 100,,MAIN,97213,,OR,,2,Clinic,bbarnett@eastsidefa.com,bbowen@eastsidefa.com,,(503) 284-2002,1900-01-01 01:56:00,"Eastside Foot and Ankle, LLC",0,No,6ABB560B-F75D-E811-BA20-005056995B7E,0,"Eastside Foot and Ankle, LLC",,,0,,,0,Active,1,Active,+15032842000,,,http://www.eastsidefootankle.com
12611,,Sacramento,United States,,Capital Foot & Ankle,"3800 J St, Ste 200",,MAIN,95816,,CA,,2,Clinic,,,,(916) 454-4359,1900-01-01 01:56:00,"Bakal, DPM/ Jamie",0,No,31690229-F213-DE11-86E0-0019B9B8224A,0,Capital Foot & Ankle,,,0,,,0,Active,1,Active,+19164538900,,,http://www.capitalfootankle.com/
12618,,Winchester,,,,"333 W Cork St, Ste 30",,MAIN,22601,,VA,,2,Clinic,info@rpionline.us,info@rpionline.us,,(540) 667-9915,1900-01-01 01:56:00,Rehabilitation Practitioners Inc.,0,No,,0,,,,0,,,0,Active,1,Active,+15407229025,,,http://rpionline.us
12619,,Naples,,,,"1333 3rd Ave S., Ste 504",,MAIN,34102,,FL,,,,,kellymalinoski@gmail.com,,(239) 260-5183,1900-01-01 01:56:00,DNU - Collier Foot & Ankle Care Center,0,No,,0,,,,0,,,0,Active,1,Active,+12392605181,,,http://www.podiatristofnaples.com
12620,,Smyrna,United States,,,"693 President Pl, Ste 103",,BILL TO,37167,,TN,,1,Sole Practitioner,,,,(615) 220-8688,1900-01-01 01:56:00,Neuhaus Foot & Ankle,0,No,,0,,,,0,,,0,Active,1,Active,+16152208788,,,http://www.neufoot.com
12624,,Mount Vernon,United States,,Skagit Regional Clinic Mt. Vernon,Attn:  Finance/AP,PO Box 1376,BILL TO,98273,,WA,,3,Hospital,ap@skagitvalleyhospital.org,,,(360) 814-2210,1900-01-01 01:56:00,"Bruce, DPM/ David",0,No,04F923CC-88EC-E111-9570-005056B60006,0,Skagit Regional Clinic Mt. Vernon,,,0,,,0,Active,1,Active,+13608484120,,,http://www.skagitvalleyhospital.org
12626,,Mount Vernon,United States,,Skagit Regional Clinic Mt. Vernon,Attn:  Finance/AP,PO Box 1376,BILL TO,98273,,WA,,3,Hospital,ap@skagitvalleyhospital.org,,,(360) 814-2210,1900-01-01 01:56:00,"Pea, DPM/ Anisa",0,No,04F923CC-88EC-E111-9570-005056B60006,0,Skagit Regional Clinic Mt. Vernon,,,0,,,0,Active,1,Active,+13608484120,,,http://www.skagitregionalhealth.org/
12629,,Lynden,,,,9647 Axlund R,,BILL TO,98264,,WA,,1,Sole Practitioner,,ghelgath@aol.com,,,1900-01-01 01:56:00,C.O.A.S.T.,0,No,,0,,,,0,,,0,Active,1,Active,+13608151631,,,
12630,,Reading,,,,11 Fairlane Rd.,,MAIN,19606,,PA,,2,Clinic,khurley@coaortho.com,,,(610) 779-3367,1900-01-01 01:56:00,Commonwealth Orthopaedic Associates,0,No,,0,,,,0,,,0,Active,1,Active,+16107792663,,,
12683,,East Syracuse,United States,,,"5900 N. Burdick St, Ste 104",,MAIN,13057,,NY,,,,,,,(315) 656-2454,1900-01-01 01:58:00,"Foot Specialists of Central NY, PC",0,No,,0,,,,0,,,0,Active,1,Active,+13156562216,,,https://www.footspecialistsofcny.com/
12684,,Fremont,,,,39139 Sutter Dr.,,MAIN,94538,,CA,,1,Sole Practitioner,,humdpm@outlook.com,,,1900-01-01 01:58:00,"Hum, DPM/ Dennis Hwa",0,No,,0,,,,0,,,0,Active,1,Active,+15104940368,,,
12688,,Lincoln,,,,"685 12 Bridges Dr, Ste F",,BILL TO,95648,,CA,,1,Sole Practitioner,,footandankle12@gmail.com,,(916) 786-6770,1900-01-01 01:58:00,"Pham, DPM/ Benjamin",0,No,,0,,,,0,,,0,Active,1,Active,+19164085580,,,https://www.wellnesspodiatry.com/
12689,,Eagle Pass,,,,PO Box 1470,,BILL TO,78852,,TX,,2,Clinic,,leekeenen@aol.com,,(830) 775-7325,1900-01-01 01:58:00,United Medical Centers #3,0,No,,0,,,,0,,,0,Active,1,Active,+18307745534,,,
12690,,Rochester,,,Attn:  Rehab Svcs,2110 East Center St,,MAIN,55904,,MN,,,,,ssearcy@bop.gov,,(507) 424-7633,1900-01-01 01:58:00,Federal Medical Center,0,No,,0,,,,0,,,0,Active,1,Active,+15074247493,,,
12692,,Fort Collins,United States,,,3307 S College Ave.,,BILLING,80525-4196,,CO,,1,Sole Practitioner,,doctorkajiki@gmail.com,,,1900-01-01 01:59:00,Gil Kajiki Chiropractic,0,No,,0,,,,0,,,0,Active,1,Active,+19702224617,,,
12694,,New York,United States,,,1125 Park Ave,,MAIN,10128,,NY,,2,Clinic,,jjmccoy@aol.com,,(212) 289-3335,1900-01-01 01:59:00,"McCoy, DPM/ Jennifer J.",0,No,,0,,,,0,,,0,Active,1,Active,+12122893338,,,http://carnegiehillpodiatry.com
12695,,Fresno,,,Foot & Ankle Center,"1642 E Herndon Ave, Ste 103",,MAIN,93720,,CA,,1,Sole Practitioner,,info@drbuckenberger.com,,(559) 439-8341,1900-01-01 01:59:00,"Buckenberger, DPM/ Robert K.",0,No,,0,,,,0,,,0,Active,1,Active,+15594398642,,,http://www.drbuckenberger.com/
12712,,Los Gatos,,,.,"14981 National Ave, Ste 2",,MAIN,95032,Faranak Pourghasemi,CA,,,,,faranakdpm@yahoo.com,,,1900-01-01 01:59:00,"Pourghasemi, DPM/ Faranak",0,No,,0,,,,0,,,0,Active,1,Active,+14088845851,,,
12713,,Merrick,United States,,.,143 Merrick Ave,,MAIN,11566,"Robert A. Irwin, DPM",NY,,1,Sole Practitioner,,drrobertirwin@gmail.com,,(516) 623-7115,1900-01-01 01:59:00,"Irwin, DPM/ Robert A.",0,No,,0,,,,0,,,0,Active,1,Active,+15166232800,,,http://www.merrickpodiatrist.com/
12896,,Salt Lake City,United States,,Accounts Payable,PO Box 30184,,BILL TO,84130,,UT,,2,Clinic,intermountainap@metasource.com,,,(801) 442-0516,1900-01-01 02:06:00,Intermountain Healthcare - Layton Parkway Podiatry,0,No,7821566D-331D-E211-8E61-005056B60006,0,Intermountain Healthcare,,,0,,,0,Active,1,Active,+18014422516,,,http://www.laytonparkway.org
12904,,White Rock,Canada,,,15185 Russell Avenue,,BILL TO,V4B 2P4,,BC,,5,Other,accounts@kintec.net,storep1@kintec.net,,(604) 535-4106,1900-01-01 02:06:00,"Kintec Footlabs Whiterock, Inc.",0,No,,0,,,,0,,,0,Active,1,Active,+16045354402,,,
12905,,Ladera Ranch,United States,,,"333 Corporate Dr, Ste 230",,MAIN,92694,,CA,,2,Clinic,,rjspencer11@gmail.com,,(949) 364-9250,1900-01-01 02:06:00,Southern California Foot & Ankle Specialists - Ladera,0,No,160C4FE1-E175-EF11-84FB-005056995B7E,0,Southern California Foot & Ankle Specialists,,,0,,,0,Active,1,Active,+19493649255,,,http://www.socalfootandankle.com
12906,,Modesto,United States,,,"1705 Coffee Rd, Ste 1",,MAIN,95355,,CA,,1,Sole Practitioner,procarepando@att.net,,,(209) 544-2274,1900-01-01 02:06:00,ProCare Prosthetics & Orthotics,0,No,,0,,,,0,,,0,Active,1,Active,+12095442273,,,
12916,,Brooklyn,,,,"2148 Ocean Ave, Ste 601",,MAIN,11229,,NY,,2,Clinic,,myfootsurgery@gmail.com,,(718) 444-7412,1900-01-01 02:06:00,Advanced Foot and Ankle Center,0,No,,0,,,,0,,,0,Active,1,Active,+19176843435,,,
12922,,Maryville,United States,,"Premier Foot and Ankle, PC","6810 State Route 162, Ste 20",,MAIN,62062,,IL,,2,Clinic,,gcard1684@gmail.com,,(618) 288-6162,1900-01-01 02:06:00,"Cardenas Jr., DPM/ Gabriel",0,No,,0,,,,0,,,0,Active,1,Active,+16182882835,,,https://www.premierfootillinois.com/
12923,,Winfield,United States,,,"1305 E 5th Ave., Ste. 1A",,BILL TO,67156,ATTN: Accounts Payable,KS,,2,Clinic,ap@wnmh.org,,,,1900-01-01 02:06:00,William Newton Hospital,0,No,,0,,,,0,,,0,Active,1,Active,+16202214443,,,http://wnhcares.org
12927,,Geneva,,,Northwestern Medicine RMG Orthopedics,"351 Delnor Dr, Ste #410",,MAIN,60134,,IL,,2,Clinic,apinvoice.nm@email.basware.com,engs888@sbcglobal.net,,(630) 614-4048,1900-01-01 02:06:00,Northwestern Medicine,0,No,093421C7-3921-E611-955C-005056995B7E,0,Northwestern Medicine,,,0,,,0,Active,1,Active,+16306144000,,,https://www.nm.org/
12928,,Sterling Heights,United States,,Troy/Sterling Heights,"43200 Dequindre Rd, Ste 102",,MAIN,48314,,MI,,2,Clinic,,,,(586) 997-5009,1900-01-01 02:07:00,Foot & Ankle Specialists of South East Michigan,0,No,120E4ED1-D740-DF11-AE93-000C29EC1EE3,0,Foot & Ankle Specialists of South East Michigan,,,0,,,0,Active,1,Active,+15869975000,,,https://www.footandanklesemi.com/madison-podiatry-associates
13053,,Fort Myers,United States,,,"9400 Gladiolus Dr, Ste 300",,MAIN,33908,,FL,,,,,dr.dushack@gmail.com,,(239) 433-0224,1900-01-01 02:11:00,"Apex Foot & Ankle Center, LLC",0,No,,0,,,,0,,,0,Active,1,Active,+12394330064,,,http://podiatryapex.com
13055,,Pasco,United States,,,"9613 Sandifur Pkwy, Ste B",,MAIN,99301,,WA,,2,Clinic,,bthielges@tcpodiatry.com,,(509) 578-1118,1900-01-01 02:12:00,Tri-City Foot & Ankle Center,0,No,,0,,,,0,,,0,Active,1,Active,+15095919454,,,http://www.tcpodiatry.com
13009,,Harrisonburg,United States,,,4165 Quarles Ct,,MAIN,22801,,VA,,2,Clinic,,lindsayathoc@ntelos.net,,(540) 433-5931,1900-01-01 02:10:00,"Moorman, DPM/ Chad",0,No,,0,,,,0,,,0,Active,1,Active,+15404341664,,,http://www.hessortho.com
13012,,Richardson,,,Richardson Podiatry Center,"2001 N Collins Blvd, Ste 103",,MAIN,75080,,TX,,2,Clinic,,grfootdoc@gmail.com,,(972) 690-6446,1900-01-01 02:10:00,"Reister, DPM/ Gene G.",0,No,,0,,,,0,,,0,Active,1,Active,+19726905374,,,http://www.richardsonpodiatrycenter.com/
13013,,South Miami,,,,PO Box 430764,,BILL TO,33243,"Lower Extremity Care, LLC",FL,,2,Clinic,,dreddpm@gmail.com,,(305) 517-3455,1900-01-01 02:10:00,"Lower Extremity Care, LLC",0,No,,0,,,,0,,,0,Active,1,Active,+13055173771,,,
13017,,Everett,United States,,,1300 44th St SE,,MAIN,98203,,WA,,2,Clinic,orders@cornerstonepo.com,rstride@cornerstonepo.com,,(425) 339-1583,1900-01-01 02:10:00,Cornerstone P & O,0,No,,0,,,,0,,,0,Active,1,Active,+14253392559,,,http://cornerstonepo.com/
13019,,Worthington,United States,,,37 E Wilson Bridge Rd,,MAIN,43085,,OH,,2,Clinic,worthingtonfa@gmail.com,,,(614) 785-6543,1900-01-01 02:11:00,"Worthington Foot & Ankle, LLC",0,No,,0,,,,0,,,0,Active,1,Active,+16148858895,,,http://www.worthingtonfootdocs.com
12867,,Rancho Palos Verdes,United States,,,30834 Via Rivera,,BILL TO,90275,,CA,,1,Sole Practitioner,,drroober09@gmail.com,,,1900-01-01 02:06:00,"Robertson, DPM/ Jeffrey",0,No,,0,,,,0,,,0,Active,1,Active,+16462466427,,,
12871,,San Francisco,United States,,,"490 Post St, Ste 336",,MAIN,94102,,CA,,2,Clinic,info@elevatefoot.com,info@elevatefoot.com,,(415) 795-4477,1900-01-01 02:06:00,Elevate Podiatry,0,No,,0,,,,0,,,0,Active,1,Active,+14158903377,,,http://www.elevatefoot.com/home/
12876,,Voorhees,United States,,"Linda St. Martin, DPM PA",496 Cooper Rd,,MAIN,8043,,NJ,,2,Clinic,,gregoryngdpm@hotmail.com,,(856) 627-7939,1900-01-01 02:06:00,"Ng, DPM/ Gregory",0,No,74668059-6ABF-E311-A129-005056B60006,0,St. Martin/Ng,,,0,,,0,Active,1,Active,+18567839690,,,
12883,,Lynden,,,,"8862 Bender Rd, Ste 101",,MAIN,98264,,WA,,,,info@capstonept.com,jeannett@capstonept.com,,(360) 354-0321,1900-01-01 02:06:00,Capstone Physical Therapy,0,No,,0,,,,0,,,0,Active,1,Active,+13603541115,,,http://www.capstonept.com
13048,,Norfolk,United States,,,"1310 N 13th St, Ste 2",,MAIN,68701,,NE,,2,Clinic,,drb.npc@gmail.com,,(844) 224-9500,1900-01-01 02:11:00,Norfolk Podiatry Center,0,No,,0,,,,0,,,0,Active,1,Active,+14023715530,,,https://www.norfolkpodiatrycenter.com/
12670,,Valleyford,United States,,,13310 S Marshall Rd,,MAIN,99036,,WA,,1,Sole Practitioner,,baclark43@gmail.com,,,1900-01-01 01:57:00,"Clark, DPM/ Brent (Personal Acct)",0,No,,0,,,,0,,,0,Active,1,Active,+15093011565,,,
12672,,Irvine,United States,,"Proliance Surgeons, Inc.",PO Box 62886,,BILL TO,92602,,CA,,2,Clinic,proliancesurgeons@avidbill.com,,,(253) 358-4015,1900-01-01 01:58:00,Puget Sound Orthopaedics,0,No,BF0225CA-4897-E811-AC14-005056995B7E,0,"Proliance Surgeons, Inc.",,,0,,,0,Active,1,Active,+12533584002,,,http://www.pugetsoundorthopaedics.com
12952,,Harrison,United States,,,"440 Mamaroneck Ave, Ste 502",,MAIN,10528,,NY,,1,Sole Practitioner,,elisa@doctorkavanagh.com,,(914) 472-1008,1900-01-01 02:07:00,"Kavanagh, DPM/ Elisa M.",0,No,,0,,,,0,,,0,Active,1,Active,+19144721000,,,http://www.doctorkavanagh.com
12953,,Woodstock,United States,,,"970 Woodstock Pkwy, Ste 200",,MAIN,30188,,GA,,2,Clinic,,ngfar.work@gmail.com,,(770) 999-0814,1900-01-01 02:07:00,Foot & Ankle Reconstruction of Georgia PC,0,No,,0,,,,0,,,0,Active,1,Active,+17709990703,,,https://www.ngfar.com
13115,,Newport Beach,,,,"355 Placentia Ave, Ste 101",,MAIN,92663,,CA,,2,Clinic,,newportfamilypodiatry@yahoo.com,,(949) 650-1902,1900-01-01 02:15:00,Newport Family Podiatry,0,No,,0,,,,0,,,0,Active,1,Active,+19496501900,,,http://www.newportfamilypodiatry.com
13124,,Naples,United States,,Foot & Ankle Management Group,"681 Goodlette Rd N, Ste 160",,MAIN,34102,,FL,,,,info@footandanklemgmt.com,,,(239) 263-8435,1900-01-01 02:15:00,"Burmeister, DPM/ Cliff",0,No,A7AB7040-1262-EE11-9AFF-005056995B7E,0,Foot & Ankle Management Group,,,0,,,0,Active,1,Active,+12392630200,,,http://www.footandanklemgmt.com
13125,,Longmont,United States,,,"1138 Olympia Ave, Unit B",,MAIN,80504,,CO,,1,Sole Practitioner,,wilms.kimberly@gmail.com,,,1900-01-01 02:15:00,"Wilms, DPM/ Kimberly",0,No,,0,,,,0,,,0,Active,1,Active,+14197882396,,,
13128,,New York,United States,,,335 Lenox Ave,,MAIN,10027,,NY,,2,Clinic,,,,(347) 287-6791,1900-01-01 02:15:00,New York Foot Experts,0,No,,0,,,,0,,,0,Active,1,Active,+16466263033,,,http://newyorkfootexperts.com/
13130,,Helena Valley,Australia,,,7 Atoifi Gardens,,MAIN,6056,,West Australia,,1,Sole Practitioner,,abryant@iinet.net.au,,,1900-01-01 02:16:00,Bryant Podiatry Clinic,0,No,,0,,,,0,,,0,Active,1,Active,,,,
12767,,Yuma,United States,,Yuma Foot Care,"2741 S 8th Ave, Ste A",,MAIN,85364,,AZ,,2,Clinic,manager@yumafootcare.com,dr.jessica.duggan@gmail.com,,(928) 726-6189,1900-01-01 02:02:00,"Duggan, DPM PC/ Jessica",0,No,,0,,,,0,,,0,Active,1,Active,+19287266295,,,http://www.yumafeet.com/
12776,,Chevy Chase,,,,5550 Friendship blvd suite 300,,BILL TO,20815,,MD,,2,Clinic,imcneace@alignedortho.com,alan@wosm.com,,(301) 951-6160,1900-01-01 02:02:00,Washington Orthopaedics & Sports Medicine P.A.,0,No,,0,,,,0,,,0,Active,1,Active,+12027875620,,,http://www.wosm.com
12779,,Boulder,,,,"5350 Manhattan Cir, Ste 100",,MAIN,80303,.,CO,,,,,info@avantitherapy.com,,(3030 543-1206,1900-01-01 02:02:00,Avanti Therapy,0,No,,0,,,,0,,,0,Active,1,Active,+13035431201,,,http://www.avantitherapy.com/
12780,,Dallas,United States,,"Extremity Healthcare, Inc.",PO Box 108,,BILL TO,30132,.,GA,,2,Clinic,apayable@vpcenters.com,,,(770) 495-9993,1900-01-01 02:02:00,"Village Podiatry Centers, P.C.",0,No,00B6100E-ACB5-DD11-8B3E-0019B9B8224A,0,"Village Podiatry Centers, P.C.",,,0,,,0,Active,1,Active,+17702325030,,,http://www.villagepodiatrycenters.com
12783,,Walla Walla,United States,,walla walla,55 W. Tietan St,,MAIN,99362,.,WA,,2,Clinic,,,,(509) 522-1573,1900-01-01 02:02:00,Walla Walla Clinic,0,No,511CCC35-8607-DF11-8291-000C29EC1EE3,0,Walla Walla Clinic,,,0,,,0,Active,1,Active,+15095253720,,,
12639,,Kamloops,,,,380-546 Saint Paul St.,,MAIN,V2C 5T1,.,BC,,1,Sole Practitioner,,stevede@telus.net,,(250) 851-9301,1900-01-01 01:56:00,"DeWitt, DPM/ Stephen",0,No,,0,,,,0,,,0,Active,1,Active,+12503747495,,,
12722,,Redmond,,,ISB Inc,2001 152nd Ave NE,,BILL TO,98052,Eugene Rubinchikov,WA,,,,,info@206footdoctor.com,,(425) 643-8902,1900-01-01 02:00:00,Advanced Foot & Ankle Clinics,0,No,,0,,,,0,,,0,Active,1,Active,+14256438901,,,http://www.206footdoctor.com/
12725,,Beaverton,United States,,"Village Practice Mgmt Co, LLC","9450 SW Gemini Dr, #49084",,BILL TO,97008,Accounts Payable,OR,,2,Clinic,ap@villagemd.com,iherstik@westmedgroup.com,,(914) 848-8071,1900-01-01 02:00:00,"Herstik, DPM/ Ivan",0,No,8800F2F2-6799-E711-BE9F-005056995B7E,0,"Village Practice Managment Co, LLC",,,0,,,0,Active,1,Active,+19148488060,,,http://westmedgroup.com
12734,,Spring,,,,"20639 Kuykendahl Rd, Ste 200",,BILL TO,77379,,TX,,2,Clinic,,,,(281) 210-3450,1900-01-01 02:00:00,Sterling Ridge Orthopaedics & Sports Medicine,0,No,,0,,,,0,,,0,Active,1,Active,+12813641122,,,http://srosm.com
12737,,Twin Falls,,,,254 River Vista Pl,,MAIN,83301,Primary Therapy Source LLC,ID,,2,Clinic,,jdux@primarytherapysource.com,,(208) 734-8350,1900-01-01 02:00:00,"Primary Therapy Source, LLC",0,No,,0,,,,0,,,0,Active,1,Active,+12087347333,,,http://www.primarytherapysource.com
13023,,Salem,United States,,,705 Ewld Ave SE,,MAIN,97302,,OR,,2,Clinic,,carolo@cppcdocs.com,,(503) 378-0069,1900-01-01 02:11:00,"Chiropractic Physicians, PC",0,No,,0,,,,0,,,0,Active,1,Active,+15033780068,,,
13024,,Millersburg,,,,890 Wooster Rd,,MAIN,44654,,OH,,2,Clinic,,clinical@performancefootankle.com,,(330) 473-1520,1900-01-01 02:11:00,"Performance Foot & Ankle, LLC",0,No,,0,,,,0,,,0,Active,1,Active,+13304731447,,,https://performancefootankle.com/
13031,,Jefferson City,United States,,,PO Box 104420,,BILL TO,65110,,MO,,2,Clinic,accountspayable@jcmg.org,,,(573) 636-6908,1900-01-01 02:11:00,JCMG Podiatry,0,No,,0,,,,0,,,0,Active,1,Active,+15735567724,,,http://www.jcmg.org
13035,,Kirkland,United States,,Evergreen Healthcare,Mail Stop 13 - A/P,12040 NE 128th St,BILL TO,98034,,WA,,2,Clinic,jafabacher@evergreenhealthcare.org,pjlallas@evergreenhealthcare.org,,(425) 899-4651,1900-01-01 02:11:00,"Lallas, DPM/ Peter J.",0,No,681D3017-5419-E711-9D75-005056995B7E,0,Evergreen Healthcare,,,0,,,0,Active,1,Active,+14258994650,,,https://www.evergreenhealth.com
13036,,Covina,United States,,,"143 E Rowland St, Ste 2",,MAIN,91723,,CA,,1,Sole Practitioner,,,,(626) 858-9767,1900-01-01 02:11:00,Vito's Pedorthic Center,0,No,,0,,,,0,,,0,Active,1,Active,+16268589460,,,
13045,,Bayamon,United States,,,PO Box 8028,,MAIN,960,,PR,,1,Sole Practitioner,,silfredo0@yahoo.com,,(787) 767-8782,1900-01-01 02:11:00,"Megadma, CSP",0,No,,0,,,,0,,,0,Active,1,Active,+18137536382,,,
12958,,Roseville,United States,,Sutter Health Palo Alto Medical Foundation,Accounts Payable  Attn: Al Galvez,PO Box 619110,BILL TO,95661,.,CA,,2,Clinic,s3vendorinvoices@sutterhealth.org,,,(408) 523-3191,1900-01-01 02:07:00,PAMF - Alameda Dock OPS,0,No,82BA8F2E-90FC-DE11-AF67-000C29EC1EE3,0,Sutter Health - PAMF,,,0,,,0,Active,1,Active,,,,https://www.sutterhealth.org/pamf/services/podiatric
12960,,Dodge City,United States,,,"2601 N Central Ave, Ste 1",,MAIN,67801,,KS,,2,Clinic,,lifeinmotiongp@yahoo.com,,(620) 228-0113,1900-01-01 02:08:00,COLLECTION: Life in Motion O & P Center Inc.,0,No,,0,,,,0,,,0,Active,1,Active,+16202250113,,,
12963,,Jackson,United States,,Mississippi Foot Center,1915 Dunbarton Dr,,MAIN,39216,,MS,,1,Sole Practitioner,,awilson@msfootcenter.net,,(601) 982-2253,1900-01-01 02:08:00,"Sullivan, DPM/ Bryan T",0,No,,0,,,,0,,,0,Active,1,Active,+16019823338,,,
12964,,Walla Walla,United States,,Walla Walla Clinic,55 W Tietan St,,MAIN,99362,,WA,,2,Clinic,,,,(509) 522-1573,1900-01-01 02:08:00,"Robinson, DPM/ Kristin R.",0,No,511CCC35-8607-DF11-8291-000C29EC1EE3,0,Walla Walla Clinic,,,0,,,0,Active,1,Active,+15095253720,,,http://www.wallawallaclinic.com/
12965,,St Thomas,United States,,,PO Box 302178,,BILL TO,803,,VI,,2,Clinic,finance@therapyworksvi.com,jsmith@therapyworksvi.com,,(340) 715-4678,1900-01-01 02:08:00,Therapy Works BVI,0,No,D86E51A6-3861-E411-B754-005056B60006,0,"Therapy Works, LLC, BVI & VG",,,0,,,0,Active,1,Active,+13407794678,,,http://www.therapyworksvi.com
12972,,Syosset,United States,,.,"6851 Jericho Tpke, Ste 125",,BILL TO,11791,,NY,,5,Other,eschenap@eschenpo.com,meyersa@ahmhealthcare.com,,(516) 933-4710,1900-01-01 02:08:00,Eschen Prosthetics and Orthotics,0,No,,0,,,,0,,,0,Active,1,Active,,,,http://eschenpo.com
12973,,Tigard,United States,,,"11515 SW Durham Rd, Ste E-1",,MAIN,97224,,OR,,2,Clinic,,correctivestep@frontier.com,,(503) 684-3306,1900-01-01 02:09:00,Corrective Step Foot Health Ctr,0,No,,0,,,,0,,,0,Active,1,Active,+15036240364,,,
12976,,Wenatchee,United States,,"Foot & Ankle Ctr of Wenatchee, P.S.",616 N Chelan Ave,,MAIN,98801,,WA,,2,Clinic,,kmorrisdpm@aol.com,,(509) 665-9808,1900-01-01 02:09:00,"Morris, DPM/ Kevin L.",0,No,3ECD6644-A171-E411-B754-005056B60006,0,Foot & Ankle Ctr of Wenatchee,,,0,,,0,Active,1,Active,+15096622970,,,http://www.footandankleofwenatchee.com/
12979,,Wenatchee,United States,,,PO Box 1885,,BILL TO,98801,.,WA,,3,Hospital,accountspayable@confluencehealth.org,wvc0618@wvmedical.com,,(509) 661-3756,1900-01-01 02:09:00,Confluence Health,0,No,,0,,,,0,,,0,Active,1,Active,+15096656203,,,http://www.confluencehealth.org
12981,,Richfield,United States,,,879 N Main St,,MAIN,84701,,UT,,2,Clinic,,zobell91@gmail.com,,(435) 896-9564,1900-01-01 02:09:00,Mountain Utah Family Medicine,0,No,511CAA80-117B-E411-B754-005056B60006,0,Zobell/Mt Utah Family Medicine,,,0,,,0,Active,1,Active,+14358966497,,,
12985,,Anthem,United States,,,2902 W Princeville Ct,,MAIN,85086,,AZ,,1,Sole Practitioner,,becwav@aol.com,,,1900-01-01 02:10:00,"Rogoff, DPM/ Rebecca",0,No,,0,,,,0,,,0,Active,1,Active,+19496333672,,,
12992,,Sacramento,United States,,Capital Foot & Ankle,"3800 J St, Ste 200",,BILL TO,95816,,CA,,2,Clinic,,,,(916) 782-3490,1900-01-01 02:10:00,"Drake, DPM/ Mark",0,No,31690229-F213-DE11-86E0-0019B9B8224A,0,Capital Foot & Ankle,,,0,,,0,Active,1,Active,+19167823444,,,http://www.capitalfootankle.com/
12994,,Rapid City,United States,,Rapid City Regional Hospital,PO Box 6000,,BILL TO,57709,,SD,,2,Clinic,apinvoices@monument.health,,,(605) 755-0620,1900-01-01 02:10:00,Regional Medical Clinic/WHPB,0,No,,0,,,,0,,,0,Active,1,Active,+16057555519,,,http://regionalhealth.com
13062,,Zlin,United States,,,Dukelska 4017,,BILL TO,760 01,,,,4,Distributor,proteching@proteching.cz,,,+420 577 524 652,1900-01-01 02:12:00,Ing. Milan Borsky,0,No,,0,,,,0,,,0,Active,1,Active,+420577524652,,,http://www.proteching.cz/
13063,,Washington,,,"Romeo Foot & Ankle Clinic, P.C.","64580 Van Dyke Rd, Ste A",,MAIN,48095,,MI,,2,Clinic,rita.osebold@outlook.com,ben361963@yahoo.com,,(586) 752-7046,1900-01-01 02:12:00,"Butler, DPM/ Brett W.",0,No,,0,,,,0,,,0,Active,1,Active,+15867523519,,,http://www.macombfootdoctor.com/
13067,,New York,United States,,,"50 E 28th St, Ste 21D",,BILL TO,10016,,NY,,1,Sole Practitioner,,bafootcare@gmail.com,,(855) 312-6352,1900-01-01 02:12:00,"Sudberg, MD/ Jordan",0,No,,0,,,,0,,,0,Active,1,Active,+16462398418,,,
13072,,Florence,United States,,,451 W Cheves St,,MAIN,29501,,SC,,2,Clinic,,,,(843) 673-0333,1900-01-01 02:12:00,Palmetto P & O,0,No,,0,,,,0,,,0,Active,1,Active,+18436739222,,,
12786,,Lake Oswego,,,,5770 Victoria Ct,,MAIN,97035,,OR,,1,Sole Practitioner,,afroth@comcast.net,,,1900-01-01 02:02:00,"Rothstein, DPM/ Alan",0,No,,0,,,,0,,,0,Active,1,Active,+15037407729,,,
12790,,Orem,United States,,Foot & Ankle Clinics of Utah,504 E 770th N,,MAIN,84097,.,UT,,2,Clinic,,scott.mckell1@gmail.com,,(801) 224-2195,1900-01-01 02:02:00,"McKell, DPM/ Scott R.",0,No,,0,,,,0,,,0,Active,1,Active,+18017651718,,,http://utahfootdoctors.com/
12795,,Tulsa,United States,,,"8006 S 101 East Ave, Ste A",,MAIN,74133,.,OK,,1,Sole Practitioner,,mchimento@dynamictulsa.com,,(918) 994-4885,1900-01-01 02:03:00,Dynamic Prosthetics & Orthotics,0,No,,0,,,,0,,,0,Active,1,Active,+19189944880,,,http://www.dynamictulsa.com
12798,,Bainbridge Island,,,,9419 Coppertop Loop NE,,MAIN,98110,,WA,,2,Clinic,,lynn@newmotionpt.com,,(206) 842-2890,1900-01-01 02:03:00,New Motion Physical Therapy,0,No,,0,,,,0,,,0,Active,1,Active,+12068422428,,,http://www.newmotionpt.com
12796,,Ruston,United States,,,108 N Monroe St,,MAIN,71270,,LA,,2,Clinic,,djptwellness@ymail.com,,(318) 251-2996,1900-01-01 02:03:00,Danni Jones Physical Therapy,0,No,,0,,,,0,,,0,Active,1,Active,+13182512995,,,http://www.dannijonespt.com/
12804,,Eastsound,,,,PO Box 487,,BILL TO,98245,,WA,,2,Clinic,,,,(360) 376-4059,1900-01-01 02:03:00,"Orcas Island Physical Therapy, PLLC",0,No,,0,,,,0,,,0,Active,1,Active,+13603766604,,,http://www.orcasislandpt.com
12805,,Roseville,United States,,Palo Alto Medical Foundation - Palo Alto,Attn: Danik Sumisaki,PO Box 619110,BILL TO,95661,,CA,,2,Clinic,s3vendorinvoices@sutterhealth.org,adamswc@pamf.org,,(510) 623-2202,1900-01-01 02:03:00,"PAMF - Adams, DPM/ William C.",0,No,82BA8F2E-90FC-DE11-AF67-000C29EC1EE3,0,Sutter Health - PAMF,,,0,,,0,Active,1,Active,+16508532986,,,https://www.sutterhealth.org/pamf/services/podiatric
12806,,Riverton,United States,,,"12523 S Creek Meadow Rd, Ste 105",,BILL TO,84065,,UT,,2,Clinic,,ryan.s.ellsworth@gmail.com,,(801) 253-6888,1900-01-01 02:03:00,Summit Foot & Ankle Specialists,0,No,,0,,,,0,,,0,Active,1,Active,+18012536886,,,https://summitfootankle.com/
12754,,Fond Du Lac,United States,,"Aurora Health Care, Inc.",Attn:  Shauna Frohrip,210 Wisconsin American Dr,BILL TO,54937,,WI,,2,Clinic,shauna.frohrip@aurora.org,,,(920) 907-7202,1900-01-01 02:01:00,"Lanier, DPM/ Thurmond Dwayne",0,No,FEFBAD61-C1FB-DE11-AF67-000C29EC1EE3,0,"Aurora Health Care, Inc.",,,0,,,0,Active,1,Active,+19209077000,,,http://www.aurorahealthcare.org
12757,,Medford,United States,,,2009 Commerce Dr,,BILL TO,97504,.,OR,,,,invoices@empire-medical.com,cweyers@empire-medical.com,,(541) 245-6687,1900-01-01 02:01:00,"Empire Medical, Inc.",0,No,,0,,,,0,,,0,Active,1,Active,+15412456657,,,http://empire-medical.com/
12759,,Even Yehuda Industrial Zone Israel,Israel,,,63 Hadasim Way,,MAIN,40500,.,Israel,,4,Distributor,matthew@gravityisrael.com,,,972-9-7466619,1900-01-01 02:02:00,M.Gravity Ltd,0,No,,0,,,,0,,,0,Active,1,Active,,,,http://www.gravityisrael.com
12762,,Stockton,United States,,Attn: Accounts Payable,2488 N California St,,MAIN,95204,,CA,,2,Clinic,,aomgboaomg@hotmail.com,,(209) 948-3330,1900-01-01 02:02:00,"Alpine Orthopaedic Medical Grp, Inc.",0,No,,0,,,,0,,,0,Active,1,Active,+12099467168,,,http://alpineorthopaedic.com
13077,,Bartlesville,United States,,Advanced Podiatry of Bartlesville,234 SE DeBell Ave,,MAIN,74006,"Nicole L. Cupp, DPM",OK,,2,Clinic,,cheezy95@gmail.com,,(918) 876-0479,1900-01-01 02:12:00,"Cupp, DPM/ Nicole L",0,No,,0,,,,0,,,0,Active,1,Active,+19188760476,,,http://www.bartlesvillefootcare.com
13086,,Buhl,,,,720 US 30,,MAIN,83316,,ID,,2,Clinic,clevchiropractic@gmail.com,clevchiro@mindspring.com,,(208) 543-4172,1900-01-01 02:13:00,Cleverley Chiropractic,0,No,,0,,,,0,,,0,Active,1,Active,+12085432005,,,
13087,,Warner Robins,United States,,,110 Osigian Blvd,,MAIN,31088,,GA,,,,,gwall04@yahoo.com,,(478) 953-2927,1900-01-01 02:13:00,Boland Prosthetics and Orthotics Center,0,No,,0,,,,0,,,0,Active,1,Active,+14789532922,,,
13097,,Stockton,United States,,,4212 Tsushima Ct,,MAIN,95219,,CA,,1,Sole Practitioner,,wdmdpm@gmail.com,,,1900-01-01 02:14:00,"McDonald, DPM/ William D.",0,No,,0,,,,0,,,0,Active,1,Active,+12096393194,,,
13098,,Rapid City,United States,,"Rapid City Medical Center, LLP",2820 Mount Rushmore Rd,,MAIN,57701,,SD,,2,Clinic,payables@rcmed.net,ryderjb@rcmed.net,,(605) 721-8445,1900-01-01 02:14:00,"Ryder, DPM/ Jennifer B.",0,No,,0,,,,0,,,0,Active,1,Active,+16053423280,,,http://www.rapidcitymedicalcenter.com
13100,,Columbus,United States,,Dr. Block,"117 Lazelle Rd E, Ste B",,MAIN,43235,"Columbus Podiatry & Surgery, Inc.",OH,,2,Clinic,columbuspodiatry@gmail.com,columbuspodiatry@gmail.com,,(877) 877-4797,1900-01-01 02:14:00,Columbus Podiatry & Surgery Inc.,0,No,,0,,,,0,,,0,Active,1,Active,+16148853338,,,http://www.columbusfoot.com
13102,,San Jose,United States,,,"2039 Forest Ave, Ste. 206",,MAIN,95128,,CA,,1,Sole Practitioner,,kicktuews@aol.com,,(408) 292-8809,1900-01-01 02:14:00,"Lerman, DPM/ Bruce I.",0,No,206662CC-0242-E511-BDD1-005056B60006,0,"Lerman, DPM/ Bruce I.",,,0,,,0,Active,1,Active,+14083798450,,,
13105,,Noblesville,,,,"14701 Cumberland Rd, Ste 350",,MAIN,46060,.,IN,,,,,drshawnpala@gmail.com,,(317) 770-4386,1900-01-01 02:15:00,"Pala Chiropractic, LLC",0,No,,0,,,,0,,,0,Active,1,Active,+13177701970,,,http://www.palachiropractic.com
13106,,Ponte Vedra,,,Futch Podiatry,"145 Hilden Rd, Ste 103",,MAIN,32081,,FL,,2,Clinic,,drfutch@futchpodiatry.com,,(904) 615-1873,1900-01-01 02:15:00,"Futch, DPM/ Pearce",0,No,,0,,,,0,,,0,Active,1,Active,+19046151853,,,http://futchpodiatry.com
13109,,La Grande,United States,,,1408 N Hall St,,MAIN,97850,,OR,,2,Clinic,clarkestaff@eoni.com,clarkestaff@eoni.com,,(541) 963-6176,1900-01-01 02:15:00,"Hampton, DPM/  Travis T.",0,No,,0,,,,0,,,0,Active,1,Active,+15419630265,,,https://www.graniteviewfoot.com
13134,,Fort Collins,United States,,,"2315 E Harmony Rd, Ste 130",,MAIN,80528,,CO,,1,Sole Practitioner,,nurse@heckersportsmed.com,,(970) 672-8885,1900-01-01 02:16:00,Hecker Sports & Regenerative Medicine,0,No,,0,,,,0,,,0,Active,1,Active,+19706318877,,,http://www.heckersportsmed.com/
13144,,Elko,United States,,Shane Draper LTD,"1995 Errecart Blvd, Ste 200",,MAIN,89801,,NV,,2,Clinic,,shanedraper@frontiernet.net,,(775) 738-1101,1900-01-01 02:16:00,"Draper, DPM/ Shane",0,No,78AD88C4-DF99-E511-BE25-005056B60006,0,Shane Draper LTD,,,0,,,0,Active,1,Active,+17757381100,,,https://elkofootandankledoctors.com/
13145,,Elko,United States,,Shane Draper LTD,"1995 Errecart Blvd, Ste 200",,MAIN,89801,,NV,,2,Clinic,,qdlindstrom@yahoo.com,,(775) 738-1101,1900-01-01 02:16:00,"Lindstrom, DPM/ Quinn",0,No,78AD88C4-DF99-E511-BE25-005056B60006,0,Shane Draper LTD,,,0,,,0,Active,1,Active,+17757381100,,,
13146,,Umatilla,,,Solely Yours,27650 SE Hwy 42,,MAIN,32784,,FL,,2,Clinic,,drannamarie@drannamarie.net,,,1900-01-01 02:16:00,"Chwastiak, DPM/ Anna Marie",0,No,,0,,,,0,,,0,Active,1,Active,+13526696925,,,
13156,,Catonsville,,,"A Div. of the Ctrs for Advanced Orthopaedics, LLC",910 Frederick Rd,,BILL TO,21228,Attn:  Accounts Payable,MD,,2,Clinic,accountspayablediv17@cfaortho.com,mlipton@mdbonedocs.com,,,1900-01-01 02:17:00,Orthopaedic Associates of Central Maryland,0,No,,0,,,,0,,,0,Active,1,Active,+14106441880,,,https://www.mdbonedocs.com/
13159,,Kalispell,United States,,Kalispell Foot & Ankle,58 Village Loop Rd.,,MAIN,59901,,MT,,2,Clinic,,kalispellfootandankle@gmail.com,,(406) 755-5251,1900-01-01 02:17:00,"Latter, DPM/ Stephen",0,No,,0,,,,0,,,0,Active,1,Active,+14067555250,,,https://kalispellfootandankle.com/
13161,,San Mateo,United States,,,"700 S Claremont St, Ste 105",,MAIN,94402,,CA,,2,Clinic,,,,(650) 627-4632,1900-01-01 02:17:00,Align Clinic. LLC,0,No,,0,,,,0,,,0,Active,1,Active,+16503752231,,,http://www.align-clinic.com
13162,,Nanaimo,Canada,,Caledonian Clinic Ltd.,#143 - 4750 Rutherford Road,,BILL TO,V9T 4K6,,BC,,2,Clinic,lisa.wall@caledonianclinic.ca,zanbilowicz@gmail.com,,(250) 753-1039,1900-01-01 02:17:00,Dr. Zanbilowicz-Nanaimo,0,No,,0,,,,0,,,0,Active,1,Active,+12507533202,,,http://caledonianclinic.ca
13163,,Watauga,United States,,,5700 N Park Dr,,MAIN,76148,,TX,,2,Clinic,,,,(817) 520-3223,1900-01-01 02:17:00,Toe-Tal Foot & Ankle Care,0,No,,0,,,,0,,,0,Active,1,Active,+18176560303,,,http://www.toetalfootandanklecare.com
13173,,Salt Lake City,United States,,Mercy Health System,Attn: Accounts Payable,PO Box 31320,BILL TO,84131,,UT,,2,Clinic,mercyhealth@ghxinvoicing.com,cathie.feuerstein@gmail.com,,(608) 756-7233,1900-01-01 02:17:00,"Feuerstein, DPM/ Catherine",0,No,21F3C487-8FCE-E511-BE25-005056B60006,0,Mercy Health System,,,0,,,0,Active,1,Active,+16087567299,,,
13176,,San Francisco,United States,,,"2100 Webster St, Ste 209",,MAIN,94115,,CA,,2,Clinic,,,,(415) 703-6248,1900-01-01 02:18:00,Nor. Cal. Foot & Ankle Ctr.,0,No,04901316-FAD0-E511-BE25-005056B60006,0,Nor. Cal. Foot & Ankle Ctr.,,,0,,,0,Active,1,Active,+14154313668,,,
3175,Bill To,Rockford,,(815)398-3730,,324 Roxbury Rd.,,MAIN,61107,,IL,+18154846924,2,Clinic,ap@orthoillinois.com,,,(815) 398-9494,1900-01-01 03:43:00,Ortho Illinois,0,No,,0,,,,0,,,0,Active,1,Active,+18153989491,,,https://www.orthoillinois.com/
3901,Bill To,Encino,USA,(818)783-4449,,"17200 Ventura Blvd, Ste 207",,MAIN,91316,.,CA,+18187833338,1,Sole Practitioner,,soledoc4u@att.net,,(818) 583-1444,1900-01-01 03:55:00,"Brim DPM, Inc. / Mark",0,No,,0,,,,0,,,0,Active,1,Active,+18187833338,,,
4027,Bill To,St. George,USA,,Rhett Farrer,16 N 2300 E,,BILL TO,84790,,UT,+14356884545,1,Sole Practitioner,rhettfarrer@gmail.com,,,,1900-01-01 03:57:00,"Farrer, PT/ Rhett",0,No,,0,,,,0,,,0,Active,1,Active,+14356322092,,,
8317,Bill To,Roseville,,(650)853-6094,Palo Alto Medical Foundation - Palo Alto,Attn: Danik Sumisaki,PO Box 619110,BILL TO,95661,,CA,+16508532986,1,Sole Practitioner,s3vendorinvoices@sutterhealth.org,,,(650) 853-2912,1900-01-01 04:55:00,"PAMF - Dileo, DPM/ Stephanie",0,No,82BA8F2E-90FC-DE11-AF67-000C29EC1EE3,0,Sutter Health - PAMF,,,0,,,0,Active,1,Active,+16508532986,,,https://www.sutterhealth.org/pamf/services/podiatric
3131,Bill To,Scottsdale,USA,(000)000-0000,"Steven Tager, DPM","7699 E Pinnacle Peak Rd, Ste 115",,MAIN,85255,,AZ,+14084465811,2,Clinic,,,,(480) 300-4888,1900-01-01 03:43:00,Aveon Health,0,No,,0,,,,0,,,0,Active,1,Active,+14803004663,,,
6859,Bill To,Winter Haven,,(863)401-3622,"Gessler Clinic, P.A.",635 1st St N,,BILL TO,33881,,FL,+18632983425,1,Sole Practitioner,debra.willard@gesslerclinic.com,,,(863) 298-3566,1900-01-01 04:34:00,"Dopico, DPM/ Jorge",0,No,56AE5029-AF17-E611-955C-005056995B7E,0,"Gessler Clinic, P.A.",,,0,,,0,Active,1,Active,+18632983425,,,http://www.gesslerclinic.com
9245,Bill To,Sarasota,,(914)917-6234,,2000 Webber St #110,,MAIN,34239,,FL,+19419176232,1,Sole Practitioner,,,,(914) 806-0889,1900-01-01 05:06:00,"Sarasota Foot Care Center, PA",0,No,,0,,,,0,,,0,Active,1,Active,+19418060888,,,
8264,Bill To,Roseville,,,Palo Alto Medical Foundation - Palo Alto,Attn: Danik Sumisaki,PO Box 619110,BILL TO,95661,,CA,,1,Sole Practitioner,s3vendorinvoices@sutterhealth.org,,,(650) 853-2912,1900-01-01 04:55:00,PAMF - Griffith DPM/ John,0,No,82BA8F2E-90FC-DE11-AF67-000C29EC1EE3,0,Sutter Health - PAMF,,,0,,,0,Active,1,Active,+16508534785,,,https://www.sutterhealth.org/pamf/services/podiatric
10203,Bill To,Baltimore,,,Center for Restorative Therapy,Attn: Kelly Short,301 St. Paul Place,BILL TO,21202,,MD,,1,Sole Practitioner,apinvoices@mercy.net,,,(410) 659-2990,1900-01-01 00:55:00,Mercy Medical Center,0,No,C1E16459-F8FA-DE11-AF67-000C29EC1EE3,0,Mercy Clinic Springfield Communities,,,0,,,0,Active,1,Active,+14106592933,,,http://www.mdmercy.com
4532,Bill To,Schaumburg,United States,(847)885-0130,,929 W Higgins Road,,BILL TO,60195,,IL,+18478850022,1,Sole Practitioner,,mlodoch@barringtonortho.com,,(847) 885-1322,1900-01-01 04:03:00,Barrington Orthopedic Specialists,0,No,,0,,,,0,,,0,Active,1,Active,+18472854200,,,http://www.barringtonortho.com
1351,Bill To,Salem,,(503)588-0884,,3474 Liberty Rd. S.,,MAIN,97302,.,OR,+15035888188,1,Sole Practitioner,melissa@cascadefootcenter.com,,,(503) 588-0884,1900-01-01 02:42:00,Cascade Foot Center,0,No,,0,,,,0,,,0,Active,1,Active,+15035888188,,,http://www.cascadefootcenter.com/
9274,Bill To,Brooklyn,,,"Progresive Podiatry, PLLC",702 8th Avenue,,BILL TO,11215,,NY,+17187482900,1,Sole Practitioner,,,,(718) 840-0653,1900-01-01 05:07:00,"Breth, DPM/ Evan",0,No,,0,,,,0,,,0,Active,1,Active,+17188400660,,,http://progressivepodiatryny.com
11323,Bill To,Eau Claire,,(715)233-7533,,1400 Bellinger St,,BILL TO,54703,,WI,+17152337543,1,Sole Practitioner,invoicerequests@mayo.edu,scminvexec@mayo.edu,,(715) 233-7412,1900-01-01 01:25:00,Mayo Clinic Health System-Eau Claire,0,No,E800EC99-3E68-E911-BAFF-005056995B7E,0,Mayo Clinic Health System-Eau Claire,,,0,,,0,Active,1,Active,+17158386590,,,
6661,Bill To,Kirkland,,(425)489-1695,Evergreen Healthcare,Mail Stop 13 - A/P,12040 NE 128th St,BILL TO,98034,,WA,,1,Sole Practitioner,jafabacher@evergreenhealthcare.org,,,(425) 899-4651,1900-01-01 04:31:00,"Moodley, DPM / Brendon A.",0,No,681D3017-5419-E711-9D75-005056995B7E,0,Evergreen Healthcare,,,0,,,0,Active,1,Active,+14258994650,,,http://www.lakeshoreclinic.net/
9959,Bill To,Mill Valley,,(415)381-4610,655 Rewood Highway #310,,,MAIN,94941,,CA,+14153814602,1,Sole Practitioner,pgraf@stssox.com,pgraf@stssox.com,,(415)381-4610,1900-01-01 05:11:00,Graf DPM/ Peter,0,No,ACE75B86-441E-DE11-AE38-0019B9B8224A,0,STS Company,,,0,,,0,Active,1,Active,+14153814602,,,
10333,Bill To,WEBSTER,,,17448 HIGHWAY 3 STE 100,,,MAIN,77598-4143,,TX,,2,Clinic,,alvinoffice@gmail.com,,(281) 331-2070,1900-01-01 00:56:00,"Webb, DPM/ Douglas E",0,No,,0,,,,0,,,0,Active,1,Active,+12813313525,,,https://www.drdouglaswebb.com/
6760,Bill To,Roseville,,(650)330-4305,Sutter Health Palo Alto Medical Foundation,Attn: Danik Sumisaki,PO Box 619110,BILL TO,95661,,CA,+16503304303,2,Clinic,s3vendorinvoices@sutterhealth.org,naylorb@pamf.org,,(650) 853-2912,1900-01-01 04:32:00,"PAMF - Naylor, DPM/ Brad",0,No,82BA8F2E-90FC-DE11-AF67-000C29EC1EE3,0,Sutter Health - PAMF,,,0,,,0,Active,1,Active,+16508532986,,,https://www.sutterhealth.org/pamf/services/podiatric
9540,Bill To,Long Beach,,(562)420-9884,,"3747 Worsham Ave, Ste 201",,MAIN,90808,,CA,+15624209800,2,Clinic,,,,(562) 420-9884,1900-01-01 05:07:00,Superior Foot and Ankle Care Center,0,No,,0,,,,0,,,0,Active,1,Active,+15624209800,,,http://www.doctorvikki.com
2607,Bill To,Cohoes,USA,(518)233-1712,,99 Saint Agnes Highway,,MAIN,12047,,NY,+15182330669,1,Sole Practitioner,,,,(518) 233-1712,1900-01-01 03:35:00,"Romaine, DPM/ Robert M.",0,No,,0,,,,0,,,0,Active,1,Active,+15182330669,,,
7399,Bill To,Calabash,,(203)459-8974,,2167 Stonecrest Dr NW,,MAIN,28467,,NC,+12032619700,1,Sole Practitioner,,carmenluciano@sbcglobal.net,,,1900-01-01 04:42:00,"Luciano, DPM/ Carmen",0,No,,0,,,,0,,,0,Active,1,Active,+12032605939,,,
3357,Bill To,Auburn Hills,,,,"2251 N Squirrel Rd, Ste 100",,MAIN,48326,,MI,+12483770033,1,Sole Practitioner,,hmkdpm@comcast.net,,(248) 377-0035,1900-01-01 03:47:00,"Koehler, DPM/ Harold M.",0,No,,0,,,,0,,,0,Active,1,Active,+12483770033,,,
7827,Bill To,Folsom,USA,(610)583-3187,"Delaware County Foot & Ankle, PC",550 Macdade Blvd.,,MAIN,19033,,PA,+16105347990,1,Sole Practitioner,,,,(610)583-3187,1900-01-01 04:52:00,"Adamo, DPM/ Frank",0,No,,0,,,,0,,,0,Active,1,Active,+16105347990,,,
11167,Bill To,Boise,,(208)938-4675,St Luke's Health System,Accounts Payable Support Center,190 E Bannock St,BILL TO,83712,,ID,+12089384670,1,Sole Practitioner,accountspayable@slhs.org,,,(208) 938-4675,1900-01-01 01:18:00,"Clark, DPM/ Clinton",0,No,9399EA7E-B061-DE11-B961-000C29EC1EE3,0,St. Luke's Health System,,,0,,,0,Active,1,Active,+12089384670,,,http://stlukesonline.org
4099,Bill To,Boise,,(000)000-0000,St Luke's Health System,Accounts Payable Support Center,190 E Bannock St,BILL TO,83712,,ID,+12089384670,1,Sole Practitioner,accountspayable@slhs.org,,,(208) 938-4675,1900-01-01 03:58:00,"Millward,  DPM/ Gary",0,No,9399EA7E-B061-DE11-B961-000C29EC1EE3,0,St. Luke's Health System,,,0,,,0,Active,1,Active,+12089384670,,,http://stlukesonline.org
9006,Bill To,Kelowna,CANADA,(780)483-5769,,"1634 Harvey Ave, Ste 229",,MAIN,V1Y 6G2,,BC,+17804443668,1,Sole Practitioner,,kelownapodiatry@gmail.com,,(250) 762-4762,1900-01-01 05:04:00,"Hollingsworth, DPM/ Scott",0,No,,0,,,,0,,,0,Active,1,Active,+12507623325,,,
10829,Bill To,Troy,,,,2914 E. Long Lake Rd,,MAIN,48085,,MI,+12485280709,1,Sole Practitioner,,eastsidefoot@yahoo.com,,(248) 528-1807,1900-01-01 01:07:00,"Long Lake Podiatry, P.C.",0,No,,0,,,,0,,,0,Active,1,Active,+12485280709,,,
4178,Bill To,Port Orchard,,(206)686-2184,Sound Podiatry,PO Box 879,,BILL TO,98366,,WA,+12066828741,1,Sole Practitioner,darlabernstein@gmail.com,drdave@soundpodiatry.net,,(360) 850-4323,1900-01-01 04:00:00,"Bernstein, DPM/ David",0,No,,0,,,,0,,,0,Active,1,Active,+13608504321,,,http://www.soundpodiatry.com
5978,Bill To,Fort Worth,,(817)763-9385,Trinity Foot & Ankle Specialists,"5801 Oakbend Trl, Ste 140",,MAIN,76132,,TX,+18177639383,2,Clinic,,gbeededpm@sbcglobal.net,,(817) 763-9385,1900-01-01 04:21:00,"Beede, DPM/ Glen",0,No,8700B64A-E312-E611-955C-005056995B7E,0,Trinity Foot & Ankle Specialists,,,0,,,0,Active,1,Active,+18177639383,,,https://www.trinityfootandankle.com/
7517,Bill To,Milwaukee,,,"Dean Health Systems, Inc.",Lockbox Bin 2945,,BILL TO,53201,.,WI,+16082501417,2,Clinic,ssmaccountspayable@ssmhealth.com,,,(608) 825-3707,1900-01-01 04:45:00,SSM Health-Dean Medical Clinic,0,No,82D2C0F1-EFB4-EC11-9F32-005056995B7E,0,SSM Health,,,0,,,0,Active,1,Active,+16088253008,,,
11283,Bill To,Bettendorf,,,,5656 Judge Rd.,,MAIN,52722,,IA,+18474793096,1,Sole Practitioner,,agillio2002@yahoo.com,,,1900-01-01 01:22:00,"Gillio, DPM/ Andrea",0,No,,0,,,,0,,,0,Active,1,Active,+18473378366,,,
7784,Bill To,COEUR D ALENE,,(208)666-2985,,2005 Ironwood Parkway Ste.224,,MAIN,83814,,ID,+12087655224,1,Sole Practitioner,,its2handspt@yahoo.com,,(208) 665-2468,1900-01-01 04:52:00,"2 Hands Physical Therapy, LLC",0,No,,0,,,,0,,,0,Active,1,Active,+12086652468,,,
4716,Bill To,Fort Myers,,,,PO Box 61397,,BILL TO,33906,,FL,,1,Sole Practitioner,,,,(239) 482-4209,1900-01-01 04:05:00,Foot & Ankle Care of the Island Coast,0,No,,0,,,,0,,,0,Active,1,Active,+12394827100,,,
7540,Bill To,Vancouver,,,PeaceHealth St Joseph Medical Ctr/Accts Payable,"1115 SE 164th Ave, Suite 332",,BILL TO,98683,,WA,,1,Sole Practitioner,apcustomerservice@peacehealth.org,,,(360) 715-6539,1900-01-01 04:46:00,PeaceHealth St Joseph Medical Center,0,No,E85CF90B-8908-E011-BBF0-000C29EC1EE3,0,PeaceHealth St Joseph Medical Center,,,0,,,0,Active,1,Active,+13607886240,,,https://www.peacehealth.org/st-joseph/services/center-for-rehabilitation
10131,Bill To,Boca Raton,,(954)345-3720,,"7050 W Palmetto Park Rd, Ste 18",,MAIN,33433,,FL,+19543453720,2,Clinic,,andreaaedodpm@aol.com,,(561) 447-7574,1900-01-01 00:54:00,"Aedo, DPM/ Andrea",0,No,,0,,,,0,,,0,Active,1,Active,+15614477571,,,
7559,Bill To,Chardon,USA,(440)357-8427,,"325 Center St, Ste 100",,MAIN,44024,,OH,+14403578418,1,Sole Practitioner,,noreenturk@yahoo.com,,(440) 255-9400,1900-01-01 04:46:00,Lake County Foot & Ankle Associates,0,No,,0,,,,0,,,0,Active,1,Active,+14403578418,,,http://www.fasohio.com
10185,Bill To,Mountain View,,(808)949-3620,,"2500 Hospital Dr, Bldg 15",,MAIN,94040,,CA,+18082249773,1,Sole Practitioner,,el_camino_podiatry@hotmail.com,,(650) 963-9813,1900-01-01 00:55:00,"Fang, DPM/ Lee-Hsin",0,No,,0,,,,0,,,0,Active,1,Active,+16503861328,,,https://www.drleehsinfang.com/
1333,Bill To,Oceanside,,,Tri-City Podiatry Group,2119 El Camino Real,,MAIN,92054,,CA,+17607573070,1,Sole Practitioner,,tricitypod@gmail.com,,(760) 757-7139,1900-01-01 02:28:00,"Han, DPM/ James",0,No,,0,,,,0,,,0,Active,1,Active,+17607573070,,,http://www.tricitypodiatry.com/
9159,Bill To,Minnetonka,USA,(337)478-1994,16520 Hidden Valley Rd,,,MAIN,55345-1823,,MN,+13374742233,1,Sole Practitioner,mark.zelent@northmemorial.com,mark.zelent@northmemorial.com,,,1900-01-01 05:06:00,"Zelent, DPM / Mark",0,No,,0,,,,0,,,0,Active,1,Active,+17637426156,,,
5951,Bill To,Jackson,,(209)223-3049,Amador Footcare,PO Box 938,,BILL TO,95642,,CA,+12092233030,1,Sole Practitioner,,dutradl@yahoo.com,,(209) 223-5864,1900-01-01 04:21:00,Amador Foot Care,0,No,,0,,,,0,,,0,Active,1,Active,+12092233030,,,
7469,Bill To,San Bruno,,(000)000-0000,,"883 Sneath Ln, Ste 160",,MAIN,94066,,CA,+14154340178,2,Clinic,,nppg@toes-r-us.com,,(650) 350-4081,1900-01-01 04:44:00,North Peninsula Podiatry Group,0,No,,0,,,,0,,,0,Active,1,Active,+16505889189,,,http://www.northpeninsulapodiatry.com
2406,Bill To,Spokane,,(000)000-0000,Medical Foot Center,"124 E Rowan Ave, Ste 102",,BILL TO,99207,,WA,+15099281990,2,Clinic,laura@medicalfootcenter.net,stewartbrim@comcast.net`,,(509) 928-2933,1900-01-01 03:31:00,"Brim, DPM/ Stewart",0,No,BFADC7B4-6FB3-E711-BFF6-005056995B7E,0,Medical Foot Center,,,0,,,0,Active,1,Active,+15099281990,,,http://www.medicalfootcenter.net/
10558,Bill To,Middletown,,(845)692-9225,,329 Route 211 East,,BILL TO,10940,,NY,+18456929225,1,Sole Practitioner,frankg@shoe-fitter.com,sales@shoe-fitter.com,,(845) 692-9225,1900-01-01 01:01:00,Frank's Custom Shoe-Fitting,0,No,,0,,,,0,,,0,Active,1,Active,+18453429226,,,http://www.shoe-fitter.com/
5354,Bill To,Berkley,,(248)574-0500,,"27901 Woodward Ave, Ste 110",,MAIN,48072,.,MI,+12485450100,1,Sole Practitioner,,,,(248) 545-1285,1900-01-01 04:12:00,Northpointe Foot & Ankle,0,No,120E4ED1-D740-DF11-AE93-000C29EC1EE3,0,Foot & Ankle Specialists of South East Michigan,,,0,,,0,Active,1,Active,+12485450100,,,https://www.footandanklesemi.com/
1260,Bill To,Stratford,,,,2499 Main St,,BILL TO,6615,,CT,,1,Sole Practitioner,,,,(203) 377-5400,1900-01-01 01:56:00,"Feldman, DPM/ Alan H.",0,No,,0,,,,0,,,0,Active,1,Active,+12033770003,,,
10757,Bill To,Broken Arrow,,,,"800 W Boise Cir, Ste 150",,MAIN,74012,,OK,,1,Sole Practitioner,,drbeasley@restorationfootandankle.com,,(918) 274-8557,1900-01-01 01:05:00,Restoration Foot & Ankle,0,No,,0,,,,0,,,0,Active,1,Active,+19182741557,,,http://www.restorationfootandankle.com/
11361,Bill To,Singapore,Singapore,,,"71 Toh Guan Rd East, #06-05",TCH Tech Center,MAIN,608598,,SG,,1,Sole Practitioner,,sgorthotics@gmail.com,,,,GTREX Int'l LLP,0,No,,0,,,22982382-CB72-DD11-81D6-0019B9B8224A,0,David Foong,David Foong,0,Active,1,Active,,,,
3659,Bill To,Nampa,,(208)466-3554,,203 12 Avenue Rd.,,MAIN,83686,,ID,+12084663338,2,Clinic,,footanklemedcenter@gmail.com,,(208) 466-3554,1900-01-01 03:51:00,Foot & Ankle Medical Center,0,No,,0,,,,0,,,0,Active,1,Active,+12084663338,,,http://www.footandanklemedicalcenter.com
7793,Bill To,Newark,,(302)369-9989,,"324 E. Main St, Ste 201",,MAIN,19711,,DE,+13023699900,1,Sole Practitioner,,jdb@udel.edu,,(302) 369-9989,1900-01-01 04:52:00,"Bray, DPM/ James",0,No,,0,,,,0,,,0,Active,1,Active,+13023699900,,,
9285,Bill To,Bangor,,,,PO Box 1358,,BILL TO,4402,,ME,,1,Sole Practitioner,ap@pchc.com,,,(207) 827-1358,1900-01-01 05:07:00,Penobscot Comm Health Ctr,0,No,,0,,,,0,,,0,Active,1,Active,+12079891567,,,
2020,Bill To,San Francisco,,,"J.K. Benard, DPM",490 Post St #530,,MAIN,94102,,CA,+14153925626,1,Sole Practitioner,,,,(415) 392-5632,1900-01-01 03:25:00,DNU - Sutter Podiatry Group,0,No,,0,,,,0,,,0,Active,1,Active,+14153925626,,,
10522,Bill To,Pound Ridge,,,,23 Split Rock Rd,,MAIN,10576,,NY,,1,Sole Practitioner,,,,(914) 533-1105,1900-01-01 01:00:00,"Kantro, DPM/ Scott",0,No,,0,,,,0,,,0,Active,1,Active,+19145888808,,,
1660,Bill To,Fairfield,United States,(203)259-3444,,1881 Post Rd,,MAIN,6824,,CT,+12032551036,2,Clinic,,,,(203) 259-3444,1900-01-01 03:20:00,Associated Podiatrists,0,No,,0,,,,0,,,0,Active,1,Active,+12032551036,,,http://www.greatfootcare.com/
5421,Bill To,Elkhorn,CANADA,,,Box 161,,BILL TO,R0M 0N0,,MB,+12035872230,1,Sole Practitioner,,scottrookes@gmail.com,,,1900-01-01 04:14:00,"Rookes, OT/ Scott",0,No,,0,,,,0,,,0,Active,1,Active,+12047203804,,,
10727,Bill To,Roseville,,(650)853-6088,Palo Alto Medical Foundation - Palo Alto,Attn: Danik Sumisaki,PO Box 619110,BILL TO,95661,,CA,+16508532986,1,Sole Practitioner,s3vendorinvoices@sutterhealth.org,krisdan@pamf.org,,(650) 853-6088,1900-01-01 01:04:00,"PAMF - Krisdakumtorn, DPM/ Thana",0,No,82BA8F2E-90FC-DE11-AF67-000C29EC1EE3,0,Sutter Health - PAMF,,,0,,,0,Active,1,Active,+16508532986,,,https://www.sutterhealth.org/pamf/services/podiatric
6573,Bill To,La Crosse,,(319)382-6327,,Accounts Payable,PO Box 4000,BILL TO,54602,,WI,+13193822931,2,Clinic,accountspayable@gundersenhealth.org,cmcaulum@gundersenhealth.org,,(608) 775-6707,1900-01-01 04:30:00,Gundersen Lutheran Podiatry,0,No,,0,,,,0,,,0,Active,1,Active,+16087754596,,,https://www.gundersenhealth.org/services/podiatry
9752,Bill To,Tacoma,,(253)572-1803,Allenmore Foot Care Center,"2302 S Union Ave, Ste B18",,MAIN,98405,,WA,+12535724848,1,Sole Practitioner,,eddielo8@comcast.net,,(253) 572-1803,1900-01-01 05:10:00,"Lo, DPM/ Eddie",0,No,,0,,,,0,,,0,Active,1,Active,+12535724848,,,http://www.allenmorefootcarecenter.com/
7342,Bill To,Roseville,,,Sutter Health Palo Alto Medical Foundation,Attn:  Al Galvez,PO Box 619110,BILL TO,95661,,CA,,1,Sole Practitioner,s3vendorinvoices@sutterhealth.org,bartiss@pamf.org,,(510) 623-2202,1900-01-01 04:42:00,"PAMF - Bartis, DPM/ Steven",0,No,82BA8F2E-90FC-DE11-AF67-000C29EC1EE3,0,Sutter Health - PAMF,,,0,,,0,Active,1,Active,+15104982086,,,https://www.sutterhealth.org/pamf/services/podiatric
11045,Bill To,Helena,,(307)778-7594,,20 Fieldcross Lane,,MAIN,59602,,MT,+13077787550,1,Sole Practitioner,,lapidus23@gmail.com,,,1900-01-01 01:12:00,"Kovacich-Smith, DPM/ Katie",0,No,,0,,,,0,,,0,Active,1,Active,+14064657797,,,
8355,Bill To,Springfield,,(417)890-4143,Mercy Clinic Podiatry SGC,3231 S. National Ave. Ste 160,,BILL TO,65807,,MO,,2,Clinic,apinvoices@mercy.net,treva.isaacson@mercy.net,,(417) 890-4143,1900-01-01 04:56:00,Mercy Clinic Springfield Communities,0,No,C1E16459-F8FA-DE11-AF67-000C29EC1EE3,0,Mercy Clinic Springfield Communities,,,0,,,0,Active,1,Active,+14178886708,,,
3506,Bill To,Canyon Lake,,,,450 Edge Hill Drive,,BILL TO,78133,,TX,,1,Sole Practitioner,,brentgillespie@att.net,,(210) 490-6419,1900-01-01 03:49:00,"Gillespie, DPM/ W. Brent",0,No,,0,,,,0,,,0,Active,1,Active,+12104906408,,,
3620,Bill To,Muskegon,,,,PO Box 4323,,BILL TO,49444,,MI,+16167735875,2,Clinic,,dfmc1511@gmail.com,,(231) 766-6533,1900-01-01 03:51:00,Diabetic Foot Management Center,0,No,,0,,,,0,,,0,Active,1,Active,+12317331511,,,http://diabeticfootmanagementcenter.com
3671,Bill To,Yorktown Heights,,(914)245-7909,Yorktown Footcare Group,2050 Saw Mill River Rd.,,MAIN,10598,,NY,+19142457888,1,Sole Practitioner,,,,(914) 245-7909,1900-01-01 03:51:00,"Hudson Podiatry Associates, P.C. II",0,No,AE986B42-F6B0-DD11-A1B8-0019B9B8224A,0,Hudson Podiatry Assoc PC,,,0,,,0,Active,1,Active,+19142457888,,,
3887,Bill To,Yorktown Heights,,,Hudson Podiatry,2050 Sawmill River Rd,,BILL TO,10598,,NY,,1,Sole Practitioner,,,,(914) 739-4341,1900-01-01 03:55:00,Drs. Carioscia & Bloom,0,No,AE986B42-F6B0-DD11-A1B8-0019B9B8224A,0,Hudson Podiatry Assoc PC,,,0,,,0,Active,1,Active,+19147392800,,,
7144,Bill To,New Hartford,,(315)793-3691,,4340 Middle Settlement Rd,,MAIN,13413,,NY,+13157933668,1,Sole Practitioner,,,,(315) 738-7773,1900-01-01 04:37:00,Fútspä,0,No,,0,,,,0,,,0,Active,1,Active,+13157387772,,,
9671,Bill To,Kalispell,,(406)752-8346,Glacier Foot & Ankle,125 W Washington St,,BILL TO,59901,,MT,+14067551300,1,Sole Practitioner,,glacierfootandankle@yahoo.com,,(406) 752-8346,1900-01-01 05:09:00,"Ploot, DPM/Erik",0,No,6E0860B8-D66F-DD11-AD80-0019B9B8224A,0,Glacier Foot & Ankle,,,0,,,0,Active,1,Active,+14067551300,,,http://www.glacierfootandankle.com/
1392,Bill To,Juneau,,,Juneau Foot and Ankle Clinic,PO Box 32497,,BILL TO,99803,,AK,,1,Sole Practitioner,mesd@gci.net,,,(907) 789-2925,1900-01-01 03:14:00,"Mesdag, DPM/ Frank F.",0,No,394C1230-059B-DD11-ADE6-0019B9B8224A,0,Juneau Foot & Ankle,,,0,,,0,Active,1,Active,+19077890405,,,
6873,Bill To,Vancouver,CANADA,(604)301-2151,,3630 E. 1st Ave,,MAIN,V5M 1C3,,BC,+16043012178,1,Sole Practitioner,accountspayable@parisorthotics.com,,,(604) 301-2151,1900-01-01 04:34:00,Paris Orthotics Ltd.,0,No,,0,,,DAD02C8A-BE73-DD11-81D6-0019B9B8224A,0,Jim Lowood-Purchasing Mgr.,Jim Lowood-Purchasing Mgr.,0,Active,1,Active,+16043012178,,,
8337,Bill To,Tigard,USA,,,9590 SW Brentwood Pl,,MAIN,97224,,OR,+15033665555,1,Sole Practitioner,,lynchpodiatry@gmail.com,,,1900-01-01 04:56:00,"Lynch, DPM/ Debra",0,No,,0,,,,0,,,0,Active,1,Active,+15036864805,,,
1309,Bill To,Warren,,(586)574-2694,,29433 Ryan Rd.,,MAIN,48092,,MI,+15865740500,2,Clinic,,,,(586) 574-2694,1900-01-01 02:13:00,Foot & Ankle Specialists of South East Michigan,0,No,120E4ED1-D740-DF11-AE93-000C29EC1EE3,0,Foot & Ankle Specialists of South East Michigan,,,0,,,0,Active,1,Active,+15865740500,,,https://www.footandanklesemi.com/medical-center-footcare-associates
