accountnumber,address1_city,address1_country,address1_fax,address1_line1,address1_line2,address1_line3,address1_name,address1_postalcode,address1_primarycontactname,address1_stateorprovince,address1_telephone1,customertypecode,customertypecodename,emailaddress1,emailaddress2,emailaddress3,fax,modifiedon,name,nwplv1_parentaccount,nwplv1_parentaccountname,parentaccountid,parentaccountiddsc,parentaccountidname,parentaccountidyominame,primarycontactid,primarycontactiddsc,primarycontactidname,primarycontactidyominame,statecode,statecodename,statuscode,statuscodename,telephone1,telephone2,telephone3,websiteurl
12443,Blaine,United States,NULL,Marketing,1091 Fir Avenue,NULL,Main,98230,NULL,WA,NULL,NULL,NULL,NULL,NULL,NULL,NULL,2020-07-15 18:03:00,Northwest Podiatric Lab - Marketing,0,No,B6020C2F-EFD8-46ED-9B36-53088235BABC,0,Northwest Podiatric Lab,NULL,NULL,0,NULL,NULL,0,Active,1,Active,NULL,NULL,NULL,NULL
12472,Sebring,United States,NULL,NULL,4233 Sun N Lake Blvd,NULL,MAIN,33872,Foot & Ankle Clinic of Mid Florida,FL,NULL,2,Clinic,NULL,ebankspa@msn.com,NULL,(863) 471-2101,2025-02-12 18:01:50,Foot & Ankle Clinic of Mid Florida,0,No,NULL,0,NULL,NULL,NULL,0,NULL,NULL,0,Active,1,Active,(863) 382-1570,NULL,NULL,http://www.footankleclinicmidfl.com/about.html
12477,Powell,United States,NULL,"Advanced Ankle & Foot Center, LLC",9759 Fairway Dr.,NULL,BILL TO,43065,NULL,OH,NULL,2,Clinic,NULL,NULL,NULL,(614) 457-4052,2025-02-12 18:01:50,"Dyment, DPM/ Macaira",0,No,CF77439C-9C0C-E111-85E5-000C29EC1EE3,0,"Advanced Ankle & Foot Center, LLC",NULL,NULL,0,NULL,NULL,0,Active,1,Active,(614) 457-3212,NULL,NULL,http://www.advanklefoot.com
12478,Powell,United States,NULL,Combined Accounts Statement,9759 Fairway Dr.,NULL,BILL TO,43065,NULL,OH,NULL,NULL,NULL,NULL,NULL,NULL,(614) 792-7615,2025-02-12 18:01:50,"Advanced Ankle & Foot Center, LLC",0,No,NULL,0,NULL,NULL,NULL,0,NULL,NULL,0,Active,1,Active,(614) 792-3668,NULL,NULL,http://www.advanklefoot.com
12086,Decatur,NULL,NULL,NULL,"2545 Lawrenceville Hwy, Ste 100",NULL,MAIN,30033,NULL,GA,NULL,1,Sole Practitioner,NULL,doctorfrank@bellsouth.net,NULL,(770) 939-9353,2025-02-12 18:01:36,"Sinkoe, DPM/Frank",0,No,NULL,0,NULL,NULL,EDD7071E-5E9D-DE11-8A0C-000C29EC1EE3,0,"Frank A. Sinkoe, DPM","Frank A. Sinkoe, DPM",0,Active,1,Active,(404) 329-5050,NULL,NULL,http://www.franksinkoepodiatry.com/
12088,Troy,United States,NULL,NULL,PO Box 7007,NULL,BILL TO,48007,NULL,MI,NULL,2,Clinic,trinityhealthinvoices@prod.sourcehov.com,NULL,NULL,(319) 272-5607,2025-02-12 18:01:36,MercyOne Waterloo Home Medical Equipment,0,No,7C55F9C3-6A5C-DF11-B0F6-000C29EC1EE3,0,Mercy One Northeast Iowa / Trinity Health,NULL,NULL,0,NULL,NULL,0,Active,1,Active,(319) 272-5651,NULL,NULL,NULL
12089,Westmount,NULL,NULL,Clinique Podiatrique Familiale,4880 Sherbrooke West #130,NULL,NULL,H3Z 1H1,.,QC,NULL,2,Clinic,NULL,info@cliniquecpff.com,NULL,(514) 487-3011,2025-02-12 18:01:36,"Girzon, DPM/ Bluma",0,No,NULL,0,NULL,NULL,D31501C0-20A9-DE11-8A0C-000C29EC1EE3,0,"Bluma Girzon, DPM","Bluma Girzon, DPM",0,Active,1,Active,(514) 487-3668,NULL,NULL,NULL
12308,New Orleans,United States,NULL,NULL,1443 Arabella Street,NULL,BILL TO,70115,NULL,LA,NULL,1,Sole Practitioner,NULL,NULL,NULL,NULL,2025-02-12 18:01:45,"Perry, DPM/ Anthony G (Personal Acct)",0,No,NULL,0,NULL,NULL,NULL,0,NULL,NULL,0,Active,1,Active,(504) 899-0755,NULL,NULL,NULL
12311,Liverpool,United States,NULL,NULL,7458 Oswego Rd,NULL,MAIN,13090,NULL,NY,NULL,2,Clinic,info@westsidepodiatrycenter.com,NULL,NULL,(315) 546-0289,2025-02-12 18:01:46,"Westside Podiatry Center, LLP",0,No,NULL,0,NULL,NULL,NULL,0,NULL,NULL,0,Active,1,Active,(315) 546-0285,NULL,NULL,http://westsidepodiatrycenter.com
12050,Plano,United States,NULL,NULL,"4090 Mapleshade Ln, Ste 100",NULL,BILL TO,75093,NULL,TX,NULL,2,Clinic,cmarder@ntos.org,cmarder@ntos.org,NULL,(214) 592-9935,2025-02-12 18:01:35,North Texas Orthopedic and Spine,0,No,NULL,0,NULL,NULL,NULL,0,NULL,NULL,0,Active,1,Active,(214) 592-9955 ext 121,NULL,NULL,https://www.ntosonline.com/
12538,San Juan,NULL,NULL,NULL,735 Ponce de Leon Ave Ste 808,NULL,MAIN,00917,NULL,PR,NULL,2,Clinic,NULL,ramoscherfootdr@gmail.com,NULL,NULL,2025-02-12 18:01:53,"Ramos Carro, DPM/ Cher",0,No,NULL,0,NULL,NULL,NULL,0,NULL,NULL,0,Active,1,Active,(787) 754-3338,NULL,NULL,NULL
12548,Spokane,NULL,NULL,NULL,"3707 S Grand Blvd, Ste A",NULL,MAIN,99203,NULL,WA,NULL,NULL,NULL,NULL,NULL,NULL,(509) 747-3220,2025-02-12 18:01:53,South Hill Foot and Ankle Clinic,0,No,NULL,0,NULL,NULL,BBA6CDC6-C767-E111-9322-000C29EC1EE3,0,"Borys E. Markewych, DPM","Borys E. Markewych, DPM",0,Active,1,Active,(509) 747-0274,NULL,NULL,NULL
12549,Raleigh,United States,NULL,Foot & Ankle Center,"3801 Wake Forest Rd, Ste.100",NULL,BILL TO,27609,NULL,NC,NULL,2,Clinic,accountspayable@footandankle-usa.com,accountspayable@footandankle-usa.com,NULL,(239) 573-9201,2025-02-12 18:01:53,"Sheingold, DPM/ Arin J.",0,No,2691DD0C-9CB2-DD11-A1B8-0019B9B8224A,0,Foot & Ankle Center,NULL,NULL,0,NULL,NULL,0,Active,1,Active,(239) 573-9200,NULL,NULL,http://ccfootdr.com/
12256,Cedarhurst,NULL,NULL,NULL,475-A Chestnut Street,NULL,BILL TO,11516,NULL,NY,NULL,1,Sole Practitioner,NULL,NULL,NULL,(516) 374-7638,2025-02-12 18:01:44,South Shore Foot Care P.C.,0,No,NULL,0,NULL,NULL,NULL,0,NULL,NULL,0,Active,1,Active,(516) 374-3668,NULL,NULL,https://www.southshorefootcare.com/
12157,Great Falls,NULL,NULL,NULL,500 15th Ave S,NULL,BILL TO,59405,NULL,MT,NULL,2,Clinic,mmapclerks@benefis.org,jillnewbrough@benefis.org,NULL,(406) 727-7612,2025-02-12 18:01:39,Benefis Spectrum Medical,0,No,NULL,0,NULL,NULL,NULL,0,NULL,NULL,0,Active,1,Active,(406)455-5000,NULL,NULL,http://www.benefis.org
12160,Cushing,United States,NULL,NULL,31524 Lowry Cir,NULL,MAIN,56443-2087,NULL,MN,NULL,1,Sole Practitioner,NULL,NULL,NULL,NULL,2025-02-12 18:01:39,"Schleichert, DPM/ David C. (Personal Acct)",0,No,NULL,0,NULL,NULL,NULL,0,NULL,NULL,0,Active,1,Active,(218) 575-3153,NULL,NULL,NULL
12172,Brooklyn,United States,NULL,NULL,133 Smith Street,NULL,MAIN,11201,NULL,NY,NULL,1,Sole Practitioner,NULL,NULL,NULL,NULL,2025-02-12 18:01:40,Menna DPM/ Steve,0,No,NULL,0,NULL,NULL,NULL,0,NULL,NULL,0,Active,1,Active,(718) 330-1117,NULL,NULL,http://www.manhattanfootcare.com/
12551,Omak,NULL,NULL,NULL,700 B Okoma Dr,NULL,MAIN,98841,NULL,WA,NULL,1,Sole Practitioner,NULL,ncptwa@gmail.com,NULL,(866) 299-1497,2025-02-12 18:01:53,North Cascades Physical Therapy,0,No,NULL,0,NULL,NULL,24ECF5A4-0C6E-E111-993C-000C29EC1EE3,0,"Dina Lund, PT","Dina Lund, PT",0,Active,1,Active,(509) 557-4199,NULL,NULL,NULL
12365,Idaho Falls,NULL,NULL,Ankle and Foot Clinic of Idaho,2920 Cortez Ave,NULL,MAIN,83404,NULL,ID,NULL,2,Clinic,anklefootclinic@yahoo.com,NULL,NULL,(888) 688-3439,2025-02-12 18:01:46,"McCall, DPM/ Andrew",0,No,7B359D94-3056-E011-9A07-000C29EC1EE3,0,Ankle and Foot Clinic of Idaho,NULL,NULL,0,NULL,NULL,0,Active,1,Active,(208) 529-0229,NULL,NULL,https://idahoankleandfoot.com/
12368,Parkersburg,NULL,NULL,NULL,1033 Murdoch Ave,NULL,MAIN,26101,NULL,WV,NULL,4,Distributor,NULL,comfortmobility@yahoo.com,NULL,304-485-6831,2025-02-12 18:01:47,Comfort & Mobility,0,No,NULL,0,NULL,NULL,NULL,0,NULL,NULL,0,Active,1,Active,(304) 588-5588,NULL,NULL,NULL
12373,Jackson,United States,NULL,Jackson (586/90C),1500 E Woodrow Wilson Ave,NULL,BILL TO,39216,NULL,MS,NULL,2,Clinic,NULL,NULL,NULL,(601) 364-1346,2025-02-12 18:01:47,VA/ Sonny Montgomery VA Medical Center (586/121),0,No,NULL,0,NULL,NULL,NULL,0,NULL,NULL,0,Active,1,Active,(601) 362-4471,NULL,NULL,NULL
12123,Wilmington,NULL,NULL,Pike Creek Physical Therapy,"3105 Limestone Rd, Ste 100",NULL,MAIN,19808,NULL,DE,NULL,1,Sole Practitioner,NULL,pt@pikecreekpt.com,NULL,(302) 239-7500,2025-02-12 18:01:37,"Whitesel, PT/ Dennis",0,No,NULL,0,NULL,NULL,362A919A-02D6-DE11-9A6E-000C29EC1EE3,0,Dennis Whitesel,Dennis Whitesel,0,Active,1,Active,(302) 239-2800,NULL,NULL,http://www.pikecreekpt.com/
12126,Pembroke Pines,NULL,NULL,NULL,"10041 Pines Blvd, Suite E",NULL,BILL TO,33024,NULL,FL,NULL,1,Sole Practitioner,NULL,NULL,NULL,(954) 436-2159,2025-02-12 18:01:37,Podiatric Associates Foot & Ankle Center,0,No,NULL,0,NULL,NULL,NULL,0,NULL,NULL,0,Active,1,Active,(954) 437-0200,NULL,NULL,http://PodAssociatesPembroke.com
12247,New York,NULL,NULL,NULL,160 West End Avenue # 1G,NULL,BILL TO,10023,NULL,NY,NULL,NULL,NULL,NULL,NULL,NULL,(212) 595-1407,2025-02-12 18:01:43,"Werter, DPM/ Ronald",0,No,NULL,0,NULL,NULL,NULL,0,NULL,NULL,0,Active,1,Active,(212) 595-1400,NULL,NULL,NULL
12253,North Vancouver,NULL,NULL,Canopy Interated Health,149-1233 Lynn Valley Rd.,NULL,MAIN,V7J OA1,.,BC,NULL,1,Sole Practitioner,NULL,drdomingo@yahoo.com,NULL,(604) 980-7270,2025-02-12 18:01:43,"Domingo, D.C./ Dr. Enrique A.",0,No,NULL,0,NULL,NULL,E097E57B-1389-DF11-9BA2-000C29EC1EE3,0,"Dr. Enrique A. Domingo, D.C.","Dr. Enrique A. Domingo, D.C.",0,Active,1,Active,(604) 929-7222,NULL,NULL,http://www.westside-chiropractic.com
12452,Tacoma,United States,NULL,MultiCare Rockwood Clinic,PO BOX 5299,M/S 1313 5-AP,BILL TO,98415,NULL,WA,NULL,2,Clinic,mhsapinvoices@multicare.org,NULL,NULL,(509) 342-3416,2025-02-12 18:01:49,MultiCare Health System,0,No,NULL,0,NULL,NULL,NULL,0,NULL,NULL,0,Active,1,Active,(509) 724-4481,NULL,NULL,http://www.multicare.org
12068,Binghamton,United States,NULL,NULL,PO BOX 5215,NULL,BILL TO,13902,NULL,NY,NULL,1,Sole Practitioner,NULL,NULL,NULL,(607) 772-8796,2025-02-12 18:01:36,United Health Services Podiatry,0,No,5CF66C8D-4B67-DF11-B50C-000C29EC1EE3,0,United Health Services Podiatry,NULL,NULL,0,NULL,NULL,0,Active,1,Active,(607) 772-8772,NULL,NULL,https://www.nyuhs.org/
12022,Glendale,United States,NULL,Accounts Payable,19555 N 59th Ave,NULL,BILL TO,85308,NULL,AZ,NULL,2,Clinic,azap@midwestern.edu,NULL,NULL,(623) 537-6161,2025-02-12 18:01:35,Midwestern University Clinic,0,No,NULL,0,NULL,NULL,NULL,0,NULL,NULL,0,Active,1,Active,(623) 537-6177,NULL,NULL,NULL
12027,Great Falls,United States,NULL,NULL,PO BOX 5012,NULL,BILL TO,59403,NULL,MT,NULL,2,Clinic,NULL,NULL,NULL,(406) 268-3900,2025-02-12 18:01:35,"Great Falls Clinic, LLP",0,No,NULL,0,NULL,NULL,NULL,0,NULL,NULL,0,Active,1,Active,(406) 454-2171,NULL,NULL,http://www.gfclinic.com/
12502,Houston,United States,NULL,NULL,"7825 Hwy 6 North, Ste 110",NULL,MAIN,77095,NULL,TX,NULL,2,Clinic,NULL,NULL,NULL,(281) 463-1035,2025-02-12 18:01:51,"HoustonFootDoctor, PC",0,No,45563004-0847-DE11-A80C-0019B9B8224A,0,"HoustonFootDoctor, PC",NULL,NULL,0,NULL,NULL,0,Active,1,Active,(281) 463-7208,NULL,NULL,http://www.houstonfootdr.com
12506,Englewood,NULL,NULL,NULL,185 Engle ST STE 200,NULL,MAIN,07631,NULL,NJ,NULL,NULL,NULL,jsypodiatry@gmail.com,agneshan415@gmail.com,NULL,(201) 227-0703,2025-02-12 18:01:52,JSY Englewood Foot & Ankle Center,0,No,NULL,0,NULL,NULL,NULL,0,NULL,NULL,0,Active,1,Active,(201) 227-0700,NULL,NULL,http://jsypodiatry.com
12514,Pismo Beach,United States,NULL,Five Cities Foot Clinic,"911 Oak Park Blvd, Ste 106",NULL,MAIN,93449,NULL,CA,NULL,2,Clinic,NULL,sclark01@charter.net,NULL,(805) 481-9199,2025-02-12 18:01:52,"Clark, DPM/ Steven J.",0,No,1E90B736-8323-4FA2-89C4-871D6F5D9574,0,Five Cities Foot Clinic,NULL,NULL,0,NULL,NULL,0,Active,1,Active,(805) 481-9100,NULL,NULL,NULL
12515,Pismo Beach,United States,NULL,Five Cities Foot Clinic,"911 Oak Park Blvd, Ste 106",NULL,MAIN,93449,NULL,CA,NULL,2,Clinic,NULL,5citiesfoot@att.net,NULL,(805) 481-9199,2025-02-12 18:01:52,"O'Carroll, DPM/ Brian",0,No,1E90B736-8323-4FA2-89C4-871D6F5D9574,0,Five Cities Foot Clinic,NULL,NULL,0,NULL,NULL,0,Active,1,Active,(805) 481-9100,NULL,NULL,NULL
12516,Park Ridge,United States,NULL,NULL,"74 Pascack Rd, Ste 6",NULL,MAIN,07656,NULL,NJ,NULL,1,Sole Practitioner,NULL,drgewirtz@gmail.com,NULL,(201) 391-1114,2025-02-12 18:01:52,"Gewirtz, DPM/ Jeffrey",0,No,NULL,0,NULL,NULL,NULL,0,NULL,NULL,0,Active,1,Active,(201) 391-1113,NULL,NULL,http://www.parkridgepodiatry.com
12522,Ponca City,NULL,NULL,NULL,1700 N 5th St,NULL,MAIN,74601,NULL,OK,NULL,1,Sole Practitioner,NULL,drmdereksmith@yahoo.com,NULL,(580) 762-3994,2025-02-12 18:01:52,"Smith, DPM/ M. Derek",0,No,NULL,0,NULL,NULL,NULL,0,NULL,NULL,0,Active,1,Active,(580) 765-3389,NULL,NULL,http://mdereksmith.com/
12113,Moraga,United States,NULL,NULL,17 Corte Pinto,NULL,MAIN,94556,NULL,CA,NULL,1,Sole Practitioner,bartis5@comcast.net,NULL,NULL,NULL,2025-02-12 18:01:37,"Bartis, DPM/ Steven J. (Personal Acct)",0,No,NULL,0,NULL,NULL,NULL,0,NULL,NULL,0,Active,1,Active,(925) 212-1060,NULL,NULL,NULL
12115,Clifton Park,United States,NULL,NULL,870 Route 146,NULL,MAIN,12065,NULL,NY,NULL,2,Clinic,NULL,NULL,NULL,(518) 371-7135,2025-02-12 18:01:37,Foot Care of Clifton Park,0,No,NULL,0,NULL,NULL,NULL,0,NULL,NULL,0,Active,1,Active,(518) 371-7133,NULL,NULL,http://www.footcareofcliftonpark.com
12353,San Diego,NULL,NULL,NULL,"7485 Mission Valley Rd, Ste 104A",NULL,BILL TO,92108,NULL,CA,NULL,2,Clinic,DLozano@califortho.com,NULL,NULL,(619) 398-4989,2025-02-12 18:01:46,California Orthopaedic Institute,0,No,NULL,0,NULL,NULL,NULL,0,NULL,NULL,0,Active,1,Active,(619) 291-8930,NULL,NULL,http://www.califortho.com
12273,Houston,NULL,NULL,"Foot and Ankle Specialist, PA","5151 Katy Fwy, Ste 200",NULL,MAIN,77007,NULL,TX,NULL,1,Sole Practitioner,NULL,drsjfisher@yahoo.com,NULL,(832) 673-0060,2025-02-12 18:01:44,"Fisher, DPM/ S J",0,No,NULL,0,NULL,NULL,7506099B-5AB0-DF11-A6EE-000C29EC1EE3,0,"Sybil Fisher, DPM","Sybil Fisher, DPM",0,Active,1,Active,(832) 673-0500,NULL,NULL,http://fisherpodiatry.com/
12400,Tracy,United States,NULL,NULL,PO Box 149,NULL,BILL TO,95378,NULL,CA,NULL,2,Clinic,AccountsPayable@pacmedical.com,NULL,NULL,(209) 526-1740,2025-02-12 18:01:47,"Pacific Medical, Inc",0,No,NULL,0,NULL,NULL,NULL,0,NULL,NULL,0,Active,1,Active,(209) 526-1721,NULL,NULL,http://www.pacmedical.com
12407,Brick,NULL,NULL,Professional Building,"1451 Highway 88, Suite 8A",NULL,MAIN,08724,NULL,NJ,NULL,1,Sole Practitioner,NULL,jenningsresearch@verizon.net,NULL,(732) 458-4922,2025-02-12 18:01:47,"Jennings, DPM/Maureen",0,No,NULL,0,NULL,NULL,NULL,0,NULL,NULL,0,Active,1,Active,(732) 458-4911,NULL,NULL,NULL
12038,Granada Hills,United States,NULL,NULL,"10515 Balboa Blvd, Ste 140",NULL,MAIN,91344,NULL,CA,NULL,1,Sole Practitioner,NULL,NULL,NULL,(818) 363-9915,2025-02-12 18:01:35,Foot Specialist of N. Ridge,0,No,F8B23A2E-D2B1-4A79-AFBB-B34F5CA90E42,0,Foot Specialist of N.Ridge,NULL,NULL,0,NULL,NULL,0,Active,1,Active,(818) 363-9900,NULL,NULL,http://www.2footspecialists.com/
12459,Shreveport,United States,NULL,NULL,7821 Youree Dr,NULL,MAIN,71105,NULL,LA,NULL,2,Clinic,NULL,kfulford@wkhs.com,NULL,(318) 213-3670,2025-02-12 18:01:49,Foot Specialists of Shreveport,0,No,NULL,0,NULL,NULL,NULL,0,NULL,NULL,0,Active,1,Active,(318) 213-3668,NULL,NULL,http://footspecialistsofshreveportbossier.com
12461,Palo Alto,United States,NULL,NULL,3510 Greer Rd,NULL,MAIN,94303,NULL,CA,NULL,1,Sole Practitioner,NULL,ddmullens@gmail.com,NULL,NULL,2025-02-12 18:01:49,"Mullens, DPM/ David",0,No,NULL,0,NULL,NULL,NULL,0,NULL,NULL,0,Active,1,Active,(650) 766-1776,NULL,NULL,NULL
12429,Tulsa,United States,NULL,.,"6565 S Yale Ave, Ste 909",NULL,MAIN,74136,John Brestovansky,OK,NULL,5,Other,tboyd@totalcareop.com,NULL,NULL,(918) 502-5980,2025-02-12 18:01:48,Total Care Orthotics & Prosthetics,0,No,NULL,0,NULL,NULL,NULL,0,NULL,NULL,0,Active,1,Active,(918) 502-5975,NULL,NULL,http://www.totalcareop.com
12433,Puyallup,United States,NULL,NULL,"205 15th Ave SW, Ste D",NULL,MAIN,98371,NULL,WA,NULL,2,Clinic,NULL,chadsmithdpm@gmail.com,NULL,(253) 770-8482,2025-02-12 18:01:48,Family Foot Clinic Inc.,0,No,NULL,0,NULL,NULL,F52E8D91-30B9-E011-ACDF-000C29EC1EE3,0,"Chad Smith, DPM","Chad Smith, DPM",0,Active,1,Active,(253) 845-0564,NULL,NULL,NULL
12188,Los Gatos,United States,NULL,NULL,"14981 National Avenue, Suite 2",NULL,BILL TO,95032,NULL,CA,NULL,1,Sole Practitioner,NULL,jdsangueza@hotmail.com,NULL,(408) 333-9601,2025-02-12 18:01:41,"Sangueza, DPM/John",0,No,NULL,0,NULL,NULL,NULL,0,NULL,NULL,0,Active,1,Active,(408) 371-2451,NULL,NULL,NULL
12189,Lewiston,NULL,NULL,NULL,2315 8th Street,NULL,MAIN,83501,NULL,ID,NULL,2,Clinic,ap@valleymedicalcenter.com,NULL,NULL,(208) 298-4521,2025-02-12 18:01:41,"Valley Medical Center, PLLC",0,No,NULL,0,NULL,NULL,NULL,0,NULL,NULL,0,Active,1,Active,(208) 746-1383,NULL,NULL,http://www.valleymedicalcenter.com
12198,Eugene,NULL,NULL,OMG - Accounts Payable,PO BOX 1648,NULL,BILL TO,97440,NULL,OR,NULL,NULL,NULL,omg_accountspayable@oregonmed.net,dpearson@oregonmed.net,NULL,(541) 463-2806,2025-02-12 18:01:42,Oregon Medical Group,0,No,NULL,0,NULL,NULL,D3A08A13-9E55-E011-9A07-000C29EC1EE3,0,"Darrin Dallegge, DPM","Darrin Dallegge, DPM",0,Active,1,Active,(541) 746-6816,NULL,NULL,https://www.oregonmedicalgroup.com/foot-and-ankle
12205,Hannibal,United States,NULL,NULL,PO BOX 311,NULL,BILL TO,63401,NULL,MO,NULL,NULL,NULL,rmudd@hannibalclinic.com,NULL,NULL,(573) 231-3727,2025-02-12 18:01:42,Hannibal Clinic Operations LLC,0,No,NULL,0,NULL,NULL,NULL,0,NULL,NULL,0,Active,1,Active,(573) 231-3778,NULL,NULL,NULL
12206,Bellevue,United States,NULL,NULL,"4140 Factoria Blvd SE, Ste 1B",NULL,BILL TO,98006,NULL,WA,NULL,2,Clinic,NULL,crc5456@msn.com,NULL,(425) 644-4739,2025-02-12 18:01:42,"Ankle & Foot Specialists of Puget Sound, PS",0,No,NULL,0,NULL,NULL,NULL,0,NULL,NULL,0,Active,1,Active,(425) 644-2313,NULL,NULL,http://footankleclinics.com
12139,Vero Beach,NULL,NULL,NULL,1703 24th St,NULL,MAIN,32960,NULL,FL,NULL,1,Sole Practitioner,HRTodd1703@aol.com,NULL,NULL,(772) 562-8197,2025-02-12 18:01:38,"Todd, DC, PLC/ Harrison R.",0,No,NULL,0,NULL,NULL,14384D01-DAFF-DE11-AF67-000C29EC1EE3,0,"Harrison Todd, II, D.C., PLC","Harrison Todd, II, D.C., PLC",0,Active,1,Active,(772) 562-2053,NULL,NULL,NULL
12491,New Iberia,United States,NULL,NULL,398 N Lewis St,NULL,MAIN,70563,NULL,LA,NULL,2,Clinic,NULL,Amyschunemeyer@gmail.com,NULL,(337) 365-9557,2025-02-12 18:01:51,"Schunemeyer, DPM/ Amy B.",0,No,NULL,0,NULL,NULL,NULL,0,NULL,NULL,0,Active,1,Active,(337) 365-4195,NULL,NULL,https://www.feetfirstofnewiberia.com/
12497,Oslo,United States,NULL,NULL,Torggata 10,NULL,MAIN,0181,NULL,Norway,NULL,NULL,NULL,grg@anatomix.no,grg@anatomix.no,NULL,NULL,2025-02-12 18:01:51,Anatomix AS,0,No,NULL,0,NULL,NULL,NULL,0,NULL,NULL,0,Active,1,Active,NULL,NULL,NULL,NULL
12214,Chicago,NULL,NULL,NULL,"1046 N Wood Street, Suite 1-R",NULL,BILL TO,60622,"Dr. Michelle Heiring, DPM",IL,NULL,NULL,NULL,NULL,heiringdpm@att.net,NULL,NULL,2025-02-12 18:01:42,"Heiring, DPM/Michelle",0,No,NULL,0,NULL,NULL,NULL,0,NULL,NULL,0,Active,1,Active,(773) 425-0355,NULL,NULL,NULL
12412,Scottsdale,NULL,NULL,Arcadia Foot and Ankle P.C.,"6401 E Thomas Road, Ste 106",NULL,MAIN,85251,.,AZ,NULL,2,Clinic,NULL,appointments@arcadiafootandankle.com,NULL,(602) 354-3293,2025-02-12 18:01:48,"Olsen, DPM/ Mark",0,No,NULL,0,NULL,NULL,NULL,0,NULL,NULL,0,Active,1,Active,(602) 955-3338,NULL,NULL,http://www.arcadiafootandankle.com
12425,Rolling Hills Estates,NULL,NULL,NULL,"827 Deep Valley Dr, Ste 204",NULL,MAIN,90274,NULL,CA,NULL,1,Sole Practitioner,NULL,drabend@verizon.com,NULL,(310) 541-5746,2025-02-12 18:01:48,Palos Verdes Podiatry,0,No,NULL,0,NULL,NULL,EA0EF622-06AF-E011-B1A6-000C29EC1EE3,0,"Lawrence Abend, DPM","Lawrence Abend, DPM",0,Active,1,Active,(310) 377-6926,NULL,NULL,NULL
12221,New York,NULL,NULL,NULL,"40 Park Ave, Suite 5",NULL,MAIN,10016,NULL,NY,NULL,NULL,NULL,jyouner@nyc.rr.com,NULL,NULL,(212) 889-6150,2025-02-12 18:01:42,"Youner, DPM/ Johanna",0,No,NULL,0,NULL,NULL,NULL,0,NULL,NULL,0,Active,1,Active,(212) 683-7757,NULL,NULL,NULL
12225,Fairfax,United States,NULL,NULL,"3998 Fair Ridge Drive, #280",NULL,MAIN,22033,NULL,VA,NULL,1,Sole Practitioner,NULL,NULL,NULL,(703) 849-8448,2025-02-12 18:01:42,"Dominion Foot & Ankle Consultants, PC",0,No,NULL,0,NULL,NULL,NULL,0,NULL,NULL,0,Active,1,Active,(703) 849-8400,NULL,NULL,http://dominionfootandankle.com
12235,Pineville,United States,NULL,Prosthetics #121,2495 Shreveport Hwy,NULL,BILL TO,71360,Alexandria VAMC (502/121),LA,NULL,3,Hospital,NULL,NULL,NULL,(318) 483-5154,2025-02-12 18:01:43,VA/ Alexandria (502/121),0,No,NULL,0,NULL,NULL,NULL,0,NULL,NULL,0,Active,1,Active,(318) 473-0010,NULL,NULL,NULL
12239,St Thomas,NULL,NULL,NULL,PO Box 302178,NULL,BILL TO,00803,NULL,VI,NULL,NULL,NULL,finance@therapyworksvi.com,jsmith@therapyworksvi.com,NULL,(340) 715-4678,2025-02-12 18:01:43,"Therapy Works, LLC",0,No,D86E51A6-3861-E411-B754-005056B60006,0,"Therapy Works, LLC, BVI & VG",NULL,NULL,0,NULL,NULL,0,Active,1,Active,(340) 779-4678,NULL,NULL,http://www.therapyworksvi.com
12242,San Carlos,NULL,NULL,NULL,"961 Laurel St, Suite 100",NULL,BILL TO,94070,NULL,CA,NULL,2,Clinic,NULL,cleviant@mac.com,NULL,(650) 593-9145,2025-02-12 18:01:43,Associated Podiatry Group of San Carlos,0,No,NULL,0,NULL,NULL,NULL,0,NULL,NULL,0,Active,1,Active,(650) 593-8083,NULL,NULL,http://www.sancarlospodiatrist.com
12284,Dallas,NULL,NULL,NULL,"4222 Trinity Mills Road, Suite 112",NULL,BILL TO,75287,NULL,TX,NULL,NULL,NULL,NULL,NULL,NULL,(214) 710-1029,2025-02-12 18:01:45,Elite Foot and Ankle,0,No,NULL,0,NULL,NULL,NULL,0,NULL,NULL,0,Active,1,Active,(214) 710-1028,NULL,NULL,http://www.elitefootankle.com
12289,Northridge,NULL,NULL,NULL,"18433 Roscoe Blvd, Ste 214",NULL,MAIN,91325,NULL,CA,NULL,2,Clinic,NULL,NULL,NULL,(818) 985-0055,2025-02-12 18:01:45,Foot & Ankle Institute of the West,0,No,NULL,0,NULL,NULL,NULL,0,NULL,NULL,0,Active,1,Active,(818) 623-4455,NULL,NULL,http://www.footandanklewest.com
11990,Muncie,United States,NULL,"Matthew Dewitt, DPM",2106 W McGalliard Rd,NULL,MAIN,47304,NULL,IN,NULL,1,Sole Practitioner,NULL,mtdewitt@indianafoot.com,NULL,(765) 289-4655,2025-02-12 18:01:34,Indiana Foot & Ankle Specialist,0,No,NULL,0,NULL,NULL,NULL,0,NULL,NULL,0,Active,1,Active,(765) 284-3879,NULL,NULL,https://indianafoot.com/
12002,Kansas City,United States,NULL,Signature Medical Group,"8919 Parallel Pkwy, Ste 550",NULL,MAIN,66112,NULL,KS,NULL,2,Clinic,kdua@SignatureHealth.net,kdua@SignatureHealth.net,NULL,(913) 334-9422,2025-02-12 18:01:34,"Associated Podiatrists, PA",0,No,NULL,0,NULL,NULL,NULL,0,NULL,NULL,0,Active,1,Active,(913) 321-0522,NULL,NULL,https://www.kcfootdrs.com/
12318,Ijamsville,NULL,NULL,NULL,"3280 Urbana Pike, Suite 202",NULL,BILL TO,21754,NULL,MD,NULL,1,Sole Practitioner,NULL,progressivepodiatry@gmail.com,NULL,(301) 874-8116,2025-02-12 18:01:46,Progressive Podiatry,0,No,NULL,0,NULL,NULL,NULL,0,NULL,NULL,0,Active,1,Active,(301) 874-9669,NULL,NULL,NULL
12328,Modesto,NULL,NULL,NULL,730 16th Street,NULL,BILL TO,95354,NULL,CA,NULL,2,Clinic,NULL,adhirsingh@aol.com,NULL,(209) 550-0171,2025-02-12 18:01:46,"Singh, DPM/Adhir R.",0,No,NULL,0,NULL,NULL,NULL,0,NULL,NULL,0,Active,1,Active,(209) 550-5893,NULL,NULL,NULL
12525,Murrieta,NULL,NULL,NULL,"41421 Date St, Ste 101",NULL,MAIN,92562,.,CA,NULL,1,Sole Practitioner,inventory@littlefieldpt.com,NULL,NULL,(855) 454-3784,2025-02-12 18:01:52,Littlefield Physical Therapy,0,No,NULL,0,NULL,NULL,NULL,0,NULL,NULL,0,Active,1,Active,(855) 454-3784,NULL,NULL,http://www.littlefieldpt.com
12528,Bend,United States,NULL,.,"1510 SW Nancy Way, Ste 2",NULL,MAIN,97702,"Northwest Footcare, LLC",OR,NULL,2,Clinic,NULL,lauriejnwfc@bendbroadband.com,NULL,(541) 385-7138,2025-02-12 18:01:52,"Northwest Footcare, LLC",0,No,B697AF16-417B-E011-A7BE-000C29EC1EE3,0,"Northwest Footcare, LLC",NULL,NULL,0,NULL,NULL,0,Active,1,Active,(541) 385-7129,NULL,NULL,http://www.nwfootcare.com
12534,Glen Burnie,NULL,NULL,NULL,"806 Landmark Drive, Ste 128",NULL,MAIN,21061,NULL,MD,NULL,NULL,NULL,NULL,drjoew@gmail.com,NULL,(443) 926-9151,2025-02-12 18:01:52,"Wongananda, DPM PA/ T. Joe",0,No,NULL,0,NULL,NULL,NULL,0,NULL,NULL,0,Active,1,Active,(443) 926-9147,NULL,NULL,NULL
11614,Portland,United States,NULL,Attn:  Accounts Payable,800 SW 13th Ave,NULL,BILL TO,97205,.,OR,NULL,2,Clinic,ap@tpcllp.com,NULL,NULL,(503) 274-1697,2025-02-12 18:01:25,The Portland Clinic,0,No,NULL,0,NULL,NULL,NULL,0,NULL,NULL,0,Active,1,Active,(503) 221-0161,NULL,NULL,http://www.theportlandclinic.com
11642,Worcester,United States,NULL,NULL,"123 Summer St, Suite 550",NULL,MAIN,01608,NULL,MA,NULL,2,Clinic,mfallon@pfacenter.com,NULL,NULL,(508) 363-6866,2025-02-12 18:01:26,"Premier Foot & Ankle Center, LLC",0,No,NULL,0,NULL,NULL,NULL,0,NULL,NULL,0,Active,1,Active,(508) 363-6868,NULL,NULL,http://www.pfacenter.com/
11905,Ponderay,United States,NULL,NULL,30544 Highway 200 Ste#102,NULL,MAIN,83852,NULL,ID,NULL,2,Clinic,NULL,idahortho@yahoo.com,NULL,(208) 265-4533,2025-02-12 18:01:32,North Idaho Orthopedics & Sports Medicine,0,No,NULL,0,NULL,NULL,NULL,0,NULL,NULL,0,Active,1,Active,(208) 265-9817,NULL,NULL,http://www.niosm.com/
11909,Auburn,NULL,NULL,NULL,"3123 Professional Dr, Ste 200",NULL,MAIN,95603,NULL,CA,NULL,NULL,NULL,dr.amatzfoot@gmail.com,dr.amatzfoot@gmail.com,NULL,(530) 885-4614,2025-02-12 18:01:32,"Matz, DPM/Amanda",0,No,NULL,0,NULL,NULL,NULL,0,NULL,NULL,0,Active,1,Active,(530) 885-7047,NULL,NULL,NULL
11922,Ashtabula,United States,NULL,Attn: Acct. Payable Dept,2420 Lake Ave,NULL,BILL TO,44004,NULL,OH,NULL,1,Sole Practitioner,wendie.mcintyre@armchealth.org,NULL,NULL,(440) 994-7512,2025-02-12 18:01:32,Ashtabula County Medical Center,0,No,NULL,0,NULL,NULL,NULL,0,NULL,NULL,0,Active,1,Active,440-994-7534,NULL,NULL,http://acmchealth.org/
11927,Elkhart,United States,NULL,NULL,2310 California Road,NULL,BILL TO,46514,NULL,IN,NULL,1,Sole Practitioner,AccountsPayable@osmc.com,jwondergem@osmc.com,NULL,(574) 970-1374,2025-02-12 18:01:32,OSMC,0,No,NULL,0,NULL,NULL,NULL,0,NULL,NULL,0,Active,1,Active,(574) 264-0791,NULL,NULL,http://www.osmc.com
11769,Appleton,United States,NULL,Valley Orthopedic Clinic SC,"2105 E Enterprise Ave, Suite 111",NULL,MAIN,54913,NULL,WI,NULL,1,Sole Practitioner,NULL,NULL,NULL,(920) 731-6732,2025-02-12 18:01:28,Derksen DPM/ Todd A,0,No,NULL,0,NULL,NULL,NULL,0,NULL,NULL,0,Active,1,Active,(920) 731-6611,NULL,NULL,http://osifv.com
11673,Longmeadow,United States,NULL,New England Foot Specialists,1200 Converse St,NULL,Main,01106,NULL,MA,NULL,1,Sole Practitioner,NULL,NULL,NULL,(413) 567-1491,2025-02-12 18:01:27,Peteros DPM/ Christopher H,0,No,NULL,0,NULL,NULL,NULL,0,NULL,NULL,0,Active,1,Active,(413) 567-6860,NULL,NULL,https://www.podiatristsspringfieldma.com/
11869,Albuquerque,United States,NULL,Attn:  Accounts Payable,PO Box 27803,NULL,BILL TO,87125,NULL,NM,NULL,2,Clinic,accounts.payablelhs@lovelace.com,NULL,NULL,(505) 823-6556,2025-02-12 18:01:32,Southwest Medical Associates,0,No,NULL,0,NULL,NULL,NULL,0,NULL,NULL,0,Active,1,Active,(505) 727-4430,NULL,NULL,https://lovelacemedicalgroup.com
11952,Beaverton,NULL,NULL,Ankle & Foot Centers of Oregon,"12325 SW Horizon Blvd, Ste 27",NULL,MAIN,97007,.,OR,NULL,NULL,NULL,NULL,candiedpm2003@yahoo.com,NULL,(503) 597-5640,2025-02-12 18:01:33,"Gregory, DPM/ Candace",0,No,NULL,0,NULL,NULL,NULL,0,NULL,NULL,0,Active,1,Active,(503) 597-5647,NULL,NULL,http://www.ankleandfootcentersoforegon.com/
11957,Dallas,United States,NULL,Attn:  Accounts Payable,PO Box 108,NULL,BILL TO,30132,NULL,GA,NULL,2,Clinic,APayable@vpcenters.com,NULL,NULL,(770) 745-9740,2025-02-12 18:01:33,"Village Podiatry Centers, P.C.",0,No,00B6100E-ACB5-DD11-8B3E-0019B9B8224A,0,"Village Podiatry Centers, P.C.",NULL,NULL,0,NULL,NULL,0,Active,1,Active,(770) 745-5101,NULL,NULL,http://www.villagepodiatrycenters.com
11960,White Plains,United States,NULL,NULL,10 Mitchell Place Ste 105,NULL,MAIN,10601,NULL,NY,NULL,2,Clinic,info@aestheticpodiatry.com,info@aestheticpodiatry.com,NULL,(914) 290-5795,2025-02-12 18:01:33,Aesthetic Podiatry & Sports Medicine Center,0,No,NULL,0,NULL,NULL,NULL,0,NULL,NULL,0,Active,1,Active,(914) 328-3400,NULL,NULL,http://www.aestheticpodiatry.com
11882,Naples,United States,NULL,.,"681 Goodlette Rd N, Ste 160",NULL,MAIN,34102,.,FL,NULL,2,Clinic,info@footandanklemgmt.com,NULL,NULL,(239) 263-8435,2025-02-12 18:01:32,Foot & Ankle Management Group,0,No,A7AB7040-1262-EE11-9AFF-005056995B7E,0,Foot & Ankle Management Group,NULL,NULL,0,NULL,NULL,0,Active,1,Active,(239) 263-0200,NULL,NULL,http://www.footandanklemgmt.com
11744,Beloit,United States,NULL,Accounts Payable,1969 West Hart Rd,NULL,BILL TO,53511,NULL,WI,NULL,2,Clinic,payables@BeloitHealthSystem.org,NULL,NULL,(608) 364-5586,2025-02-12 18:01:28,"Beloit Health System, Inc.",0,No,NULL,0,NULL,NULL,NULL,0,NULL,NULL,0,Active,1,Active,(608) 364-1640,NULL,NULL,http://beloithealthsystem.org/
11663,Littleton,United States,NULL,NULL,CHI Accounts Payable Support Center,PO Box 636000,BILL TO,80163,NULL,CO,NULL,1,Sole Practitioner,APinvoice@catholichealth.net,amandaanderson@chifranciscan.org,NULL,(253) 274-7994,2025-02-12 18:01:27,Franciscan Foot & Ankle Associates at St. Joseph,0,No,07AA5A2C-0C02-DF11-8291-000C29EC1EE3,0,Catholic Health Initiatives,NULL,NULL,0,NULL,NULL,0,Active,1,Active,(253) 274-7504,NULL,NULL,https://www.chifranciscan.org
11784,Jackson,United States,NULL,NULL,PO Box 7434,NULL,BILL TO,83002,NULL,WY,NULL,2,Clinic,NULL,Wagnerim@tetonortho.com,NULL,(307) 734-5605,2025-02-12 18:01:29,Teton Orthopaedics,0,No,NULL,0,NULL,NULL,NULL,0,NULL,NULL,0,Active,1,Active,(307) 733-3900,NULL,NULL,http://tetonorthopaedics.com
11592,Palo Alto,United States,NULL,"Brynn H. Ewen, DPM",512 Hamilton Ave,NULL,MAIN,94301,NULL,CA,NULL,1,Sole Practitioner,NULL,stridewellbeing@gmail.com,NULL,(650) 323-2500,2025-02-12 18:01:25,Stride,0,No,NULL,0,NULL,NULL,NULL,0,NULL,NULL,0,Active,1,Active,(650) 323-2200,NULL,NULL,NULL
11626,Tulsa,United States,NULL,NULL,5711 E. 71st St,Ste 220,BILL TO,74136,NULL,OK,NULL,2,Clinic,management@mtfas.com,NULL,NULL,(918) 494-2905,2025-02-12 18:01:26,Metro Tulsa Foot & Ankle Specialists,0,No,NULL,0,NULL,NULL,NULL,0,NULL,NULL,0,Active,1,Active,(918) 494-2902,NULL,NULL,http://www.tulsafoot.com
11700,San Jose,United States,NULL,NULL,333 O'Connor Dr,NULL,BILL TO,95128,NULL,CA,NULL,1,Sole Practitioner,NULL,NULL,NULL,(404) 494-7554,2025-02-12 18:01:27,South Bay Orthopedic & Sports Medicine Clinic,0,No,NULL,0,NULL,NULL,NULL,0,NULL,NULL,0,Active,1,Active,(650) 966-7631,NULL,NULL,http://southbayorthopedic.com/
11714,Virginia Beach,United States,NULL,Tidewater Foot & Ankle Center,PO Box 5447,NULL,BILL TO,23471,NULL,VA,NULL,1,Sole Practitioner,NULL,NULL,NULL,(757) 490-1795,2025-02-12 18:01:27,Grant DPM/ William,0,No,NULL,0,NULL,NULL,NULL,0,NULL,NULL,0,Active,1,Active,(757) 497-7575,NULL,NULL,http://drgrantfootandankle.com/
11718,Dallas,United States,NULL,Attn: Prosthetics (549/121),4500 S Lancaster Rd,NULL,MAIN,75216,NULL,TX,NULL,3,Hospital,NULL,NULL,NULL,(214) 462-4956,2025-02-12 18:01:27,VA/ North Texas VA Health Care System,0,No,NULL,0,NULL,NULL,NULL,0,NULL,NULL,0,Active,1,Active,(214) 857-0548,NULL,NULL,NULL
11690,Juneau,United States,NULL,Juneau Foot and Ankle Center,8800 Glacier Hwy Ste #218,NULL,MAIN,99801,NULL,AK,NULL,1,Sole Practitioner,NULL,kellymoxley@yahoo.com,NULL,(907) 789-2925,2025-02-12 18:01:27,Moxley DPM/ Kelly,0,No,394C1230-059B-DD11-ADE6-0019B9B8224A,0,Juneau Foot & Ankle,NULL,NULL,0,NULL,NULL,0,Active,1,Active,(907) 789-0405,NULL,NULL,NULL
11691,El Cerrito,United States,NULL,NULL,7524 Fairmount Ave,NULL,Main,94530,.,CA,NULL,2,Clinic,NULL,NULL,NULL,510-526-9251,2018-07-11 11:48:49,Fairmount Podiatry Group,0,No,NULL,0,NULL,NULL,NULL,0,NULL,NULL,0,Active,1,Active,510-526-4244,NULL,NULL,NULL
11543,Medford,United States,NULL,NULL,1904 E Barrett Rd,NULL,Main,97504,"Merrill/DPM, Evan",OR,NULL,1,Sole Practitioner,accountspayable@medsofa.com,NULL,NULL,(541) 776-4979,2025-02-12 18:01:23,"Southern Oregon Foot & Ankle, LLC",0,No,NULL,0,NULL,NULL,NULL,0,NULL,NULL,0,Active,1,Active,(541) 776-3338,NULL,NULL,https://www.sofootankle.com/
11967,Fenton,United States,NULL,Ankle & Foot Institute,"1011 Bowles Avenue, Suite 123",NULL,BILL TO,63026,NULL,MO,NULL,NULL,NULL,ammo.payables@outlook.com,wittockr@gmail.com,NULL,(636) 717-1113,2025-02-12 18:01:33,Wittock DPM/ Richard,0,No,NULL,0,NULL,NULL,NULL,0,NULL,NULL,0,Active,1,Active,(636) 717-1100,NULL,NULL,http://www.ankleandfootinstitute.com
11969,Turlock,NULL,NULL,Yosemite Bone & Joint,1065 Colorado Ave. Ste 5,NULL,MAIN,95380,NULL,CA,NULL,1,Sole Practitioner,NULL,apatinodpm@sbcglobal.net,NULL,(209) 226-1335,2025-02-12 18:01:33,Patino DPM/Alfred,0,No,NULL,0,NULL,NULL,NULL,0,NULL,NULL,0,Active,1,Active,209 226 1357,NULL,NULL,https://yosemiteboneandjoint.com/
11819,San Antonio,United States,NULL,NULL,1954 East Houston #202,NULL,NULL,78202,NULL,TX,NULL,2,Clinic,NULL,kenwilliamsdpm@hotmail.com,NULL,(210) 225-1046,2025-02-12 18:01:30,Comprehensive Foot Care,0,No,NULL,0,NULL,NULL,NULL,0,NULL,NULL,0,Active,1,Active,(210) 225-5804,NULL,NULL,NULL
11820,Independence,United States,NULL,Kent State College of Podiatric Medicine,6000 Rockside Woods Blvd,NULL,MAIN,44131,NULL,OH,NULL,2,Clinic,ebuleski@kent.edu,NULL,NULL,(216) 721-5534,2025-02-12 18:01:30,Cleveland Foot & Ankle Institute,0,No,NULL,0,NULL,NULL,NULL,0,NULL,NULL,0,Active,1,Active,(216) 231-5612,NULL,NULL,NULL
11826,Albert Lea,United States,NULL,NULL,904 E Plaza St,NULL,MAIN,56007,NULL,MN,NULL,2,Clinic,jodihestness@comfootclinic.com,NULL,NULL,507-373-0261,2025-02-12 18:01:30,Community Foot Clinic,0,No,NULL,0,NULL,NULL,NULL,0,NULL,NULL,0,Active,1,Active,507-373-6133,NULL,NULL,https://www.communityfootclinic.com/
11828,Tulsa,United States,NULL,Elite Foot Care Center,"6585 S Yale Ave, Ste 1110",NULL,MAIN,74136,NULL,OK,NULL,1,Sole Practitioner,office@elitefootcarecenter.com,david@elitefootcarecenter.com,NULL,(918) 502-5301,2025-02-12 18:01:30,Stoller DPM/ David A,0,No,NULL,0,NULL,NULL,NULL,0,NULL,NULL,0,Active,1,Active,(918) 502-5300,NULL,NULL,http://elitefootcarecenter.com/
11844,New York,United States,NULL,NULL,333 East 46th St #1H,NULL,NULL,10017,NULL,NY,NULL,NULL,NULL,NULL,lmsattler1@verizon.net,NULL,(212) 681-8603,2025-02-12 18:01:31,Sattler DPT/ Lisa,0,No,NULL,0,NULL,NULL,NULL,0,NULL,NULL,0,Active,1,Active,(917) 539-0224,NULL,NULL,NULL
11850,St Louis,United States,NULL,NULL,"12855 North 40 Dr, Ste 175",NULL,MAIN,63141,NULL,MO,NULL,1,Sole Practitioner,NULL,drfrankmail@mac.com,NULL,(314) 434-9601,2025-02-12 18:01:31,Frank DPM/ Steven,0,No,NULL,0,NULL,NULL,NULL,0,NULL,NULL,0,Active,1,Active,(314) 434-9600,NULL,NULL,https://www.premierpodiatry.org/
11857,St George,United States,NULL,NULL,"754 S Main Street, Suite 3",NULL,MAIN,84770,NULL,UT,NULL,1,Sole Practitioner,southmain@feetnet.com,NULL,NULL,(435) 867-1909,2025-02-12 18:01:31,Foot & Ankle Institute,0,No,NULL,0,NULL,NULL,NULL,0,NULL,NULL,0,Active,1,Active,(435) 586-2225,NULL,NULL,http://feetnet.com/
11528,Hamilton,Canada,NULL,NULL,"90 Lancing Dr, Unit 5",NULL,MAIN,L8W 3A1,NULL,ON,NULL,5,Other,NULL,NULL,NULL,289-799-7474,2021-06-11 08:18:04,Ontario Orthotic Lab,0,No,NULL,0,NULL,NULL,FC1C8022-D472-DD11-81D6-0019B9B8224A,0,Paul,Paul,0,Active,1,Active,289-799-7472,NULL,NULL,https://oolab.com/
13239,New Westminster,NULL,NULL,NULL,#303-223 Nelson's Crescent,NULL,MAIN,V3L 0E4,NULL,BC,NULL,2,Clinic,NULL,kathykhahn@gmail.com,NULL,(604) 245-2520,2025-02-12 18:02:24,West Coast Podiatry,0,No,NULL,0,NULL,NULL,6E10F432-2C8B-E611-8044-005056995B7E,0,"Kathy Hahn, DPM","Kathy Hahn, DPM",0,Active,1,Active,(604) 245-2245,(604) 245-2520,NULL,http://westcoastpodiatry.ca
13240,Glen Rock,NULL,NULL,NULL,"85 Harristown Rd, Ste 103",NULL,MAIN,07452,NULL,NJ,NULL,2,Clinic,bfornataro@oasismed.com,bfornataro@oasismed.com,NULL,(844) 366-8900,2025-02-12 18:02:24,Oasis Medical,0,No,NULL,0,NULL,NULL,NULL,0,NULL,NULL,0,Active,1,Active,(844) 366-8800,NULL,NULL,NULL
13806,Mount Vernon,NULL,NULL,NULL,1617 E Division St,NULL,MAIN,98274,NULL,WA,NULL,NULL,NULL,skagitfootandankleclinic@gmail.com,skagitfootandankleclinic@gmail.com,NULL,(360) 424-5969,2025-02-12 18:03:11,"Skagit Foot and Ankle Clinic, LLC",0,No,NULL,0,NULL,NULL,NULL,0,NULL,NULL,0,Active,1,Active,(360) 424-7018,NULL,NULL,http://www.skagitfootandankleclinic.com
13807,Neyagawa,NULL,NULL,NULL,5-35-7 Takayanagi,NULL,BILL TO,572-0051,Neyagawa Aoba Clinic,Osaka,NULL,2,Clinic,cs-nwpl@nwpl-jp.com,impact@yk.rim.or.jp,NULL,+81-467-84-9713,2025-02-12 18:03:12,Impact Trading - Neyagawa Aoba Clinic,0,No,795F2927-FF12-4727-9722-322B7E869737,0,Impact Trading Co. Ltd.,NULL,NULL,0,NULL,NULL,0,Active,1,Active,+81-467-84-9712,NULL,NULL,NULL
13808,Kailua,NULL,NULL,NULL,407 Uluniu St  #107,NULL,MAIN,96734,NULL,HI,NULL,2,Clinic,NULL,alohafootcenters@gmail.com,NULL,(808) 263-6004,2025-02-12 18:03:12,Aloha Foot Centers,0,No,NULL,0,NULL,NULL,NULL,0,NULL,NULL,0,Active,1,Active,(808) 266-0066,NULL,NULL,http://alohafootcenters.com
13809,Flagstaff,NULL,NULL,NULL,202 E Birch Ave,NULL,MAIN,86001,NULL,AZ,NULL,2,Clinic,flagfootdoc@gmail.com,flagfootdoc@gmail.com,NULL,(928) 226-0014,2025-02-12 18:03:12,Flagstaff Foot and Ankle Specialists,0,No,NULL,0,NULL,NULL,513CD1C1-6A6B-ED11-80EE-005056995B7E,0,"Rachel O'Connor, DPM","Rachel O'Connor, DPM",0,Active,1,Active,(928) 226-7555,NULL,NULL,http://www.flagstafffootdoc.com
13653,Perrysburg,NULL,NULL,NULL,"1021 Sandusky St, Ste A",NULL,MAIN,43551,NULL,OH,NULL,2,Clinic,NULL,perrysburgpod1021@gmail.com,NULL,(419) 874-7258,2025-02-12 18:02:59,"Perrysburg Podiatry Associates, LLC",0,No,NULL,0,NULL,NULL,NULL,0,NULL,NULL,0,Active,1,Active,(419) 874-4494,NULL,NULL,NULL
13654,St. George,NULL,NULL,NULL,"1664 S. Dixie Dr, Ste L 105",NULL,MAIN,84770,NULL,UT,NULL,1,Sole Practitioner,NULL,rkdanielspt@gmail.com,NULL,(435) 652-3750,2025-02-12 18:02:59,Daniels Physical Therapy,0,No,NULL,0,NULL,NULL,NULL,0,NULL,NULL,0,Active,1,Active,(435) 652-3707,NULL,NULL,http://daniels-physical-therapy.business.site
13655,Lodi,NULL,NULL,NULL,"1745 W Kettleman Ln, Ste A",NULL,MAIN,95242,NULL,CA,NULL,1,Sole Practitioner,NULL,dweymo@yahoo.com,NULL,(209) 334-5466,2025-02-12 18:02:59,Integrity Limb & Brace,0,No,NULL,0,NULL,NULL,NULL,0,NULL,NULL,0,Active,1,Active,(209) 334-5462,NULL,NULL,NULL
13656,Moncton,NULL,NULL,NULL,2-150 Edmonton Ave,NULL,MAIN,E1C 3B9,NULL,NB,NULL,1,Sole Practitioner,NULL,NULL,NULL,NULL,2025-02-12 18:02:59,Sole Solutions,0,No,NULL,0,NULL,NULL,NULL,0,NULL,NULL,0,Active,1,Active,(506) 531-5750,NULL,NULL,NULL
13657,Chicago,NULL,NULL,NULL,5722 N Winthrop Ave.,NULL,MAIN,60660,NULL,IL,NULL,NULL,NULL,NULL,docorange.sports@gmail.com,NULL,NULL,2021-10-07 10:54:42,Breakthrough Sports Performance,0,No,NULL,0,NULL,NULL,NULL,0,NULL,NULL,0,Active,1,Active,(219) 510-3847,NULL,NULL,NULL
13658,Houston,NULL,NULL,NULL,11900 FM 1960 Rd W,NULL,MAIN,77065,NULL,TX,NULL,1,Sole Practitioner,NULL,drkendennis@hotmail.com,NULL,(281) 469-0128,2025-02-12 18:02:59,"Dennis, DPM / Kenrick",0,No,NULL,0,NULL,NULL,NULL,0,NULL,NULL,0,Active,1,Active,(281) 469-2676,NULL,NULL,http://www.kdfoot.com
13659,New York,NULL,NULL,26 Broadway,NULL,NULL,MAIN,10004,NULL,NY,NULL,NULL,NULL,NULL,NULL,NULL,NULL,2025-02-12 18:03:00,Toetal Podiatry,0,No,NULL,0,NULL,NULL,NULL,0,NULL,NULL,0,Active,1,Active,(917) 261-4291,NULL,NULL,https://www.toetalpodiatrynyc.com
13660,Blaine,NULL,NULL,NULL,1091 Fir Ave,NULL,MAIN,98230,NULL,WA,NULL,1,Sole Practitioner,noreply@nwpodiatric.com,noreply@nwpodiatric.com,NULL,NULL,2023-04-03 07:39:37,NWPL Demo,0,No,B6020C2F-EFD8-46ED-9B36-53088235BABC,0,Northwest Podiatric Lab,NULL,NULL,0,NULL,NULL,0,Active,1,Active,800-675-1766,NULL,NULL,https://nwpodiatric.com
13661,Sandpoint,NULL,NULL,NULL,815 Oak Street,NULL,BILL TO,83864,NULL,ID,NULL,2,Clinic,idaho@kit-therapy.com,idaho@kit-therapy.com,NULL,(808) 431-4244,2025-02-12 18:03:00,Kauai Therapy & Wellness,0,No,NULL,0,NULL,NULL,EFDB56E3-5041-EB11-8131-005056995B7E,0,Garrett Fischer,Garrett Fischer,0,Active,1,Active,(208) 205-9559,NULL,NULL,http://www.kit-therapy.com
13485,Burbank,NULL,NULL,NULL,2701 W. Alameda Ave Ste 500,NULL,MAIN,91505,NULL,CA,NULL,2,Clinic,NULL,drlevinedpm@gmail.com,NULL,(818) 558-4379,2025-02-12 18:02:45,Levine Foot & Ankle Surgery,0,No,NULL,0,NULL,NULL,D473D31E-DB15-E911-8135-005056995B7E,0,"Patrick Levine, DPM","Patrick Levine, DPM",0,Active,1,Active,(818) 450-6656,NULL,NULL,https://www.levinefootandankle.com/
13487,Yokohama,NULL,NULL,GLP Ayase,5F Shinyokohama No. 3 Tosho Bldg,NULL,BILL TO,222-0033,Hirai Clinic,Kanagawa-ken,NULL,2,Clinic,cs-nwpl@nwpl-jp.com,impact@yk.rim.or.jp,NULL,+81-467-84-9713,2025-02-12 18:02:45,Impact Trading - Hirai Clinic,0,No,795F2927-FF12-4727-9722-322B7E869737,0,Impact Trading Co. Ltd.,NULL,NULL,0,NULL,NULL,0,Active,1,Active,+81-467-84-9712,NULL,NULL,NULL
13429,Vienna,NULL,NULL,NULL,1880 Howard Ave Ste 202,NULL,BILL TO,22182,NULL,VA,NULL,2,Clinic,NULL,aashkandpm@gmail.com,NULL,(703) 574-1394,2025-02-12 18:02:41,"NOVA Podiatry and Wound Care Center, LLC",0,No,NULL,0,NULL,NULL,1E49F294-B47B-E811-81EC-005056995B7E,0,"Arin Ashkan, DPM","Arin Ashkan, DPM",0,Active,1,Active,(703) 863-9393,NULL,NULL,http://www.novafootcare.com/
13431,Yokohama,NULL,NULL,GLP Ayase,5F Shinyokohama No. 3 Tosho Bldg,NULL,BILL TO,222-0033,Asahi Settukotuin,Kanagawa-ken,NULL,2,Clinic,cs-nwpl@nwpl-jp.com,impact@yk.rim.or.jp,NULL,+81-467-84-9713,2025-02-12 18:02:41,Impact Trading - Asahi Settukotuin,0,No,795F2927-FF12-4727-9722-322B7E869737,0,Impact Trading Co. Ltd.,NULL,NULL,0,NULL,NULL,0,Active,1,Active,+81-467-84-9712,NULL,NULL,NULL
13433,Torrance,NULL,NULL,NULL,"3655 Lomita Blvd, Ste 120",NULL,MAIN,90505,NULL,CA,NULL,2,Clinic,ericmfeit@aol.com,torrance@precisionfoot.com,NULL,(310) 791-1087,2025-02-12 18:02:41,Precision Foot & Ankle Centers-Torrance,0,No,NULL,0,NULL,NULL,NULL,0,NULL,NULL,0,Active,1,Active,(310) 791-1092,NULL,NULL,https://www.precisionfootandanklecenters.com
13435,Encinitas,NULL,NULL,NULL,100 Smart Ct,NULL,BILL TO,92024,NULL,CA,NULL,2,Clinic,seasidefootandankle@gmail.com,collinsmithdpm@gmail.com,NULL,(858) 485-1515,2025-02-12 18:02:41,"Seaside Foot and Ankle, Inc",0,No,NULL,0,NULL,NULL,E5E02ECB-7580-E811-81EC-005056995B7E,0,"Collin Smith, DPM","Collin Smith, DPM",0,Active,1,Active,(858) 485-1494,NULL,NULL,https://www.seasidefootandankle.com/
13436,El Monte,United States,NULL,NULL,10516 Lower Azusa Rd.,NULL,MAIN,91731,NULL,CA,NULL,NULL,NULL,NULL,chiudpm@yahoo.com,NULL,(626) 443-2027,2025-02-12 18:02:41,"Chiu, DPM/ Yu-Chin",0,No,NULL,0,NULL,NULL,8C21C8B2-A780-E811-81EC-005056995B7E,0,"Yu-Chin Chiu, DPM","Yu-Chin Chiu, DPM",0,Active,1,Active,(626) 443-2020,NULL,NULL,NULL
13425,Pittsburgh,NULL,NULL,NULL,995 Greentree Rd,NULL,MAIN,15220,NULL,PA,NULL,2,Clinic,NULL,chajnosz@gmail.com,NULL,(412) 563-0740,2025-02-12 18:02:40,Foot and Ankle Associates,0,No,NULL,0,NULL,NULL,NULL,0,NULL,NULL,0,Active,1,Active,(412) 563-1440,NULL,NULL,http://footandanklepgh.com/
13426,Bellingham,United States,NULL,NULL,2517 Lake Whatcom Blvd,NULL,MAIN,98229,NULL,WA,NULL,1,Sole Practitioner,NULL,darylpt@comcast.net,NULL,NULL,2025-02-12 18:02:40,"Smith, PT/ Daryl (Personal Account)",0,No,NULL,0,NULL,NULL,NULL,0,NULL,NULL,0,Active,1,Active,(425) 283-7433,NULL,NULL,http://www.advantagemultisport.com/
13427,Wixom,NULL,NULL,NULL,1123 Parkview Ct,NULL,BILL TO,48393,NULL,MI,NULL,2,Clinic,NULL,longevityhealthinstitute@yahoo.com,NULL,NULL,2025-02-12 18:02:40,Longevity Health Institute,0,No,NULL,0,NULL,NULL,NULL,0,NULL,NULL,0,Active,1,Active,(248) 289-6643,NULL,NULL,NULL
13428,Salt Lake City,NULL,NULL,NULL,"6360 S 3000th E, Ste 100",NULL,MAIN,84121,NULL,UT,NULL,2,Clinic,NULL,NULL,NULL,(801) 365-1033,2025-02-12 18:02:40,Foothill Family Clinic,0,No,NULL,0,NULL,NULL,NULL,0,NULL,NULL,0,Active,1,Active,(801) 365-1032,NULL,NULL,NULL
13604,Reno,NULL,NULL,NULL,"309 Kirman Ave, Ste A",NULL,MAIN,89502,NULL,NV,NULL,NULL,NULL,NULL,abilityofnv@gmail.com,NULL,(775) 333 0831,2025-02-12 18:02:55,Ability P & O of Nevada,0,No,NULL,0,NULL,NULL,NULL,0,NULL,NULL,0,Active,1,Active,(775) 333 9255,NULL,NULL,NULL
13605,Yokohama,NULL,NULL,Mozutto Clinic,GLP Ayase,5F Shinyokohama No. 3 Tosho Bldg,NULL,222-0033,NULL,Kanagawa-ken,NULL,2,Clinic,cs-nwpl@nwpl-jp.com,impact@yk.rim.or.jp,NULL,+81-467-84-9713,2025-02-12 18:02:55,Impact Trading - Mozutto,0,No,795F2927-FF12-4727-9722-322B7E869737,0,Impact Trading Co. Ltd.,NULL,NULL,0,NULL,NULL,0,Active,1,Active,+81-467-84-9712,NULL,NULL,NULL
13606,Kerrville,NULL,NULL,NULL,PO BOX 291768,NULL,BILL TO,78029,NULL,TX,NULL,1,Sole Practitioner,NULL,fishdpm@aol.com,NULL,(210) 692-9529,2025-02-12 18:02:55,Hill Country Foot Surgeons,0,No,NULL,0,NULL,NULL,NULL,0,NULL,NULL,0,Active,1,Active,(210) 616-0819,NULL,NULL,http://www.txfoot.com
13607,Yokohama,NULL,NULL,GLP Ayase,5F Shinyokohama No. 3 Tosho Bldg,NULL,BILL TO,222-0033,Shoemart Isesakimiyako,Kanagawa-ken,NULL,2,Clinic,cs-nwpl@nwpl-jp.com,impact@yk.rim.or.jp,NULL,+81-467-84-9713,2025-02-12 18:02:55,Impact Trading - Shoemart Isesakimiyako,0,No,795F2927-FF12-4727-9722-322B7E869737,0,Impact Trading Co. Ltd.,NULL,NULL,0,NULL,NULL,0,Active,1,Active,+81-467-84-9712,NULL,NULL,NULL
13608,Yokohama,NULL,NULL,GLP Ayase,5F Shinyokohama No. 3 Tosho Bldg,NULL,BILL TO,222-0033,Shoemart Ina,Kanagawa-ken,NULL,2,Clinic,cs-nwpl@nwpl-jp.com,impact@yk.rim.or.jp,NULL,+81-467-84-9713,2025-02-12 18:02:56,Impact Trading - Shoemart Ina,0,No,795F2927-FF12-4727-9722-322B7E869737,0,Impact Trading Co. Ltd.,NULL,NULL,0,NULL,NULL,0,Active,1,Active,+81-467-84-9712,NULL,NULL,NULL
13609,Yokohama,NULL,NULL,GLP Ayase,5F Shinyokohama No. 3 Tosho Bldg,NULL,BILL TO,222-0033,Shoemart Nagaoka MM,Kanagawa-ken,NULL,2,Clinic,cs-nwpl@nwpl-jp.com,impact@yk.rim.or.jp,NULL,+81-467-84-9713,2025-02-12 18:02:56,Impact Trading - Shoemart Nagaoka MM,0,No,795F2927-FF12-4727-9722-322B7E869737,0,Impact Trading Co. Ltd.,NULL,NULL,0,NULL,NULL,0,Active,1,Active,+81-467-84-9712,NULL,NULL,NULL
13610,Yokohama,NULL,NULL,GLP Ayase,5F Shinyokohama No. 3 Tosho Bldg,NULL,BILL TO,222-0033,Shoemart Sakudaira,Kanagawa-ken,NULL,2,Clinic,cs-nwpl@nwpl-jp.com,impact@yk.rim.or.jp,NULL,+81-467-84-9713,2025-02-12 18:02:56,Impact Trading - Shoemart Sakudaira,0,No,795F2927-FF12-4727-9722-322B7E869737,0,Impact Trading Co. Ltd.,NULL,NULL,0,NULL,NULL,0,Active,1,Active,+81-467-84-9712,NULL,NULL,NULL
13699,Fort Worth,NULL,NULL,NULL,2901 Acme Brick Plz,NULL,MAIN,76109,NULL,TX,NULL,2,Clinic,kkiser@osmifw.com,kkiser@osmifw.com,NULL,(817) 529-1910,2021-08-09 12:21:10,The Orthopedic and Sports Medicine Institute,0,No,NULL,0,NULL,NULL,NULL,0,NULL,NULL,0,Active,1,Active,(817) 529-1900,NULL,NULL,http://www.osmifw.com
13700,Yokohama,NULL,NULL,Date Clinic,5F Shinyokohama No. 3 Tosho Bldg,NULL,BILL TO,222-0033,NULL,Kanagawa-ken,NULL,2,Clinic,cs-nwpl@nwpl-jp.com,impact@yk.rim.or.jp,NULL,+81-467-84-9713,2025-02-12 18:03:03,Impact Trading - Date Clinic,0,No,795F2927-FF12-4727-9722-322B7E869737,0,Impact Trading Co. Ltd.,NULL,NULL,0,NULL,NULL,0,Active,1,Active,+81-467-84-9712,NULL,NULL,NULL
13701,Yokohama,NULL,NULL,GLP Ayase,5F Shinyokohama No. 3 Tosho Bldg,NULL,BILL TO,222-0033,Growce,Kanagawa-ken,NULL,2,Clinic,cs-nwpl@nwpl-jp.com,impact@yk.rim.or.jp,NULL,+81-467-84-9713,2025-02-12 18:03:03,Impact Trading - Growce,0,No,795F2927-FF12-4727-9722-322B7E869737,0,Impact Trading Co. Ltd.,NULL,NULL,0,NULL,NULL,0,Active,1,Active,+81-467-84-9712,NULL,NULL,NULL
13702,Kamloops,NULL,NULL,NULL,546 St. Paul Street,NULL,MAIN,V1S 1W2,NULL,BC,NULL,1,Sole Practitioner,lehmann.dpm@gmail.com,lehmann.dpm@gmail.com,NULL,(250) 851-9301,2025-02-12 18:03:03,"Lehmann, DPM/ Sean",0,No,NULL,0,NULL,NULL,NULL,0,NULL,NULL,0,Active,1,Active,(250) 374-7495,NULL,NULL,https://www.interiorpodiatry.ca/
13703,Fort Worth,NULL,NULL,Trinity Foot & Ankle Specialists,"5801 Oakbend Trl, Ste 140",NULL,MAIN,76132,NULL,TX,NULL,2,Clinic,NULL,garydriver12@gmail.com,NULL,NULL,2025-02-12 18:03:03,"Driver, DPM/ Gary",0,No,8700B64A-E312-E611-955C-005056995B7E,0,Trinity Foot & Ankle Specialists,NULL,NULL,0,NULL,NULL,0,Active,1,Active,(817) 377-3668,NULL,NULL,NULL
13704,Yakima,NULL,NULL,NULL,"2006 W Lincoln Ave, Ste A",NULL,MAIN,98902,NULL,WA,NULL,1,Sole Practitioner,NULL,mdkane.pt@gmail.com,NULL,(509) 573-4824,2025-02-12 18:03:03,Pro-Motion Physical Therapy,0,No,NULL,0,NULL,NULL,NULL,0,NULL,NULL,0,Active,1,Active,(509) 573-4816,NULL,NULL,NULL
13705,Gainesville,NULL,NULL,NULL,6420 W. Newberry Rd. Ste 210,NULL,MAIN,32605,NULL,FL,NULL,1,Sole Practitioner,footdoc89@gmail.com,footdoc89@gmail.com,NULL,(352) 525-2794,2025-02-12 18:03:03,North Florida Foot & Ankle Specialists,0,No,NULL,0,NULL,NULL,01D948F1-AB1F-EC11-839A-005056995B7E,0,"Joshua Epstein, DPM","Joshua Epstein, DPM",0,Active,1,Active,(914) 320-3556,NULL,NULL,http://www.northflfootankle.com
13706,Great Falls,NULL,NULL,NULL,158 Sunflower Ln.,NULL,MAIN,59404,NULL,MT,NULL,1,Sole Practitioner,ginapainter@benefis.org,ginapainter@benefis.org,NULL,NULL,2025-02-12 18:03:03,"Painter, DPM / Gina M.",0,No,NULL,0,NULL,NULL,NULL,0,NULL,NULL,0,Active,1,Active,(406) 231-2702,NULL,NULL,NULL
13707,Yokohama,NULL,NULL,GLP Ayase,5F Shinyokohama No. 3 Tosho Bldg,NULL,BILL TO,222-0033,"KAMO Trading Co., Ltd.",Kanagawa-ken,NULL,4,Distributor,cs-nwpl@nwpl-jp.com,impact@yk.rim.or.jp,NULL,+81-467-84-9713,2025-02-12 18:03:03,Impact Trading - KAMO Umeda,0,No,795F2927-FF12-4727-9722-322B7E869737,0,Impact Trading Co. Ltd.,NULL,720ABA9A-C438-EC11-839A-005056995B7E,0,Minnow,Minnow,0,Active,1,Active,+81-467-84-9712,NULL,NULL,NULL
13708,Yokohama,NULL,NULL,GLP Ayase,5F Shinyokohama No. 3 Tosho Bldg,NULL,BILL TO,222-0033,Lafino,Kanagawa-ken,NULL,4,Distributor,cs-nwpl@nwpl-jp.com,impact@yk.rim.or.jp,NULL,+81-467-84-9713,2025-02-12 18:03:03,Impact Trading - Lafino,0,No,795F2927-FF12-4727-9722-322B7E869737,0,Impact Trading Co. Ltd.,NULL,NULL,0,NULL,NULL,0,Active,1,Active,+81-467-84-9712,NULL,NULL,NULL
13709,Yokohama,NULL,NULL,GLP Ayase,5F Shinyokohama No. 3 Tosho Bldg,NULL,BILL TO,222-0033,Body Mapping,Kanagawa-ken,NULL,4,Distributor,cs-nwpl@nwpl-jp.com,impact@yk.rim.or.jp,NULL,+81-467-84-9713,2025-02-12 18:03:04,Impact Trading - Body Mapping,0,No,795F2927-FF12-4727-9722-322B7E869737,0,Impact Trading Co. Ltd.,NULL,NULL,0,NULL,NULL,0,Active,1,Active,+81-467-84-9712,NULL,NULL,NULL
13710,Portland,NULL,NULL,NULL,7435 SW Capitol Hwy,NULL,MAIN,97219,NULL,OR,NULL,2,Clinic,donn.lifestyles@gmail.com,NULL,NULL,(503) 239-1694,2025-02-12 18:03:04,Lifestyles Physical Therapy,0,No,NULL,0,NULL,NULL,NULL,0,NULL,NULL,0,Active,1,Active,(503) 235-3386,NULL,NULL,http://www.lifestylespt.com
13712,Baton Rouge,NULL,NULL,Baton Rouge Foot Care,4630 Bluebonnet Blvd,NULL,MAIN,70809,NULL,LA,NULL,1,Sole Practitioner,NULL,brfcsurgery@outlook.com,NULL,(225) 763-7773,2025-02-12 18:03:04,"Richardson, DPM/ Clif",0,No,NULL,0,NULL,NULL,NULL,0,NULL,NULL,0,Active,1,Active,(225) 763-7770,NULL,NULL,NULL
13713,Yokohama,NULL,NULL,GLP Ayase,5F Shinyokohama No. 3 Tosho Bldg,NULL,BILL TO,222-0033,Apple Yokohama,Kanagawa-ken,NULL,2,Clinic,cs-nwpl@nwpl-jp.com,impact@yk.rim.or.jp,NULL,+81-467-84-9713,2023-09-27 08:12:01,Impact Trading - Apple Yokahama,0,No,795F2927-FF12-4727-9722-322B7E869737,0,Impact Trading Co. Ltd.,NULL,NULL,0,NULL,NULL,0,Active,1,Active,+81-467-84-9712,NULL,NULL,NULL
13714,Yokohama,NULL,NULL,GLP Ayase,5F Shinyokohama No. 3 Tosho Bldg,NULL,BILL TO,222-0033,Shin Clinic,Kanagawa-ken,NULL,2,Clinic,cs-nwpl@nwpl-jp.com,impact@yk.rim.or.jp,NULL,+81-467-84-9713,2025-02-12 18:03:04,Impact Trading - Shin Clinic,0,No,795F2927-FF12-4727-9722-322B7E869737,0,Impact Trading Co. Ltd.,NULL,NULL,0,NULL,NULL,0,Active,1,Active,+81-467-84-9712,NULL,NULL,NULL
13715,Lewiston,NULL,NULL,NULL,"1630 23rd Ave, Ste 1001",NULL,MAIN,83501,NULL,ID,NULL,1,Sole Practitioner,corybrowndpm@gmail.com,NULL,NULL,(208) 549-7278,2025-02-12 18:03:04,"Brown, DPM/ Cory A.",0,No,NULL,0,NULL,NULL,NULL,0,NULL,NULL,0,Active,1,Active,(208) 743-9339,NULL,NULL,http://www.corybrowndpm.com
13716,Quincy,NULL,NULL,NULL,1065 Bucks Lake Rd.,NULL,MAIN,95971,NULL,CA,NULL,3,Hospital,accountspayable@pdh.org,NULL,NULL,(530) 283-0674,2025-02-12 18:03:04,Plumas District Hospital,0,No,NULL,0,NULL,NULL,NULL,0,NULL,NULL,0,Active,1,Active,(530) 283-7964,NULL,NULL,NULL
13717,Rapid City,NULL,NULL,NULL,"811 East St Andrew St, Ste 1",NULL,MAIN,57701,NULL,SD,NULL,1,Sole Practitioner,tomr134@gmail.com,NULL,NULL,(605) 653-2558,2025-02-12 18:03:04,"Ries, DPM/Tom",0,No,NULL,0,NULL,NULL,NULL,0,NULL,NULL,0,Active,1,Active,(605) 719-1339,NULL,NULL,NULL
13718,Laval,NULL,NULL,NULL,3333 100 Ave.,NULL,MAIN,H7T 0G3,NULL,QC,NULL,2,Clinic,NULL,anthonycareccia@gmail.com,NULL,(450) 875-0929,2025-02-12 18:03:04,Clinique Podiatrique de Laval Inc.,0,No,NULL,0,NULL,NULL,NULL,0,NULL,NULL,0,Active,1,Active,(450) 669-3772,NULL,NULL,http://www.Cliniquepodiatriquedelaval.com
13719,Cleburne,NULL,NULL,NULL,2010 W. Katherine P Raines Rd.,Suite 300,MAIN,76033,NULL,TX,NULL,2,Clinic,tmorgan@chisholmtrailorthopedics.com,bmooredpm@chisholmtrailorthopedics.com,NULL,(817) 645-9845,2025-02-12 18:03:04,Chisholm Trail Orthopedics,0,No,NULL,0,NULL,NULL,26D023B8-BD48-EC11-839A-005056995B7E,0,"Braden Moore, DPM","Braden Moore, DPM",0,Active,1,Active,(817) 556-8387,NULL,NULL,https://www.chisholmtrailorthopedics.com/
13720,San Bernardino,NULL,NULL,NULL,"1762 N. Waterman Ave, #B",NULL,MAIN,92404,NULL,CA,NULL,2,Clinic,tania@pacificcoastpodiatry.net,NULL,NULL,(909) 886-5542,2025-02-12 18:03:05,Pacific Coast Podiatry,0,No,NULL,0,NULL,NULL,7D3B2CD5-7054-EC11-839A-005056995B7E,0,"Clayton Johnsen, DPM","Clayton Johnsen, DPM",0,Active,1,Active,(909) 886-3668,NULL,NULL,https://www.pacificcoastpodiatry.net/
13721,Katy,NULL,NULL,NULL,21524 Kingsland Blvd,NULL,MAIN,77450,NULL,TX,NULL,2,Clinic,NULL,drsburdge@gmail.com,NULL,(281) 829-1239,2025-02-12 18:03:05,Advanced Ankle & Foot,0,No,NULL,0,NULL,NULL,NULL,0,NULL,NULL,0,Active,1,Active,(281) 829-9315,NULL,NULL,http://www.katyfoot.com
13722,Bozeman,NULL,NULL,NULL,"1125 W Kagy Blvd, #101",NULL,MAIN,59715,NULL,MT,NULL,2,Clinic,NULL,bozemanpodiatricclinic@gmail.com,NULL,(406) 586-1635,2025-02-12 18:03:05,Bozeman Podiatric Clinic,0,No,NULL,0,NULL,NULL,NULL,0,NULL,NULL,0,Active,1,Active,(406) 586-5318,NULL,NULL,http://bozemanpodiatricclinic.com
13723,Bellaire,NULL,NULL,NULL,5959 West Loop S,NULL,MAIN,77401,NULL,TX,NULL,1,Sole Practitioner,drvanessabarrow@soleaesthetictx.com,NULL,NULL,(713) 666-8659,2025-02-12 18:03:05,"Sole Aesthetic, LLC",0,No,NULL,0,NULL,NULL,NULL,0,NULL,NULL,0,Active,1,Active,(713) 666-9934,NULL,NULL,http://www.soleaesthetictx.com
13551,Bellingham,NULL,NULL,NULL,"2075 Barkley Blvd, Ste 220",NULL,MAIN,98226,NULL,WA,NULL,2,Clinic,admin@nwfai.com,admin@nwfai.com,NULL,(360) 933-4526,2025-02-12 18:02:51,Northwest Foot and Ankle Institute,0,No,NULL,0,NULL,NULL,NULL,0,NULL,NULL,0,Active,1,Active,(360) 933-4813,NULL,NULL,http://northwestfai.com
13552,Bad Vigaun,NULL,NULL,NULL,Bretttsteinweg 191,NULL,MAIN,5424,NULL,Austria,NULL,4,Distributor,info@more-hohensinn.com,franz@more-hohensinn.com,NULL,NULL,2025-02-12 18:02:51,More Hohensinn gmbH,0,No,NULL,0,NULL,NULL,NULL,0,NULL,NULL,0,Active,1,Active,43624577385,NULL,NULL,https://www.more-hohensinn.com/
13553,Yokohama,NULL,NULL,GLP Ayase,5F Shinyokohama No. 3 Tosho Bldg,NULL,BILL TO,222-0033,"Sudachi Co., Ltd",Kanagawa-ken,NULL,4,Distributor,cs-nwpl@nwpl-jp.com,impact@yk.rim.or.jp,NULL,+81-467-84-9713,2025-02-12 18:02:51,"Impact Trading - Sudachi Co., Ltd",0,No,795F2927-FF12-4727-9722-322B7E869737,0,Impact Trading Co. Ltd.,NULL,NULL,0,NULL,NULL,0,Active,1,Active,+81-467-84-9712,NULL,NULL,NULL
13555,Muncie,NULL,NULL,Central Indiana Orthopedics,3600 W Bethel Ave,NULL,MAIN,47304,NULL,IN,NULL,2,Clinic,deborah_robertson@ciocenter.com,matthew.dewitt@ciocenter.com,NULL,(765) 751-1974,2025-02-12 18:02:51,OrthoAlliance of Indiana,0,No,NULL,0,NULL,NULL,NULL,0,NULL,NULL,0,Active,1,Active,(765) 284-7738,NULL,NULL,https://ciocenter.com/
13556,Indian Harbour Beach,NULL,NULL,NULL,"2020 N Hwy A1A, Ste 101",NULL,MAIN,32937,NULL,FL,NULL,2,Clinic,practicemanager@coastandsole.com,NULL,NULL,(321) 777-4788,2025-02-12 18:02:52,Coast & Sole Foot and Ankle Specialists,0,No,NULL,0,NULL,NULL,NULL,0,NULL,NULL,0,Active,1,Active,(321) 777-4774,NULL,NULL,https://coastandsole.com/
13557,Auburn,NULL,NULL,NULL,"11720 Education St, Ste 5",NULL,MAIN,95602,NULL,CA,NULL,2,Clinic,NULL,NULL,NULL,(530) 823-9119,2025-02-12 18:02:52,Auburn/Grass Valley Orthopaedic Specialists,0,No,NULL,0,NULL,NULL,NULL,0,NULL,NULL,0,Active,1,Active,(530) 885-9191,NULL,NULL,NULL
13912,Yokohama,NULL,NULL,GLP AYASE,5F Shinyokohama No. 3 Tosho Bldg,NULL,BILL TO,222-0033,NULL,Kanagawa-ken,NULL,2,Clinic,cs-nwpl@nwpl-jp.com,impact@yk.rim.or.jp,NULL,+81-467-84-9713,2025-02-12 18:03:21,Impact Trading - Shoemart Tsukubakenkyugakuen,0,No,795F2927-FF12-4727-9722-322B7E869737,0,Impact Trading Co. Ltd.,NULL,NULL,0,NULL,NULL,0,Active,1,Active,+81-467-84-9712,NULL,NULL,NULL
13913,Yokohama,NULL,NULL,GLP AYASE,5F Shinyokohama No. 3 Tosho Bldg,NULL,BILL TO,222-0033,NULL,Kanagawa-ken,NULL,2,Clinic,cs-nwpl@nwpl-jp.com,impact@yk.rim.or.jp,NULL,+81-467-84-9713,2025-02-12 18:03:21,Impact Trading - Shoemart Koufusyouwa,0,No,795F2927-FF12-4727-9722-322B7E869737,0,Impact Trading Co. Ltd.,NULL,NULL,0,NULL,NULL,0,Active,1,Active,+81-467-84-9712,NULL,NULL,NULL
13914,Wilmington,NULL,NULL,NULL,1518 Portsmouth Place,NULL,MAIN,28411,NULL,NC,NULL,1,Sole Practitioner,dockgb32@gmail.com,dockgb32@gmail.com,NULL,NULL,2025-02-12 18:03:21,"Kevin Bachman, DPM",0,No,NULL,0,NULL,NULL,NULL,0,NULL,NULL,0,Active,1,Active,(910) 200-0600,NULL,NULL,http://www.summitpodiatry.com
13915,Kingstree,NULL,NULL,NULL,308 Logan Street,NULL,MAIN,29556,NULL,SC,NULL,1,Sole Practitioner,blockosu@gmail.com,blockosu@gmail.com,NULL,NULL,2025-02-12 18:03:21,"Alan Block, DPM, MS",0,No,NULL,0,NULL,NULL,NULL,0,NULL,NULL,0,Active,1,Active,(614) 975-7266,NULL,NULL,NULL
13916,Elwood,NULL,NULL,NULL,1601 Main St,NULL,BILL TO,46036,NULL,IN,NULL,2,Clinic,pamela.haig@rmpi.org,Pamela.Haig@rmpi.org,NULL,(765) 319-0511,2025-02-12 18:03:21,The Robert Palmer MD Institute of BioMechanics,0,No,NULL,0,NULL,NULL,NULL,0,NULL,NULL,0,Active,1,Active,(317) 872-3074,NULL,NULL,NULL
13917,Saint Joseph,NULL,NULL,"Pivotal Foot and Ankle Surgeons, LLC","1005 W St Maartens Dr, Ste A",NULL,BILL TO,64506,NULL,MO,NULL,2,Clinic,nicole@pivotalfootandankle.com,nicole@pivotalfootandankle.com,NULL,(816) 364-1003,2025-02-12 18:03:21,"Pivotal Foot and Ankle Surgeons, LLC",0,No,NULL,0,NULL,NULL,NULL,0,NULL,NULL,0,Active,1,Active,(816) 364-2338,NULL,NULL,http://www.pivotalfootandankle.com
13918,Toronto,NULL,NULL,Dr. Hartley Miltchin,"4430 Bathurst St, Ste. 503",NULL,MAIN,M3H 3S3,NULL,ON,NULL,1,Sole Practitioner,doctortoe@aol.com,doctortoe@aol.com,NULL,NULL,2025-02-12 18:03:21,Accent On Feet,0,No,NULL,0,NULL,NULL,NULL,0,NULL,NULL,0,Active,1,Active,(866) 535-8637,NULL,NULL,http://doctortoe@aol.com
13919,Appleton,NULL,NULL,NULL,"1301 E Northland Ave, Ste.B",NULL,MAIN,54911,NULL,WI,NULL,2,Clinic,belen@newfootandankle.com,Marilou@newfootandankle.com,NULL,(920) 731-3729,2025-02-12 18:03:21,Northeast Wisconsin Foot and Ankle Associates,0,No,NULL,0,NULL,NULL,NULL,0,NULL,NULL,0,Active,1,Active,(920) 702-5484,NULL,NULL,http://www.newfootandankle.com
13922,Ladera Ranch,NULL,NULL,NULL,"333 Corporate Dr, Ste 230",NULL,BILL TO,92694,NULL,CA,NULL,2,Clinic,NULL,rjspencer11@gmail.com,NULL,(949) 364-9250,2025-02-12 18:03:22,Southern California Foot and Ankle Specialists - Orange,0,No,160C4FE1-E175-EF11-84FB-005056995B7E,0,Southern California Foot & Ankle Specialists,NULL,NULL,0,NULL,NULL,0,Active,1,Active,(949) 364-9255,NULL,NULL,http://www.socalfootandankle.com
13309,Sacramento,NULL,NULL,Capital Foot & Ankle,"3800 J St, Ste 200",NULL,BILL TO,95816,NULL,CA,NULL,2,Clinic,NULL,DrAdams@capitalfootankle.com,NULL,(916) 454-4359,2025-02-12 18:02:30,"Ross, DPM/ Barbara E.",0,No,31690229-F213-DE11-86E0-0019B9B8224A,0,Capital Foot & Ankle,NULL,NULL,0,NULL,NULL,0,Active,1,Active,(916) 453-8900,NULL,NULL,http://www.capitalfootankle.com/
13310,Walnut Creek,NULL,NULL,NULL,2625 Shadelands Dr,NULL,BILL TO,94598,NULL,CA,NULL,2,Clinic,ap@goldenstateortho.com,NULL,NULL,(510) 486-2333,2025-02-12 18:02:30,Golden State Orthopedics & Spine,0,No,NULL,0,NULL,NULL,NULL,0,NULL,NULL,0,Active,1,Active,(510) 238-1200,NULL,NULL,http://www.websterorthopedics.com
13317,Yokohama,NULL,NULL,GLP Ayase,5F Shinyokohama No. 3 Tosho Bldg,NULL,BILL TO,222-0033,Ishii Judo Clinic,Kanagawa-ken,NULL,2,Clinic,cs-nwpl@nwpl-jp.com,impact@yk.rim.or.jp,NULL,NULL,2025-02-12 18:02:31,Impact Trading - Ishii Judo Clinic,0,No,795F2927-FF12-4727-9722-322B7E869737,0,Impact Trading Co. Ltd.,NULL,NULL,0,NULL,NULL,0,Active,1,Active,+81-467-84-9712,NULL,NULL,NULL
13318,Yokohama,NULL,NULL,GLP Ayase,5F Shinyokohama No. 3 Tosho Bldg,NULL,BILL TO,222-0033,Asago Fujii Orthopedic Clinic,Kanagawa-ken,NULL,4,Distributor,cs-nwpl@nwpl-jp.com,impact@yk.rim.or.jp,NULL,+81-467-84-9713,2025-02-12 18:02:31,Impact Trading - Asago Fujii Orthopedic Clinic,0,No,795F2927-FF12-4727-9722-322B7E869737,0,Impact Trading Co. Ltd.,NULL,NULL,0,NULL,NULL,0,Active,1,Active,+81-467-84-9712,NULL,NULL,NULL
13319,Yokohama,NULL,NULL,GLP Ayase,5F Shinyokohama No. 3 Tosho Bldg,NULL,BILL TO,222-0033,Fluriru Mukawa,Kanagawa-ken,NULL,2,Clinic,cs-nwpl@nwpl-jp.com,impact@yk.rim.or.jp,NULL,NULL,2025-02-12 18:02:31,Impact Trading - Fluriru Mukawa,0,No,795F2927-FF12-4727-9722-322B7E869737,0,Impact Trading Co. Ltd.,NULL,NULL,0,NULL,NULL,0,Active,1,Active,+81-467-84-9712,NULL,NULL,NULL
13320,Yokohama,NULL,NULL,GLP Ayase,5F Shinyokohama No. 3 Tosho Bldg,NULL,BILL TO,222-0033,Itou Clinic,Kanagawa-ken,NULL,2,Clinic,cs-nwpl@nwpl-jp.com,NULL,NULL,+81-467-84-9713,2025-02-12 18:02:31,Impact Trading - Itou Clinic,0,No,795F2927-FF12-4727-9722-322B7E869737,0,Impact Trading Co. Ltd.,NULL,NULL,0,NULL,NULL,0,Active,1,Active,+81-467-84-9712,NULL,NULL,NULL
13321,Ridgecrest,United States,NULL,NULL,1081 N China Lake Blvd,NULL,BILL TO,93555,.,CA,NULL,NULL,NULL,box547603@gopayablesmailroom.com,george.rivello@rrh.org,NULL,(760) 499-3249,2025-02-12 18:02:31,Ridgecrest Regional Hospital,0,No,NULL,0,NULL,NULL,D802775D-A48D-E711-864D-005056995B7E,0,"George Rivello, DPM","George Rivello, DPM",0,Active,1,Active,(760) 446-0121,NULL,NULL,NULL
13222,Pleasanton,NULL,NULL,NULL,"3958 Valley Ave, Ste H",NULL,BILL TO,94566,NULL,CA,NULL,NULL,NULL,invoices@totalcareortho.com,wes@restoreoandp.com,NULL,(209) 408-8130,2025-02-12 18:02:23,Restore Orthotics and Prosthetics,0,No,NULL,0,NULL,NULL,0F8B8AE1-0860-E611-868F-005056995B7E,0,Wes Eacret,Wes Eacret,0,Active,1,Active,(209) 846-3148,NULL,NULL,http://restoreoandp.com
13223,Issaquah,NULL,NULL,NULL,"22510 SE 64th PL, Bldg F 120",NULL,MAIN,98027,NULL,WA,NULL,NULL,NULL,NULL,footandanklecenterkirkland@gmail.com,NULL,(800) 554-8144,2025-02-12 18:02:23,The Foot and Ankle Center,0,No,NULL,0,NULL,NULL,NULL,0,NULL,NULL,0,Active,1,Active,(425) 947-2880,NULL,NULL,http://www.issaquahpodiatrist.com
13224,Portland,NULL,NULL,NULL,506 NE 49th Ave,NULL,MAIN,97213,NULL,OR,NULL,1,Sole Practitioner,NULL,drjohn@barnesfootandankle.com,NULL,NULL,2025-02-12 18:02:23,Barnes Foot and Ankle,0,No,NULL,0,NULL,NULL,NULL,0,NULL,NULL,0,Active,1,Active,(503) 297-2222,NULL,NULL,http://barnesfootandankle.com/
13908,Lewistown,NULL,NULL,NULL,408 Wendell Ave,NULL,MAIN,59457,NULL,MT,NULL,2,Clinic,acctspayable@cmmccares.com,acauffman@cmmccares.com,NULL,(406) 535-1529,2024-07-16 09:37:55,Central Montana Medical Center,0,No,NULL,0,NULL,NULL,NULL,0,NULL,NULL,0,Active,1,Active,(406) 535-6268,NULL,NULL,http://www.cmmc.health
13909,San Dimas,NULL,NULL,NULL,627 E Foothill Blvd,NULL,MAIN,91773,NULL,CA,NULL,2,Clinic,valley.orthopedic1@gmail.com,valley.orthopedic1@gmail.com,NULL,NULL,2025-02-12 18:03:21,Valley Orthopedic Medical Associates,0,No,NULL,0,NULL,NULL,NULL,0,NULL,NULL,0,Active,1,Active,(909) 599-0881,NULL,NULL,http://www.valleyortho.net
13910,Albert Lea,NULL,NULL,NULL,1340 W Main St,NULL,MAIN,56007,NULL,MN,NULL,2,Clinic,Office@albertleachiropractic.com,Office@albertleachiropractic.com,NULL,(507) 377-7103,2025-02-12 18:03:21,Albert Lea Chiropractic & Massage,0,No,NULL,0,NULL,NULL,NULL,0,NULL,NULL,0,Active,1,Active,(507) 377-3780,NULL,NULL,http://www.albertleachiropractic.com
13911,New York,NULL,NULL,NULL,"385 5th Ave, Ste.1410",NULL,MAIN,10016,NULL,NY,NULL,2,Clinic,Danny@arkfoot.com,Danny@arkfoot.com,NULL,(212) 504-8237,2024-07-24 15:29:10,"Ark Podiatry Group, PLLC",0,No,NULL,0,NULL,NULL,NULL,0,NULL,NULL,0,Active,1,Active,(212) 284-6868,NULL,NULL,NULL
13404,Rocklin,NULL,NULL,NULL,PO Box 2288,NULL,BILL TO,95677,NULL,CA,NULL,2,Clinic,NULL,drcwilkes@hotmail.com,NULL,(916) 435-5231,2025-02-12 18:02:38,"Wilkes, DPM/ Craig",0,No,NULL,0,NULL,NULL,NULL,0,NULL,NULL,0,Active,1,Active,(916) 435-5200,NULL,NULL,http://www.drcwilkes.com
13405,Durango,NULL,NULL,.,"575 Rivergate Ln, Ste 105",NULL,BILL TO,81301,NULL,CO,NULL,2,Clinic,accountspayable@animasfootandankle.com,NULL,NULL,(844) 270-1483,2025-02-12 18:02:38,Animas Foot and Ankle,0,No,NULL,0,NULL,NULL,NULL,0,NULL,NULL,0,Active,1,Active,(505) 326-2255,NULL,NULL,NULL
13406,Norwood,United States,NULL,NULL,PO Box 997,NULL,BILL TO,81423,NULL,CO,NULL,NULL,NULL,dougavery51@gmail.com,NULL,NULL,NULL,2025-02-12 18:02:38,"Avery, PT/ Douglas",0,No,NULL,0,NULL,NULL,9D6B6BDA-EB47-E811-87E7-005056995B7E,0,"Doug Avery, PT","Doug Avery, PT",0,Active,1,Active,(970) 327-0161,NULL,NULL,NULL
13407,Raleigh,NULL,NULL,NULL,3801 Wake Forest Rd  Ste 100,NULL,MAIN,27069,NULL,NC,NULL,NULL,NULL,accountspayable@footandankle-usa.com,NULL,NULL,(314) 965-1296,2025-02-12 18:02:38,Mid-West Podiatry Associates,0,No,NULL,0,NULL,NULL,NULL,0,NULL,NULL,0,Active,1,Active,(314) 821-8855,NULL,NULL,http://www.missourifootcare.com/
13408,Springfield,United States,NULL,NULL,PO Box 10386,NULL,BILL TO,65808,NULL,MO,NULL,2,Clinic,apinvoices@mercy.net,Evan.Lord@Mercy.Net,NULL,NULL,2025-02-12 18:02:38,Mercy Therapy Services,0,No,C1E16459-F8FA-DE11-AF67-000C29EC1EE3,0,Mercy Clinic Springfield Communities,NULL,59A204A6-0C4F-E811-87E7-005056995B7E,0,"Evan Lord, DPT","Evan Lord, DPT",0,Active,1,Active,(417) 820-2160,NULL,NULL,http://www.mercy.net
13409,Frankfort,NULL,NULL,NULL,"5 Physicians Park Dr, Ste 3",NULL,MAIN,40601,NULL,KY,NULL,2,Clinic,frankfortfoot@yahoo.com,frijokeo@yahoo.com,NULL,(502) 227-4442,2025-02-12 18:02:38,Frankfort Foot Clinic,0,No,NULL,0,NULL,NULL,CD68DD5F-E34F-E811-87E7-005056995B7E,0,"John Fricker, DPM","John Fricker, DPM",0,Active,1,Active,(502) 227-7569,NULL,NULL,http://www.frankfortfootclinic.com/
13410,Port Townsend,NULL,NULL,NULL,343 43rd St,NULL,MAIN,98368,NULL,WA,NULL,1,Sole Practitioner,sarahg59@gmail.com,sarahg59@gmail.com,NULL,NULL,2025-02-12 18:02:39,Physical Therapy Consulting,0,No,NULL,0,NULL,NULL,NULL,0,NULL,NULL,0,Active,1,Active,(360) 531-1144,NULL,NULL,NULL
13411,Portland,NULL,NULL,NULL,9310 SE Stark St,NULL,MAIN,97216,NULL,OR,NULL,2,Clinic,NULL,cascade205pt@gmail.com,NULL,(503) 255-1560,2025-02-12 18:02:39,Cascade 205 Orthopedic & Sports PT,0,No,NULL,0,NULL,NULL,49FBCAFB-BA53-E811-87E7-005056995B7E,0,"Julie McAllister, MSPT","Julie McAllister, MSPT",0,Active,1,Active,(503) 255-1500,NULL,NULL,http://pdxpt.com
13414,Tinley Park,NULL,NULL,NULL,8906 Golden Pheasant Dr,NULL,MAIN,60487,NULL,IL,NULL,NULL,NULL,NULL,NULL,NULL,NULL,2025-02-12 18:02:39,"Morreale, DPM/ Phillip",0,No,NULL,0,NULL,NULL,NULL,0,NULL,NULL,0,Active,1,Active,(708) 904-4080,NULL,NULL,NULL
13283,Yakima,NULL,NULL,NULL,"210 S 72nd Ave, Ste 130",NULL,BILL TO,98908,NULL,WA,NULL,2,Clinic,NULL,rjacobs@taipt.com,NULL,(509) 453-2057,2025-02-12 18:02:27,Therapeutic Assoc.-West Valley Physical Therapy,0,No,NULL,0,NULL,NULL,NULL,0,NULL,NULL,0,Active,1,Active,(509) 453-3103,NULL,NULL,http://www.therapeuticassociates.com
13284,Chico,NULL,NULL,NULL,9 Governors Ln,NULL,MAIN,95926,NULL,CA,NULL,2,Clinic,bertha@elitebiomechanicaldesign.com,mike@elitebiomechanicaldesign.com,NULL,(530) 894-6915,2025-02-12 18:02:27,Elite Biomechanical Design,0,No,NULL,0,NULL,NULL,NULL,0,NULL,NULL,0,Active,1,Active,(530) 894-6913,NULL,NULL,http://www.elitebiomechanicaldesign.com
13286,Temple,NULL,NULL,Prosthetic & Sensory Aides Service,1901 S 1st St,Bldg 163,BILL TO,76504,Prosthetics Treatment Center (674/121),TX,NULL,3,Hospital,tam@nwpodiatric.com,NULL,NULL,(512) 823-4478,2025-02-12 18:02:27,VA/ Central Texas Health Care System,0,No,NULL,0,NULL,NULL,NULL,0,NULL,NULL,0,Active,1,Active,(254) 743-2149,NULL,NULL,NULL
13288,Binghamton,NULL,NULL,NULL,PO BOX 5215,NULL,BILL TO,13902,NULL,NY,NULL,2,Clinic,ap@nyuhs.org,Pat_Kazmark@uhs.org,NULL,(607) 763-5140,2025-02-12 18:02:27,United Health Services Podiatry,0,No,5CF66C8D-4B67-DF11-B50C-000C29EC1EE3,0,United Health Services Podiatry,NULL,NULL,0,NULL,NULL,0,Active,1,Active,(607) 763-5071,NULL,NULL,http://www.uhs.net/?id=505&sid=1
13488,Milford,NULL,NULL,NULL,518 Route 6 & 209,NULL,MAIN,18337,NULL,PA,NULL,2,Clinic,NULL,footfracture@gmail.com,NULL,(855) 495-0993,2025-02-12 18:02:45,Frankel Foot and Ankle Center,0,No,NULL,0,NULL,NULL,NULL,0,NULL,NULL,0,Active,1,Active,(570) 409-0123,NULL,NULL,https://frankelfoot.com/
13623,Boscobel,NULL,NULL,NULL,205 Parker St,NULL,MAIN,53805,NULL,WI,NULL,3,Hospital,NULL,NULL,NULL,(608) 375-6230,2025-02-12 18:02:57,Gundersen Boscobel Area Hospital and Clinics,0,No,NULL,0,NULL,NULL,NULL,0,NULL,NULL,0,Active,1,Active,(608) 375-6266,NULL,NULL,http://www.gundersenhealth.org/boscobel/hospital/
13625,San Antonio,NULL,NULL,NULL,"4007 McCullough, Ste. 486",NULL,BILLING,78212,NULL,TX,NULL,2,Clinic,NULL,athomefootcaresatx@gmail.com,NULL,(210) 598-7278,2025-02-12 18:02:57,"At Home Foot Care, PLLC",0,No,NULL,0,NULL,NULL,NULL,0,NULL,NULL,0,Active,1,Active,(210) 852-2427,NULL,NULL,NULL
13793,Forest Hills,NULL,NULL,NULL,6310 108th ST,NULL,MAIN,11375,NULL,NY,NULL,2,Clinic,NULL,surgerypod@aol.com,NULL,(718) 896-3088,2025-02-12 18:03:11,"Mehl, DPM / David C.",0,No,NULL,0,NULL,NULL,NULL,0,NULL,NULL,0,Active,1,Active,(718) 896-1650,NULL,NULL,NULL
13794,Miami,NULL,NULL,NULL,"7500 NW 25 St, Ste 112",NULL,MAIN,33122,NULL,FL,NULL,2,Clinic,angeloze08@gmail.com,drblanco31@gmail.com,NULL,(866) 525-2269,2025-02-12 18:03:11,"Blanco, DPM / Christopher J.",0,No,NULL,0,NULL,NULL,715B813E-FB2D-ED11-8A82-005056995B7E,0,"Christopher Blanco, DPM","Christopher Blanco, DPM",0,Active,1,Active,(305) 264-2632,NULL,NULL,https://www.blancofootcare.com/
13795,Corvallis,NULL,NULL,NULL,"6735 SW Country Club Dr, Ste 104",NULL,MAIN,97333,NULL,OR,NULL,2,Clinic,thriverehabpt@outlook.com,thriverehabpt@outlook.com,NULL,(541) 243-5771,2025-02-12 18:03:11,Thrive Physical Therapy,0,No,NULL,0,NULL,NULL,NULL,0,NULL,NULL,0,Active,1,Active,(541) 243-5770,NULL,NULL,http://thriverehabpt.com
13796,Columbus,United States,NULL,NULL,1151 W 5th Ave,NULL,MAIN,43212,NULL,OH,NULL,2,Clinic,bhern@amerortho.com,NULL,NULL,(614) 291-2874,2025-02-12 18:03:11,American Orthopedics,0,No,NULL,0,NULL,NULL,A5565A74-9530-ED11-8A82-005056995B7E,0,John Watroba,John Watroba,0,Active,1,Active,(614) 291-6454,NULL,NULL,http://www.amerortho.com
13797,Mandeville,NULL,NULL,NULL,224 Coffee St,NULL,MAIN,70448,NULL,LA,NULL,1,Sole Practitioner,NULL,QKenneth@bellsouth.net,NULL,NULL,2022-09-13 13:13:04,"Quick, DPM / Kenneth (personal acct)",0,No,NULL,0,NULL,NULL,NULL,0,NULL,NULL,0,Active,1,Active,(985) 630-1557,NULL,NULL,NULL
13798,Yokohama,NULL,NULL,Rideal,GLP Ayase,NULL,BILL TO,222-0033,NULL,Kanagawa-ken,NULL,2,Clinic,cs-nwpl@nwpl-jp.com,impact@yk.rim.or.jp,NULL,+81-467-84-9713,2025-02-12 18:03:11,Impact Trading - Rideal,0,No,795F2927-FF12-4727-9722-322B7E869737,0,Impact Trading Co. Ltd.,NULL,NULL,0,NULL,NULL,0,Active,1,Active,+81-467-84-9712,NULL,NULL,NULL
13799,Rexburg,NULL,NULL,NULL,PO Box 848,NULL,BILL TO,83440,NULL,ID,NULL,2,Clinic,Accounts.Payable@madisonhealth.org,eric.barton@madisonhealth.org,NULL,(208) 286-4647,2025-02-12 18:03:11,Madison Foot and Ankle,0,No,NULL,0,NULL,NULL,NULL,0,NULL,NULL,0,Active,1,Active,(208) 359 1400,NULL,NULL,https://madisonhealth.org/
13800,Yokohama,NULL,NULL,GLP Ayase,5F Shinyokohama No. 3 Tosho Bldg,NULL,BILL TO,222-0033,Neutralworks  Ebisu,Kanagawa-ken,NULL,2,Clinic,cs-nwpl@nwpl-jp.com,impact@yk.rim.or.jp,NULL,+81-467-84-9713,2025-02-12 18:03:11,Impact Trading - Neutralworks Ebisu,0,No,795F2927-FF12-4727-9722-322B7E869737,0,Impact Trading Co. Ltd.,NULL,NULL,0,NULL,NULL,0,Active,1,Active,+81-467-84-9712,NULL,NULL,NULL
13801,Ferndale,United States,NULL,NULL,"3055 Hilton Rd, Ste C",NULL,MAIN,48220,NULL,MI,NULL,2,Clinic,rita@advantagefoot.com,info@advantagefoot.com,NULL,(248) 965-2912,2025-02-12 18:03:11,Advantage Foot & Ankle Specialists,0,No,NULL,0,NULL,NULL,36E2B4DD-474B-ED11-8A82-005056995B7E,0,"Jonathan Leach, C.O., C.Ped","Jonathan Leach, C.O., C.Ped",0,Active,1,Active,(248) 965-2927,NULL,NULL,NULL
13802,Yokohama,NULL,NULL,GLP Ayase,5F Shinyokohama No. 3 Tosho Bldg,NULL,BILL TO,222-0033,Shoemart Sanjyo,Kanagawa-ken,NULL,2,Clinic,cs-nwpl@nwpl-jp.com,impact@yk.rim.or.jp,NULL,+81-467-84-9713,2025-02-12 18:03:11,Impact Trading - Shoemart Sanjyo,0,No,795F2927-FF12-4727-9722-322B7E869737,0,Impact Trading Co. Ltd.,NULL,NULL,0,NULL,NULL,0,Active,1,Active,+81-467-84-9712,NULL,NULL,NULL
13803,Pueblo,NULL,NULL,NULL,21 Montebello Rd,NULL,MAIN,81001,NULL,CO,NULL,2,Clinic,NULL,itrpt@comcast.net,NULL,(719) 546-0039,2022-10-18 11:19:13,"Institute for Total Rehabilitation, LLC",0,No,NULL,0,NULL,NULL,NULL,0,NULL,NULL,0,Active,1,Active,(719) 546-0037,NULL,NULL,http://itrpt.com
13804,Roseville,NULL,NULL,Sutter Health Palo Alto Medical Foundation,Attn: Danik Sumisaki,PO Box 619110,BILL TO,95661,NULL,CA,NULL,2,Clinic,S3vendorinvoices@sutterhealth.org.,megan.ishibashi@sutterhealth.org,NULL,(650) 853-2912,2024-05-03 13:58:08,"PAMF - Ishibashi, DPM/ Megan",0,No,82BA8F2E-90FC-DE11-AF67-000C29EC1EE3,0,Sutter Health - PAMF,NULL,NULL,0,NULL,NULL,0,Active,1,Active,(650) 853-2986,NULL,NULL,https://www.sutterhealth.org/pamf/services/podiatric
13805,Somers,NULL,NULL,NULL,PO Box 532,NULL,BILL TO,10589,NULL,NY,NULL,1,Sole Practitioner,NULL,johnnyodpm@yahoo.com,NULL,(914) 276-3807,2025-02-12 18:03:11,Somers Podiatry,0,No,NULL,0,NULL,NULL,94BF52CE-F859-ED11-8A82-005056995B7E,0,"John M. O'Hanlon, DPM","John M. O'Hanlon, DPM",0,Active,1,Active,(914) 276-3718,NULL,NULL,https://www.armonksomerspodiatry.com/
13538,Aptos,United States,NULL,NULL,9500 Soquel Dr  #A,NULL,MAIN,95003,NULL,CA,NULL,2,Clinic,drtea@pacificpointpodiatry.com,drtea@pacificpointpodiatry.com,NULL,(831) 288-3405,2025-02-12 18:02:50,"Pacific Point Podiatry, Inc.",0,No,NULL,0,NULL,NULL,313A7479-91A2-E911-8AFE-005056995B7E,0,"Tea Nguyen, DPM","Tea Nguyen, DPM",0,Active,1,Active,(831) 708-1110,NULL,NULL,https://831feet.com/
13539,Yokohama,NULL,NULL,GLP Ayase,5F Shinyokohama No. 3 Tosho Bldg,NULL,BILL TO,222-0033,"Nanbu Co., Ltd",Kanagawa-ken,NULL,4,Distributor,cs-nwpl@nwpl-jp.com,impact@yk.rim.or.jp,NULL,+81-467-84-9713,2025-02-12 18:02:50,"Impact Trading - Nanbu Co., Ltd",0,No,795F2927-FF12-4727-9722-322B7E869737,0,Impact Trading Co. Ltd.,NULL,NULL,0,NULL,NULL,0,Active,1,Active,+81-467-84-9712,NULL,NULL,NULL
13540,Roseville,NULL,NULL,Sutter Health Palo Alto Medical Foundation,ATTN: Danik Sumisaki,NULL,BILL TO,95661,NULL,CA,NULL,2,Clinic,S3vendorinvoices@sutterhealth.org,NULL,NULL,(650) 652-8701,2025-02-12 18:02:50,"PAMF - Lawrence M. Oloff, DPM",0,No,82BA8F2E-90FC-DE11-AF67-000C29EC1EE3,0,Sutter Health - PAMF,NULL,NULL,0,NULL,NULL,0,Active,1,Active,(650) 652-7060,NULL,NULL,https://www.sutterhealth.org/pamf/services/podiatric
13541,Grandville,NULL,NULL,NULL,PO Box 164,NULL,BILL TO,49418,NULL,MI,NULL,2,Clinic,NULL,grandvillefootandankle@gmail.com,NULL,(616) 534-0801,2025-02-12 18:02:50,Grandville Foot and Ankle P.C.,0,No,NULL,0,NULL,NULL,NULL,0,NULL,NULL,0,Active,1,Active,(616) 534-3920,NULL,NULL,https://www.grandvillefootcare.com/
13542,Yokohama,NULL,NULL,GLP Ayase,5F Shinyokohama No. 3 Tosho Bldg,NULL,BILL TO,222-0033,BiNI Nerima,Kanagawa-ken,NULL,4,Distributor,cs-nwpl@nwpl-jp.com,impact@yk.rim.or.jp,NULL,+81-467-84-9713,2025-02-12 18:02:51,Impact Trading - BiNI Nerima,0,No,795F2927-FF12-4727-9722-322B7E869737,0,Impact Trading Co. Ltd.,NULL,NULL,0,NULL,NULL,0,Active,1,Active,+81-467-84-9712,NULL,NULL,NULL
13543,Vacaville,NULL,NULL,NULL,"600 Nut Tree Rd, Ste 110",NULL,MAIN,95687,NULL,CA,NULL,2,Clinic,sarahlmina@gmail.com,s.mina@integrativefootandankle.com,NULL,(707) 241-4117,2025-02-12 18:02:51,Integrative Foot and Ankle Center,0,No,NULL,0,NULL,NULL,NULL,0,NULL,NULL,0,Active,1,Active,(707) 241-4116,NULL,NULL,http://www.integrativefootandankle.com
13544,Corvallis,NULL,NULL,NULL,2865 NW 29th St,NULL,BILL TO,97330,NULL,OR,NULL,2,Clinic,NULL,NULL,NULL,(541) 286-4485,2025-02-12 18:02:51,"Oregon Physical Therapy at Timberhill, LLC",0,No,NULL,0,NULL,NULL,NULL,0,NULL,NULL,0,Active,1,Active,(503) 528-6864,NULL,NULL,http://orphysicaltherapy.com
13459,Yokohama,NULL,NULL,GLP Ayase,5F Shinyokohama No. 3 Tosho Bldg,NULL,BILL TO,222-0033,Fukuoka Wajiro Hospital,Kanagawa-ken,NULL,2,Clinic,cs-nwpl@nwpl-jp.com,impact@yk.rim.or.jp,NULL,+81-467-84-9713,2025-02-12 18:02:43,Impact Trading - Fukuoka Wajiro Hospital,0,No,795F2927-FF12-4727-9722-322B7E869737,0,Impact Trading Co. Ltd.,NULL,NULL,0,NULL,NULL,0,Active,1,Active,+81-467-84-9712,NULL,NULL,NULL
13460,Wooster,United States,NULL,NULL,"365 Riffel Rd, Ste A",NULL,MAIN,44691,NULL,OH,NULL,2,Clinic,NULL,jeffrey.wunning@gmail.com,NULL,(330) 345-7793,2025-02-12 18:02:43,Foot & Ankle Center of Ohio,0,No,NULL,0,NULL,NULL,9627EF43-B3B6-E811-8B00-005056995B7E,0,"Jeanna Fascione, DPM","Jeanna Fascione, DPM",0,Active,1,Active,(330) 345-5500,NULL,NULL,http://www.footankledr.com/
13461,Tustin,United States,NULL,NULL,"17400 Irvine Blvd, Ste H",NULL,MAIN,92780,NULL,CA,NULL,NULL,NULL,NULL,podiatrists@sbcglobal.net,NULL,(714) 832-0554,2025-02-12 18:02:43,Tustin Podiatry Clinic,0,No,NULL,0,NULL,NULL,764290E3-85B7-E811-8B00-005056995B7E,0,"Charles Baik, DPM","Charles Baik, DPM",0,Active,1,Active,(714) 832-7212,NULL,NULL,https://www.tustinpodiatryclinic.com/
13462,Barton,NULL,NULL,NULL,69 Truesdale Rd,NULL,BILL TO,13734,NULL,NY,NULL,NULL,NULL,NULL,NULL,NULL,NULL,2025-02-12 18:02:43,"Nichols, DPM/ Shari (personal acct)",0,No,NULL,0,NULL,NULL,NULL,0,NULL,NULL,0,Active,1,Active,(607) 772-8772,NULL,NULL,NULL
13421,Polson,NULL,NULL,NULL,"48901 Hwy 93, Ste B",NULL,MAIN,59860,NULL,MT,NULL,1,Sole Practitioner,NULL,lanesboots@hotmail.com,NULL,NULL,2025-02-12 18:02:40,Lane's Boot & Shoe Repair,0,No,NULL,0,NULL,NULL,NULL,0,NULL,NULL,0,Active,1,Active,(406) 883-5263,NULL,NULL,NULL
13422,Omaha,United States,NULL,NULL,3346 N 108th St,NULL,MAIN,68164,NULL,NE,NULL,NULL,NULL,jennan@midplainspodiatry.com,midplainspodiatry@gmail.com,NULL,(402) 315-4343,2025-02-12 18:02:40,Mid Plains Podiatry PC,0,No,NULL,0,NULL,NULL,9969E3AE-EC64-E811-8C18-005056995B7E,0,"Nathan Penney, DPM","Nathan Penney, DPM",0,Active,1,Active,(402) 315-4344,NULL,NULL,http://mid-plainspodiatry.com/
13423,Los Angeles,NULL,NULL,NULL,"266 S. Harvard Blvd, Ste 370",NULL,MAIN,90004,NULL,CA,NULL,2,Clinic,NULL,ryudpm@gmail.com,NULL,(213) 947-1688,2025-02-12 18:02:40,LA Family Foot & Ankle,0,No,NULL,0,NULL,NULL,0A59E72B-DC68-E811-8C18-005056995B7E,0,"Serra Ryu, DPM","Serra Ryu, DPM",0,Active,1,Active,(213) 352-4320,NULL,NULL,NULL
13424,Yokohama,NULL,NULL,GLP Ayase,5F Shinyokohama No. 3 Tosho Bldg,NULL,BILL TO,222-0033,Misono Shinkyuin,Kanagawa-ken,NULL,2,Clinic,cs-nwpl@nwpl-jp.com,impact@yk.rim.or.jp,NULL,+81-467-84-9713,2025-02-12 18:02:40,Impact Trading - Misono Shinkyuin,0,No,795F2927-FF12-4727-9722-322B7E869737,0,Impact Trading Co. Ltd.,NULL,NULL,0,NULL,NULL,0,Active,1,Active,+81-467-84-9712,NULL,NULL,NULL
13678,Spokane,NULL,NULL,NULL,4815 N Assembly St.,NULL,MAIN,99205,NULL,WA,NULL,200000,VA,NULL,NULL,NULL,(509) 434-7107,2025-02-12 18:03:01,VA/ Mann-Granstaff VA Medical Center,0,No,NULL,0,NULL,NULL,NULL,0,NULL,NULL,0,Active,1,Active,(509) 434-7726,NULL,NULL,https://www.spokane.va.gov/services/podiatry.asp
13679,Pismo Beach,NULL,NULL,Five Cities Foot Clinic,"911 Oak Park Blvd, Ste 106",NULL,MAIN,93449,NULL,CA,NULL,2,Clinic,NULL,byroncollierdpm@5cfa.org,NULL,(805) 481-9199,2025-02-12 18:03:01,"Collier, DPM/ Byron",0,No,1E90B736-8323-4FA2-89C4-871D6F5D9574,0,Five Cities Foot Clinic,NULL,NULL,0,NULL,NULL,0,Active,1,Active,(805) 245-2466,NULL,NULL,http://www.fivecitiesfootclinic.com
13680,La Canada,NULL,NULL,NULL,"1346 Foothill Blvd, Ste 101",NULL,MAIN,91011,NULL,CA,NULL,1,Sole Practitioner,NULL,dscpt.lc@gmail.com,NULL,(818) 790-9732,2025-02-12 18:03:01,DSC Physical Therapy Inc,0,No,NULL,0,NULL,NULL,NULL,0,NULL,NULL,0,Active,1,Active,(818) 790-3001,NULL,NULL,http://www.dscpt.com
13681,Kennewick,United States,NULL,NULL,8200 Gage Blvd,NULL,MAIN,99336,NULL,WA,NULL,2,Clinic,Annen@bfsa.com,Derrickm502@gmail.com,NULL,(509) 586-2525,2025-02-12 18:03:01,Benton Franklin Orthopedic Associates,0,No,NULL,0,NULL,NULL,44ABB3D8-7DBD-EB11-8E52-005056995B7E,0,"Derrick McKay, DPM","Derrick McKay, DPM",0,Active,1,Active,(509) 586-2828,NULL,NULL,https://bfoaonline.com/
13682,Griffin,NULL,NULL,NULL,730 S 8th St.,NULL,MAIN,30224,NULL,GA,NULL,2,Clinic,ashli@hensonfoot.com,mhenson@hensonfoot.com,NULL,(770) 228-5769,2025-02-12 18:03:01,Field Foot & Ankle Clinic,0,No,NULL,0,NULL,NULL,NULL,0,NULL,NULL,0,Active,1,Active,(770) 228-6644,NULL,NULL,https://www.fieldfootandankle.com/
13683,Sioux Falls,NULL,NULL,NULL,3534 S. Western Ave.,NULL,MAIN,57105,NULL,SD,NULL,1,Sole Practitioner,NULL,fmfoas@gmail.com,NULL,(605) 274-0139,2025-02-12 18:03:02,Fit My Feet Orthotics & Shoes,0,No,NULL,0,NULL,NULL,NULL,0,NULL,NULL,0,Active,1,Active,(605) 274-9994,NULL,NULL,http://www.fitmyfeet.com
13250,Salt Lake City,NULL,NULL,VA SLC HCS (660/121),500 Foothill Blvd,NULL,MAIN,84148,NULL,UT,NULL,200000,VA,NULL,NULL,NULL,(801) 588-5917,2025-02-12 18:02:25,VA/ Salt Lake City VA Medical Center (640/121),0,No,NULL,0,NULL,NULL,NULL,0,NULL,NULL,0,Active,1,Active,(801) 582-1565,NULL,NULL,NULL
13251,Cudahy,NULL,NULL,NULL,4614 S Packard Ave,NULL,MAIN,53110,NULL,WI,NULL,1,Sole Practitioner,NULL,jfishstore@hotmail.com,NULL,(414) 449-1987,2025-02-12 18:02:26,"Fischer, DPM/ Jeffrey",0,No,NULL,0,NULL,NULL,5D284B1D-49D8-E611-8EB1-005056995B7E,0,"Jeffrey A. Fischer, DPM","Jeffrey A. Fischer, DPM",0,Active,1,Active,(414) 449-3338,(414) 449-1987,NULL,http://www.fischerpodiatry.com/
13252,Fort Worth,NULL,NULL,NULL,1712 Pennsylvania Ave,NULL,MAIN,76104,NULL,TX,NULL,NULL,NULL,NULL,footdocsorok@gmail.com,NULL,(817) 877-5782,2025-02-12 18:02:26,"Sorokolit Podiatry, PLLC",0,No,NULL,0,NULL,NULL,1B683FDA-4DD8-E611-8EB1-005056995B7E,0,"Mike Sorokolit, DPM","Mike Sorokolit, DPM",0,Active,1,Active,(817) 877-5781,NULL,NULL,https://www.sorokolitpodiatry.com/home.html
13253,Dallas,NULL,NULL,"Extremity Healthcare, Inc.",PO Box 108,NULL,BILL TO,30132,NULL,GA,NULL,2,Clinic,APayable@vpcenters.com,NULL,NULL,(770) 932-2752,2025-02-12 18:02:26,"Village Podiatry Centers, P.C.",0,No,00B6100E-ACB5-DD11-8B3E-0019B9B8224A,0,"Village Podiatry Centers, P.C.",NULL,NULL,0,NULL,NULL,0,Active,1,Active,(770) 614-5554,NULL,NULL,http://www.villagepodiatrycenters.com/location/village-podiatry-at-canton/
13255,Massapequa,NULL,NULL,Island Family Medicine PC,20 Unqua Rd,NULL,MAIN,11758,NULL,NY,NULL,1,Sole Practitioner,NULL,handz32@aol.com,NULL,(631) 789-8505,2025-02-12 18:02:26,"Ferrara, DO/ Catherine",0,No,NULL,0,NULL,NULL,NULL,0,NULL,NULL,0,Active,1,Active,(516) 590-4475,NULL,NULL,http://www.drferrarasoffice.com
13258,Bellingham,NULL,NULL,NULL,"520 Birchwood Ave, Ste A",NULL,MAIN,98225,NULL,WA,NULL,2,Clinic,marianne@bhamfac.com,nathan@larsondpm.com,NULL,(360) 676-8941,2025-02-12 18:02:26,Bellingham Foot and Ankle Clinic,0,No,NULL,0,NULL,NULL,09CFE374-FFF9-E611-8EB1-005056995B7E,0,"Nathan Larson, DPM","Nathan Larson, DPM",0,Active,1,Active,(360) 734-3668,NULL,NULL,http://www.bellinghamfootandankle.com/
13259,Naples,NULL,NULL,NULL,"1333 3rd Ave S, Ste 504",NULL,MAIN,34102,NULL,FL,NULL,2,Clinic,NULL,kellymalinoski@gmail.com,NULL,(239) 260-5183,2025-02-12 18:02:26,"Malinoski, DPM/ Kelly",0,No,NULL,0,NULL,NULL,NULL,0,NULL,NULL,0,Active,1,Active,(239) 260-5181,NULL,NULL,http://www.podiatristofnaples.com
13634,Yokohama,NULL,NULL,GLP Ayase,5F Shinyokohama No. 3 Tosho Bldg,NULL,BILL TO,222-0033,Shoemart Footcare,Kanagawa-ken,NULL,2,Clinic,cs-nwpl@nwpl-jp.com,impact@yk.rim.or.jp,NULL,+81-467-84-9713,2025-02-12 18:02:57,Impact Trading - Shoemart Footcare,0,No,795F2927-FF12-4727-9722-322B7E869737,0,Impact Trading Co. Ltd.,NULL,NULL,0,NULL,NULL,0,Active,1,Active,+81-467-84-9712,NULL,NULL,NULL
13635,Plymouth,NULL,NULL,NULL,144 Highland Street,NULL,MAIN,03264,NULL,NH,NULL,2,Clinic,NULL,info@lakepodiatry.com,NULL,(603) 536-1056,2025-02-12 18:02:57,"Lake Podiatry, P.A.",0,No,NULL,0,NULL,NULL,NULL,0,NULL,NULL,0,Active,1,Active,(603) 536-4563,NULL,NULL,http://www.lakepodiatry.com
13636,Vancouver,NULL,NULL,NULL,"601 SE 117th Ave, Ste 240",NULL,MAIN,98683,NULL,WA,NULL,2,Clinic,NULL,ankleandfootps@gmail.com,NULL,(888) 568-4875,2025-02-12 18:02:58,Ankle and Foot Physicians and Surgeons,0,No,NULL,0,NULL,NULL,NULL,0,NULL,NULL,0,Active,1,Active,(360) 524-2979,NULL,NULL,http://www.ankleandfootphysicians.com/
13637,Scottsdale,NULL,NULL,NULL,9070 E. Desert Cove Ave.,NULL,MAIN,85260,NULL,AZ,NULL,2,Clinic,NULL,info@arizonafootdoctors.com,NULL,(480) 661-4834,2025-02-12 18:02:58,Arizona Foot Doctors,0,No,NULL,0,NULL,NULL,NULL,0,NULL,NULL,0,Active,1,Active,(480) 661-7572,NULL,NULL,NULL
13638,Snoqualmie,NULL,NULL,NULL,34627 SE Swenson Drive #101,NULL,MAIN,98065,NULL,WA,NULL,2,Clinic,NULL,colyn.nouv@gmail.com,NULL,(425) 434-3024,2024-11-01 12:22:27,Snoqualmie Foot and Ankle Clinic,0,No,NULL,0,NULL,NULL,NULL,0,NULL,NULL,0,Active,1,Active,(425) 434-4851,NULL,NULL,http://SnoqualmieFootandAnkleClinic.com
13639,San Francisco,NULL,NULL,NULL,"1700 Beach Street, Apt. 103",NULL,BILLING,94123,NULL,CA,NULL,1,Sole Practitioner,NULL,megan.e.hom@gmail.com,NULL,(415) 353-6594,2025-02-12 18:02:58,Orthopedic & Sports Medicine at Saint Francis Memorial Hospital,0,No,NULL,0,NULL,NULL,NULL,0,NULL,NULL,0,Active,1,Active,(415) 857-9542,NULL,NULL,NULL
13640,Hackensack,NULL,NULL,Foot & Ankle Therapy,"20 Prospect Ave, Ste 803",NULL,BILLING,07601,NULL,NJ,NULL,2,Clinic,NULL,anklefootdoc@optonline.net,NULL,(201) 488-9292,2025-02-12 18:02:58,Fort Lee Podiatry,0,No,NULL,0,NULL,NULL,NULL,0,NULL,NULL,0,Active,1,Active,(201) 488-3668,NULL,NULL,NULL
13641,Miami,NULL,NULL,NULL,1201 NW 16th St,NULL,BILL TO,33125,NULL,FL,NULL,200000,VA,NULL,NULL,NULL,NULL,2025-02-12 18:02:58,VA/ Miami VA Medical Center,0,No,NULL,0,NULL,NULL,NULL,0,NULL,NULL,0,Active,1,Active,(786) 956-5374,NULL,NULL,NULL
13642,Yokohama,NULL,NULL,GLP Ayase,5F Shinyokohama No. 3 Tosho Bldg,NULL,BILL TO,222-0033,Complex Field No.1,Kanagawa-ken,NULL,2,Clinic,cs-nwpl@nwpl-jp.com,impact@yk.rim.or.jp,NULL,+81-467-84-9713,2025-02-12 18:02:58,Impact Trading - Complex Field No.1,0,No,795F2927-FF12-4727-9722-322B7E869737,0,Impact Trading Co. Ltd.,NULL,NULL,0,NULL,NULL,0,Active,1,Active,+81-467-84-9712,NULL,NULL,NULL
13644,Naples,NULL,NULL,NULL,"3466 Pine Ridge Road, Ste A",NULL,MAIN,34109,NULL,FL,NULL,2,Clinic,NULL,mmarchionni@jointreplacementinstitute.net,NULL,(239) 262-5633,2025-02-12 18:02:58,Joint Replacement Institute,0,No,NULL,0,NULL,NULL,NULL,0,NULL,NULL,0,Active,1,Active,(239) 261-2663,NULL,NULL,http://jointinstitutefl.com
13645,Yokohama,NULL,NULL,GLP Ayase,5F Shinyokohama No. 3 Tosho Bldg,NULL,BILL TO,222-0033,Shoemart Maebashiyoshioka,Kanagawa-ken,NULL,4,Distributor,cs-nwpl@nwpl-jp.com,impact@yk.rim.or.jp,NULL,+81-467-84-9713,2025-02-12 18:02:58,Impact Trading - Shoemart Maebashiyoshioka,0,No,795F2927-FF12-4727-9722-322B7E869737,0,Impact Trading Co. Ltd.,NULL,NULL,0,NULL,NULL,0,Active,1,Active,+81-467-84-9712,NULL,NULL,NULL
13646,Yokohama,NULL,NULL,GLP Ayase,5F Shinyokohama No. 3 Tosho Bldg,NULL,BILL TO,222-0033,Complex Field No. 2,Kanagawa-ken,NULL,2,Clinic,cs-nwpl@nwpl-jp.com,impact@yk.rim.or.jp,NULL,+81-467-84-9713,2025-02-12 18:02:58,Impact Trading - Complex Field No. 2,0,No,795F2927-FF12-4727-9722-322B7E869737,0,Impact Trading Co. Ltd.,NULL,NULL,0,NULL,NULL,0,Active,1,Active,+81-467-84-9712,NULL,NULL,NULL
13647,Broomfield,NULL,NULL,NULL,16542 Prospect Lane,NULL,MAIN,80023,NULL,CO,NULL,2,Clinic,Bw@catalystptandwellness.com,bw@catalystptandwellness.com,NULL,(619) 501-2176,2025-02-12 18:02:58,"Catalyst Physical Therapy & Wellness, Inc",0,No,NULL,0,NULL,NULL,NULL,0,NULL,NULL,0,Active,1,Active,(858) 752-8423,NULL,NULL,http://www.catalystptandwellness.com
13648,New Braunfels,NULL,NULL,NULL,1524 N. Walnut Ave.,NULL,MAIN,78130,NULL,TX,NULL,2,Clinic,office@nbpodiatry.com,jmorris@nbpodiatry.com,NULL,(830) 625-1672,2025-02-12 18:02:58,New Braunfels Podiatry Assoc.,0,No,NULL,0,NULL,NULL,NULL,0,NULL,NULL,0,Active,1,Active,(830) 625-1642,NULL,NULL,http://nbpodiatry.com
13649,Houston,NULL,NULL,NULL,"1900 North Loop W, Ste 180",NULL,MAIN,77018,NULL,TX,NULL,2,Clinic,rebecca.w@thvmg.com,rebecca.w@thvmg.com,NULL,(877) 559-7682,2025-02-12 18:02:58,Houston Cardiothoracic & Vein Surgeons,0,No,NULL,0,NULL,NULL,NULL,0,NULL,NULL,0,Active,1,Active,(281) 888-0809,NULL,NULL,http://THVMG.com
13650,Yokohama,NULL,NULL,GLP Ayase,5F Shinyokohama No. 3 Tosho Bldg,NULL,BILL TO,222-0033,Kikuchi Clinic,Kanagawa-ken,NULL,2,Clinic,cs-nwpl@nwpl-jp.com,impact@yk.rim.or.jp,NULL,+81-467-84-9713,2025-02-12 18:02:59,Impact Trading - Kikuchi Clinic,0,No,795F2927-FF12-4727-9722-322B7E869737,0,Impact Trading Co. Ltd.,NULL,NULL,0,NULL,NULL,0,Active,1,Active,+81-467-84-9712,NULL,NULL,NULL
13651,Yokohama,NULL,NULL,GLP Ayase,5F Shinyokohama No. 3 Tosho Bldg,NULL,BILL TO,222-0033,REWAHL,Kanagawa-ken,NULL,2,Clinic,cs-nwpl@nwpl-jp.com,impact@yk.rim.or.jp,NULL,+81-467-84-9713,2025-02-12 18:02:59,Impact Trading - REWAHL,0,No,795F2927-FF12-4727-9722-322B7E869737,0,Impact Trading Co. Ltd.,NULL,NULL,0,NULL,NULL,0,Active,1,Active,+81-467-84-9712,NULL,NULL,NULL
13652,Gilbert,NULL,NULL,NULL,3336 E. Chandler Heights Rd.,NULL,MAIN,85298,NULL,AZ,NULL,1,Sole Practitioner,NULL,corttney@sunvalleyfoot.com,NULL,(408) 245-7028,2025-02-12 18:02:59,Sun Valley Foot and Ankle,0,No,NULL,0,NULL,NULL,NULL,0,NULL,NULL,0,Active,1,Active,(408) 245-7027,NULL,NULL,http://sunvalleyfoot.com
13492,Sacramento,NULL,NULL,Capital Foot & Ankle,"3800 J St, Ste 200",NULL,MAIN,95816,NULL,CA,NULL,NULL,NULL,NULL,rppetty@me.com,NULL,(916) 782-3490,2025-02-12 18:02:46,"Petty, DPM/ Raymond",0,No,31690229-F213-DE11-86E0-0019B9B8224A,0,Capital Foot & Ankle,NULL,NULL,0,NULL,NULL,0,Active,1,Active,(916) 782-3444,NULL,NULL,http://www.capitalfootankle.com/
13493,Sacramento,NULL,NULL,Capital Foot & Ankle,"3800 J St, Ste 200",NULL,MAIN,95816,NULL,CA,NULL,2,Clinic,NULL,jkinchsulardpm@gmail.com,NULL,(916) 782-3490,2025-02-12 18:02:46,"Kinchsular, DPM/ James J.",0,No,31690229-F213-DE11-86E0-0019B9B8224A,0,Capital Foot & Ankle,NULL,NULL,0,NULL,NULL,0,Active,1,Active,(916) 782-3444,NULL,NULL,http://www.capitalfootankle.com/
13494,Akron,NULL,NULL,NULL,895 Home Ave,NULL,MAIN,44310,NULL,OH,NULL,5,Other,evan@stridelite.net,mhouskamrl@aol.com,NULL,NULL,2025-02-12 18:02:46,Medical Resources Limited,0,No,NULL,0,NULL,NULL,NULL,0,NULL,NULL,0,Active,1,Active,(330) 535-4700,NULL,NULL,http://stridelite.net
13495,Yokohama,NULL,NULL,GLP Ayase,5F Shinyokohama No. 3 Tosho Bldg,NULL,BILL TO,222-0033,Kur,Kanagawa-ken,NULL,2,Clinic,cs-nwpl@nwpl-jp.com,impact@yk.rim.or.jp,NULL,+81-467-84-9713,2025-02-12 18:02:46,Impact Trading - Kur,0,No,795F2927-FF12-4727-9722-322B7E869737,0,Impact Trading Co. Ltd.,NULL,NULL,0,NULL,NULL,0,Active,1,Active,+81-467-84-9712,NULL,NULL,NULL
13496,Eugene,United States,NULL,NULL,"825 W 7th Ave, Ste A",NULL,MAIN,97402,NULL,OR,NULL,1,Sole Practitioner,NULL,dr.jerry1986@gmail.com,NULL,(541) 484-2128,2025-02-12 18:02:47,Forever Fit Chiropractic,0,No,NULL,0,NULL,NULL,334C345F-C32F-E911-91FE-005056995B7E,0,"Jerry Evans, DC","Jerry Evans, DC",0,Active,1,Active,(541) 484-2225,NULL,NULL,http://www.foreverfitchiropractic.com
13497,Salisbury,NULL,NULL,NULL,"560 Riverside Dr, Ste A101",NULL,MAIN,21801,NULL,MD,NULL,2,Clinic,NULL,dr.kevinthomas@yahoo.com,NULL,NULL,2025-02-12 18:02:47,"Thomas, DPM PC/ Kevin",0,No,NULL,0,NULL,NULL,NULL,0,NULL,NULL,0,Active,1,Active,(410) 749-0121,NULL,NULL,http://www.delmarvapodiatry.com
13498,Yokohama,NULL,NULL,Shiroshita Yaegaki Clinic,GLP Ayase,5F Shinyokohama No. 3 Tosho Bldg,BILL TO,222-0033,NULL,Kanagawa-ken,NULL,2,Clinic,cs-nwpl@nwpl-jp.com,impact@yk.rim.or.jp,NULL,+81-467-84-9713,2025-02-12 18:02:47,Impact Trading - Shiroshita Yaegaki Clinic,0,No,795F2927-FF12-4727-9722-322B7E869737,0,Impact Trading Co. Ltd.,NULL,NULL,0,NULL,NULL,0,Active,1,Active,+81-467-84-9712,NULL,NULL,NULL
13398,Gassville,NULL,NULL,NULL,248 County Road 1173,NULL,MAIN,72635,NULL,AR,NULL,NULL,NULL,NULL,ozarkdox@hotmail.com,NULL,(870) 430-2031,2025-02-12 18:02:37,"Marston, DPM/ Ben",0,No,NULL,0,NULL,NULL,NULL,0,NULL,NULL,0,Active,1,Active,(870) 405-4428,NULL,NULL,NULL
13399,Corona,NULL,NULL,NULL,"1881 California Ave, Ste 102",NULL,MAIN,92881,NULL,CA,NULL,2,Clinic,NULL,NULL,NULL,NULL,2025-02-12 18:02:38,"Morrison, DPM/ Norris",0,No,NULL,0,NULL,NULL,NULL,0,NULL,NULL,0,Active,1,Active,(760) 242-4149,NULL,NULL,NULL
13400,Manteno,United States,NULL,NULL,2825 W Division St,NULL,MAIN,60950,.,IL,NULL,2,Clinic,NULL,primary@prairierockclinic.com,NULL,NULL,2025-02-12 18:02:38,Prairie-Rock Foot & Ankle,0,No,NULL,0,NULL,NULL,F8A0D530-7737-E811-9274-005056995B7E,0,"Elizabeth Hofmeister, DPM","Elizabeth Hofmeister, DPM",0,Active,1,Active,(815) 468-7117,NULL,NULL,http://www.prairierockclinic.com
13401,Fairbanks,NULL,NULL,NULL,"1405 Kellum St, Ste 200",NULL,MAIN,99701,NULL,AK,NULL,2,Clinic,NULL,info@fairbanksfootandankle.com,NULL,(907) 452-6256,2025-02-12 18:02:38,"Fairbanks Foot & Ankle, Inc.",0,No,NULL,0,NULL,NULL,NULL,0,NULL,NULL,0,Active,1,Active,(907) 451-9202,NULL,NULL,http://fairbanksfootandankle.com
13402,Bayside,NULL,NULL,NULL,PO Box 610406,NULL,BILL TO,11361,NULL,NY,NULL,NULL,NULL,NULL,greaterqueenspodiatry@hotmail.com,NULL,(718) 717-0275,2025-02-12 18:02:38,Greater Queens Podiatry PLLC,0,No,NULL,0,NULL,NULL,NULL,0,NULL,NULL,0,Active,1,Active,(718) 229-0222,NULL,NULL,http://www.greaterqueenspodiatry.com/
13403,Camas,NULL,NULL,NULL,19813 SE 4th Way,NULL,MAIN,98607,NULL,WA,NULL,1,Sole Practitioner,NULL,drdbr@comcast.net,NULL,NULL,2025-02-12 18:02:38,"Rutan, Douglas B. (personal acct)",0,No,NULL,0,NULL,NULL,NULL,0,NULL,NULL,0,Active,1,Active,(360) 903-2567,NULL,NULL,NULL
13724,Yokohama,NULL,NULL,GLP Ayase,5F Shinyokohama No. 3 Tosho Bldg,NULL,BILL TO,222-0033,Osada Clinic,Kanagawa-ken,NULL,2,Clinic,cs-nwpl@nwpl-jp.com,impact@yk.rim.or.jp,NULL,+81-467-84-9713,2025-02-12 18:03:05,Impact Trading - Osada Clinic,0,No,795F2927-FF12-4727-9722-322B7E869737,0,Impact Trading Co. Ltd.,NULL,NULL,0,NULL,NULL,0,Active,1,Active,+81-467-84-9712,NULL,NULL,NULL
13725,Yokohama,NULL,NULL,GLP Ayase,5F Shinyokohama No. 3 Tosho Bldg,NULL,BILL TO,222-0033,Fuuki,Kanagawa-ken,NULL,4,Distributor,cs-nwpl@nwpl-jp.com,impact@yk.rim.or.jp,NULL,+81-467-84-9713,2025-02-12 18:03:05,Impact Trading - Fuuki,0,No,795F2927-FF12-4727-9722-322B7E869737,0,Impact Trading Co. Ltd.,NULL,NULL,0,NULL,NULL,0,Active,1,Active,+81-467-84-9712,NULL,NULL,NULL
13726,Upland,NULL,NULL,Foot and Ankle Center,"984 W Foothill Blvd, #B",NULL,MAIN,91786,NULL,CA,NULL,2,Clinic,helen@drtepper.com,jdtdpm@aol.com,NULL,(909) 920-9810,2025-02-12 18:03:05,"Tepper, DPM/ Jan D.",0,No,NULL,0,NULL,NULL,A9605B2D-C861-EC11-939A-005056995B7E,0,"Jan D. Tepper, DPM","Jan D. Tepper, DPM",0,Active,1,Active,(909) 920-0884,NULL,NULL,https://inlandfootandankle.com/
13727,Akron,NULL,NULL,NULL,3593 S. Arlington Road,Suite C,BILL TO,44312,NULL,OH,NULL,1,Sole Practitioner,NULL,dctrkim13@aol.com,NULL,(330) 899-1057,2025-02-12 18:03:06,"Premier Foot & Ankle Care, LLC",0,No,NULL,0,NULL,NULL,NULL,0,NULL,NULL,0,Active,1,Active,(330) 899-1051,NULL,NULL,https://www.premierdpm.com/
13728,Lexington,NULL,NULL,NULL,"2700 Old Rosebud Rd, Ste 110",NULL,MAIN,40509,NULL,KY,NULL,2,Clinic,rob@lexpodiatry.com,drfreels@lexpodiatry.com,NULL,(859) 264-1963,2025-02-12 18:03:06,Lexington Podiatry,0,No,NULL,0,NULL,NULL,NULL,0,NULL,NULL,0,Active,1,Active,(859) 264-1141,NULL,NULL,http://www.lexingtonkypodiatry.com
13380,East Patchogue,NULL,NULL,NULL,"285 Sills Rd Bldg 15, Ste D",NULL,MAIN,11772,NULL,NY,NULL,2,Clinic,NULL,eastpatpodiatry@yahoo.com,NULL,(631) 654-8250,2024-11-01 12:25:24,Suffolk Foot and Ankle,0,No,NULL,0,NULL,NULL,NULL,0,NULL,NULL,0,Active,1,Active,(631) 654-5566,NULL,NULL,http://suffolkfootandankle.com/
13381,Middlebury,NULL,NULL,NULL,1218 Painter Rd,NULL,MAIN,05753,NULL,VT,NULL,NULL,NULL,NULL,millerp63@gmail.com,NULL,NULL,2025-02-12 18:02:36,"Miller, DPM/ Peter A (Personal Acct)",0,No,NULL,0,NULL,NULL,NULL,0,NULL,NULL,0,Active,1,Active,(802) 388-7296,NULL,NULL,NULL
13382,San Diego,United States,NULL,NULL,"1333 Camino Del Rio S, Ste 103",NULL,MAIN,92108,NULL,CA,NULL,2,Clinic,aw@catalystptandwellness.com,NULL,NULL,(619) 501-2176,2025-02-12 18:02:36,Catalyst Physical Therapy and Wellness,0,No,NULL,0,NULL,NULL,AB61F281-27EB-E711-93DC-005056995B7E,0,"Brian Wilson, PT","Brian Wilson, PT",0,Active,1,Active,(619) 501-2195,NULL,NULL,https://catalystptandwellness.com/
13383,Portland,NULL,NULL,NULL,10837 SW 118th Ct,NULL,MAIN,97223,NULL,OR,NULL,1,Sole Practitioner,NULL,jansonholm@gmail.com,NULL,NULL,2025-02-12 18:02:36,"Holm, DPM/ Janson (personal acct)",0,No,NULL,0,NULL,NULL,NULL,0,NULL,NULL,0,Active,1,Active,(503) 568-4315,NULL,NULL,NULL
13196,Fort Worth,NULL,NULL,Trinity Foot & Ankle Specialists,"5801 Oakbend Trl, Ste 140",NULL,MAIN,76132,NULL,TX,NULL,2,Clinic,NULL,gajaryga@aol.com,NULL,(817) 763-9385,2025-02-12 18:02:21,"Jaryga, DPM/ Gregory A.",0,No,8700B64A-E312-E611-955C-005056995B7E,0,Trinity Foot & Ankle Specialists,NULL,NULL,0,NULL,NULL,0,Active,1,Active,(817) 346-7481,NULL,NULL,https://www.trinityfootandankle.com/
13198,Winter Haven,NULL,NULL,"Gessler Clinic, P.A.",635 1st St N,NULL,MAIN,33881,NULL,FL,NULL,2,Clinic,NULL,NULL,NULL,(863) 298-3566,2025-02-12 18:02:21,"Koon, DPM/ James",0,No,56AE5029-AF17-E611-955C-005056995B7E,0,"Gessler Clinic, P.A.",NULL,NULL,0,NULL,NULL,0,Active,1,Active,(863) 298-3270,NULL,NULL,http://www.gesslerclinic.com
13199,La Quinta,NULL,NULL,"Ryan Walter Wood, DPM, INC","79405 Hwy 111, Ste 9-162",NULL,MAIN,92253,NULL,CA,NULL,2,Clinic,NULL,woodpodiatry@gmail.com,NULL,(760) 501-8719,2025-02-12 18:02:22,"Wood, DPM/ Ryan",0,No,NULL,0,NULL,NULL,NULL,0,NULL,NULL,0,Active,1,Active,(760) 501-8552,NULL,NULL,NULL
13200,Pullman,NULL,NULL,NULL,835 SE Bishop Blvd,NULL,BILL TO,99163,Attn:  Accounts Payable,WA,NULL,3,Hospital,invoices@pullmanregional.org,NULL,NULL,(509) 332-7412,2025-02-12 18:02:22,Pullman Regional Hospital,0,No,NULL,0,NULL,NULL,NULL,0,NULL,NULL,0,Active,1,Active,(509) 432-6608,NULL,NULL,https://pullmanregional.org/patient-care/summit-therapy
13205,Colton,NULL,NULL,NULL,PO Box 28,NULL,BILL TO,99113,NULL,WA,NULL,NULL,NULL,badgerbraces@hotmail.com,badgerbraces@hotmail.com,NULL,NULL,2025-02-12 18:02:22,Badger Braces LLC,0,No,NULL,0,NULL,NULL,NULL,0,NULL,NULL,0,Active,1,Active,(509) 432-6608,NULL,NULL,http://badgeranklebraces.com
13810,Carmichael,NULL,NULL,NULL,5931 Stanley Ave.   Ste. 4,NULL,MAIN,95608,NULL,CA,NULL,2,Clinic,olympicfootandankle@yahoo.com,olympicfootandankle@yahoo.com,NULL,(916) 244-7631,2025-02-12 18:03:12,Olympic Foot and Ankle,0,No,NULL,0,NULL,NULL,NULL,0,NULL,NULL,0,Active,1,Active,(916) 244-7630,NULL,NULL,http://www.olympicfootandankle.com
13812,Gatesville,NULL,NULL,NULL,1507 W. Main St,NULL,MAIN,76528,NULL,TX,NULL,3,Hospital,cindy.lowry@coryellhealth.org,NULL,NULL,NULL,2025-02-12 18:03:12,Coryell Health,0,No,NULL,0,NULL,NULL,NULL,0,NULL,NULL,0,Active,1,Active,(254) 248-6302,NULL,NULL,http://www.coryellhealth.org
13813,Yokohama,NULL,NULL,NULL,"1F  2F  1-8-2 Azamino, Aoba-ku",NULL,BILL TO,225-0011,Kai Orthopedic Surgery,Kanagawa,NULL,2,Clinic,cs-nwpl@nwpl-jp.com,impact@yk.rim.or.jp,NULL,+81-467-84-9713,2025-02-12 18:03:12,Impact Trading - Kai Orthopedic Surgery,0,No,795F2927-FF12-4727-9722-322B7E869737,0,Impact Trading Co. Ltd.,NULL,NULL,0,NULL,NULL,0,Active,1,Active,+81-467-84-9712,NULL,NULL,NULL
13814,Iiyama,NULL,NULL,NULL,2226 Iiyama,NULL,BILL TO,389-2253,Healing space Zen,Nagano,NULL,2,Clinic,cs-nwpl@nwpl-jp.com,impact@yk.rim.or.jp,NULL,+81-467-84-9713,2025-02-12 18:03:12,Impact Trading - Healing space Zen,0,No,795F2927-FF12-4727-9722-322B7E869737,0,Impact Trading Co. Ltd.,NULL,NULL,0,NULL,NULL,0,Active,1,Active,+81-467-84-9712,NULL,NULL,NULL
13815,Hachinohe,NULL,NULL,NULL,1F  1-9-1Oroshi center,NULL,BILL TO,039-1121,School Shop HASHIBUN,Aomori,NULL,2,Clinic,cs-nwpl@nwpl-jp.com,impact@yk.rim.or.jp,NULL,+81-467-84-9713,2025-02-12 18:03:12,Impact Trading - School Shop HASHIBUN,0,No,795F2927-FF12-4727-9722-322B7E869737,0,Impact Trading Co. Ltd.,NULL,NULL,0,NULL,NULL,0,Active,1,Active,+81-467-84-9712,NULL,NULL,NULL
13363,Milwaukee,NULL,NULL,NULL,5000 W National Ave,NULL,MAIN,53295,NULL,WI,NULL,200000,VA,NULL,william.weis@va.gov,NULL,(414) 382-5138,2025-02-12 18:02:34,VA/ Milwaukee (695/121),0,No,NULL,0,NULL,NULL,24E69BE2-D5B9-E711-95F4-005056995B7E,0,"William Weis, DPM","William Weis, DPM",0,Active,1,Active,(414) 384-2000,NULL,NULL,https://www.milwaukee.va.gov/providerinfo/index.asp
13364,Vancouver,NULL,NULL,NULL,"16111 SE McGillivray Blvd, Ste A",NULL,MAIN,98683,NULL,WA,NULL,2,Clinic,NULL,jjmaj@aol.com,NULL,(360) 604-9293,2025-02-12 18:02:34,"Majerus & Co. Physical Therapy, PC",0,No,NULL,0,NULL,NULL,A0E165DC-63BB-E711-95F4-005056995B7E,0,"John Majerus, PT","John Majerus, PT",0,Active,1,Active,(360) 253-4020,NULL,NULL,http://majeruspt.com
13366,Baton Rouge,NULL,NULL,ATTENTION:  MEDY MANUEL,"5438 O'Donovan Dr, Ste 100",NULL,MAIN,70808,NULL,LA,NULL,2,Clinic,NULL,NULL,NULL,NULL,2025-02-12 18:02:35,Life Fitness Therapy,0,No,NULL,0,NULL,NULL,NULL,0,NULL,NULL,0,Active,1,Active,(225) 769-0818,NULL,NULL,http://www.lifefitnesstherapy.com/
13367,Des Plaines,NULL,NULL,"Louis A. Sorto Jr, DPM","770 Lee St, Ste 101",NULL,MAIN,60016,NULL,IL,NULL,2,Clinic,NULL,NULL,NULL,(847) 298-0891,2025-02-12 18:02:35,Podiatry Associates,0,No,NULL,0,NULL,NULL,2B376D38-FEBF-E711-95F4-005056995B7E,0,"Louis Sorto, DPM","Louis Sorto, DPM",0,Active,1,Active,(847) 298-5252,NULL,NULL,NULL
13368,Yokohama,NULL,NULL,GLP Ayase,5F Shinyokohama No. 3 Tosho Bldg,NULL,BILL TO,222-0033,Kamibayashi Orthopedic Clinic,Kanagawa-ken,NULL,2,Clinic,cs-nwpl@nwpl-jp.com,impact@yk.rim.or.jp,NULL,+81-467-84-9713,2025-02-12 18:02:35,Impact Trading - Kamibayashi Orthopedic Clinic,0,No,795F2927-FF12-4727-9722-322B7E869737,0,Impact Trading Co. Ltd.,NULL,NULL,0,NULL,NULL,0,Active,1,Active,+81-467-84-9712,NULL,NULL,NULL
13369,Yokohama,NULL,NULL,GLP Ayase,5F Shinyokohama No. 3 Tosho Bldg,NULL,BILL TO,222-0033,Sendai Nakajiki Center,Kanagawa-ken,NULL,2,Clinic,cs-nwpl@nwpl-jp.com,impact@yk.rim.or.jp,NULL,+81-467-84-9713,2025-02-12 18:02:35,Impact Trading - Sendai Nakajiki Center,0,No,795F2927-FF12-4727-9722-322B7E869737,0,Impact Trading Co. Ltd.,NULL,NULL,0,NULL,NULL,0,Active,1,Active,+81-467-84-9712,NULL,NULL,NULL
13567,Massillon,NULL,NULL,NULL,169 25th St SE,NULL,BILL TO,44646,NULL,OH,NULL,5,Other,NULL,sales@greycelllab.com,NULL,NULL,2025-02-12 18:02:52,Grey Cell Biomechanics Lab,0,No,NULL,0,NULL,NULL,NULL,0,NULL,NULL,0,Active,1,Active,(800) 223-7376,NULL,NULL,NULL
13568,Seminole,NULL,NULL,NULL,11990 N Highway 99,NULL,MAIN,74868,NULL,OK,NULL,5,Other,NULL,surefootingorthotics@yahoo.com,NULL,NULL,2025-02-12 18:02:52,"Sure Footing Orthotics, LLC",0,No,NULL,0,NULL,NULL,NULL,0,NULL,NULL,0,Active,1,Active,(760) 583-9517,NULL,NULL,NULL
13569,Raleigh,NULL,NULL,NULL,"3801 Wake Forest Rd, Ste 100",NULL,BILL TO,27609,NULL,NC,NULL,2,Clinic,accountspayable@footandankle-usa.com,kmarleonard@gmail.com,NULL,(717) 620-8397,2025-02-12 18:02:52,Foot & Ankle Specialists of Central PA/FASMA,0,No,NULL,0,NULL,NULL,278A9819-BDF1-E911-9753-005056995B7E,0,"Karen M. Leonard, DPM","Karen M. Leonard, DPM",0,Active,1,Active,(717) 620-8225,NULL,NULL,https://footandanklespecialistsofcentralpa.com/
13570,Oklahoma City,NULL,NULL,NULL,10205 Stoneham Ave,NULL,MAIN,73120,NULL,OK,NULL,2,Clinic,drlaurel@gmail.com,drlaurel@gmail.com,NULL,NULL,2025-02-12 18:02:52,Estrella Mountain Podiatry,0,No,NULL,0,NULL,NULL,NULL,0,NULL,NULL,0,Active,1,Active,405-534-9600,NULL,NULL,http://mylife.com.py
13571,Bloomington,NULL,NULL,NULL,7920 12th Ave S,NULL,MAIN,55425,NULL,MN,NULL,5,Other,NULL,kreegs05@aol.com,NULL,NULL,2025-02-12 18:02:53,Promet Inc,0,No,NULL,0,NULL,NULL,NULL,0,NULL,NULL,0,Active,1,Active,(952) 814-0225,NULL,NULL,NULL
13572,Littleton,NULL,NULL,CHI Accounts Payable Support Center,PO Box 636000,NULL,BILL TO,80163,NULL,CO,NULL,2,Clinic,APinvoice@catholichealth.net,chadfarley@chifranciscan.org,NULL,(253) 274-7994,2025-02-12 18:02:53,Franciscan Foot & Ankle Associates-Canyon Rd,0,No,07AA5A2C-0C02-DF11-8291-000C29EC1EE3,0,Catholic Health Initiatives,NULL,NULL,0,NULL,NULL,0,Active,1,Active,(253) 274-7504,NULL,NULL,http://CHIFranciscan.org
13573,Yokohama,NULL,NULL,GLP Ayase,5F Shinyokohama No. 3 Tosho Bldg,NULL,BILL TO,222-0033,Shoemart Kokubuueda,Kanagawa-ken,NULL,2,Clinic,cs-nwpl@nwpl-jp.com,impact@yk.rim.or.jp,NULL,+81-467-84-9713,2025-02-12 18:02:53,Impact Trading - Shoemart Kokubuueda,0,No,795F2927-FF12-4727-9722-322B7E869737,0,Impact Trading Co. Ltd.,NULL,NULL,0,NULL,NULL,0,Active,1,Active,+81-467-84-9712,NULL,NULL,NULL
13574,Sterling,United States,NULL,NULL,"46090 Lake Center Plz, Ste 204",NULL,BILL TO,20165,NULL,VA,NULL,2,Clinic,SterlingFAC@gmail.com,SterlingFAC@gmail.com,NULL,(703) 563-2716,2025-02-12 18:02:53,Sterling Foot and Ankle Center,0,No,NULL,0,NULL,NULL,3C1F499B-FAFF-E911-9753-005056995B7E,0,"Samuel Thomas Gray, DPM","Samuel Thomas Gray, DPM",0,Active,1,Active,(917) 238-0909,(703) 563-2716,NULL,http://www.sterlingfootandankle.com
13575,Overland Park,United States,NULL,NULL,"4601 W 109th St, Ste 314",NULL,MAIN,66211,NULL,KS,NULL,2,Clinic,NULL,foxhillfootclinic@gmail.com,NULL,(913) 364-1160,2025-02-12 18:02:53,"The Foot Clinic, LLC",0,No,NULL,0,NULL,NULL,7CE7D19C-0D00-EA11-9753-005056995B7E,0,"Ali Davis, DPM","Ali Davis, DPM",0,Active,1,Active,(913) 364-1314,NULL,NULL,https://www.dralidavis.com/
13576,Sandy,United,NULL,NULL,37569 Hwy 26,NULL,BILL TO,97055,NULL,OR,NULL,2,Clinic,NULL,officemanager@elitefaor.com,NULL,NULL,2025-02-12 18:02:53,Elite Foot & Ankle,0,No,NULL,0,NULL,NULL,NULL,0,NULL,NULL,0,Active,1,Active,(208) 316-7728,NULL,NULL,http://www.elitefaor.com
13577,San Francisco,United States,NULL,NULL,2477 Chestnut St,NULL,MAIN,94123,NULL,CA,NULL,NULL,NULL,NULL,marinapodiatry2477@gmail.com,NULL,(415) 921-0771,2025-02-12 18:02:53,"Linam, DPM, APC/ Mark S.",0,No,NULL,0,NULL,NULL,89076517-FC0A-EA11-9753-005056995B7E,0,"Mark S. Linam, DPM","Mark S. Linam, DPM",0,Active,1,Active,(415) 921-1922,NULL,NULL,NULL
13578,New York,NULL,NULL,"Brian Fanno, DPM","469 7th Ave, Ste 601",NULL,MAIN,10018,NULL,NY,NULL,2,Clinic,NULL,empirefootcareny@gmail.com,NULL,NULL,2025-02-12 18:02:53,Empire Foot Care & Surgery,0,No,NULL,0,NULL,NULL,NULL,0,NULL,NULL,0,Active,1,Active,(917) 960-4023,NULL,NULL,NULL
13684,Chico,NULL,NULL,NULL,1806 Foundation Ln,NULL,MAIN,95928,NULL,CA,NULL,1,Sole Practitioner,PracticeManager@northstatefootandankle.com,chandra@northstatefootandankle.com,NULL,(530) 894-5771,2025-02-12 18:03:02,Northstate Foot and Ankle Specialists,0,No,NULL,0,NULL,NULL,NULL,0,NULL,NULL,0,Active,1,Active,(530) 891-3338,NULL,NULL,NULL
13685,Yokohama,NULL,NULL,GLP Ayase,5F Shinyokohama No. 3 Tosho Bldg,NULL,BILL TO,222-0033,Ohno Shinryoujyo,Kanagawa-ken,NULL,4,Distributor,cs-nwpl@nwpl-jp.com,impact@yk.rim.or.jp,NULL,+81-467-84-9713,2025-02-12 18:03:02,Impact Trading - Ohno Shinryoujyo,0,No,795F2927-FF12-4727-9722-322B7E869737,0,Impact Trading Co. Ltd.,NULL,NULL,0,NULL,NULL,0,Active,1,Active,+81-467-84-9712,NULL,NULL,NULL
13686,Niagara Falls,NULL,NULL,NULL,2119 Sawyer Dr.,NULL,MAIN,14304,NULL,NY,NULL,2,Clinic,NULL,CSpineSports@gmail.com,NULL,(716) 731-4343,2025-02-12 18:03:02,Spine & Sports Care of Niagara,0,No,NULL,0,NULL,NULL,NULL,0,NULL,NULL,0,Active,1,Active,(716) 731-3100,NULL,NULL,https://www.sscniagara.com/
13687,Santa Ana,NULL,NULL,NULL,3409 W MacArthur Blvd,NULL,MAIN,92704,NULL,CA,NULL,5,Other,nancy@imageorthopedic.com,NULL,NULL,NULL,2025-02-12 18:03:02,Image Orthopedic Lab,0,No,NULL,0,NULL,NULL,NULL,0,NULL,NULL,0,Active,1,Active,(877) 967-8469,NULL,NULL,http://www.imageorthopedic.com
13689,Wilmington,NULL,NULL,NULL,2106 Silverside Rd,NULL,MAIN,19810,NULL,DE,NULL,2,Clinic,aboycebpo@gmail.com,jsk@falcidian.com,NULL,(302) 478-8717,2025-02-12 18:03:02,Brandywine Podiatry-Silverside,0,No,A6DC183E-B9E4-EB11-9842-005056995B7E,0,Brandywine Podiatry,NULL,NULL,0,NULL,NULL,0,Active,1,Active,(302) 478-8099,NULL,NULL,http://www.brandywinepodiatry.com
13691,Bear,NULL,NULL,NULL,"121 Becks Woods Dr, Ste 201",NULL,MAIN,19701,NULL,DE,NULL,2,Clinic,NULL,jsk@falcidian.com,NULL,(302) 595-4085,2025-02-12 18:03:02,Brandywine Podiatry-Becks Woods,0,No,A6DC183E-B9E4-EB11-9842-005056995B7E,0,Brandywine Podiatry,NULL,NULL,0,NULL,NULL,0,Active,1,Active,(302) 595-4077,NULL,NULL,http://www.brandywinepodiatry.com
13693,Dover,NULL,NULL,NULL,"1113 S State St, Ste 201",NULL,MAIN,19901,NULL,DE,NULL,2,Clinic,NULL,jsk@falcidian.com,NULL,(302) 735-9812,2025-02-12 18:03:02,Brandywine Podiatry-Banning,0,No,A6DC183E-B9E4-EB11-9842-005056995B7E,0,Brandywine Podiatry,NULL,NULL,0,NULL,NULL,0,Active,1,Active,(302) 735-9811,NULL,NULL,http://www.brandywinepodiatry.com
13695,Georgetown,NULL,NULL,NULL,21725 Roth Ave,NULL,MAIN,19947,NULL,DE,NULL,2,Clinic,NULL,jsk@falcidian.com,NULL,(302) 858-4542,2025-02-12 18:03:02,Brandywine Podiatry-West Laurel,0,No,A6DC183E-B9E4-EB11-9842-005056995B7E,0,Brandywine Podiatry,NULL,NULL,0,NULL,NULL,0,Active,1,Active,(302) 579-0100,NULL,NULL,http://www.brandywinepodiatry.com
13696,Renton,NULL,NULL,NULL,433 SW 41st St,NULL,MAIN,98057,NULL,WA,NULL,2,Clinic,officemanager@valleyfootandankle.org,NULL,NULL,(425) 271-1488,2025-02-12 18:03:02,Valley Foot and Ankle,0,No,NULL,0,NULL,NULL,9B0E6C2B-53EA-EB11-9842-005056995B7E,0,"Christopher Robertson, DPM","Christopher Robertson, DPM",0,Active,1,Active,(425) 226-5656,NULL,NULL,http://www.valleyfootandankle.org
13697,Novato,United States,NULL,NULL,"165 Rowland Way, Ste 206",NULL,MAIN,94945,NULL,CA,NULL,2,Clinic,NULL,drmarino@footprince.com,NULL,(415) 892-3475,2025-02-12 18:03:02,"Marino, DPM/ Vincent C.",0,No,NULL,0,NULL,NULL,928ED425-F5EE-EB11-9842-005056995B7E,0,"Vince Marino, DPM","Vince Marino, DPM",0,Active,1,Active,(415) 898-9818,NULL,NULL,https://footprince.com/
13698,Irving,NULL,NULL,NULL,"2120 N Macarthur Blvd, Ste 100",NULL,MAIN,75061,NULL,TX,NULL,2,Clinic,melynn.fanning@precisionorthosports.com,melynn.fanning@precisionorthosports.com,NULL,(214) 260-0982,2025-02-12 18:03:03,Precision Orthopedics and Sports Medicine,0,No,NULL,0,NULL,NULL,NULL,0,NULL,NULL,0,Active,1,Active,(972) 438-4636,NULL,NULL,http://www.precisionorthosports.com
13626,Orange Park,NULL,NULL,NULL,"1532 Kingsley Ave, Ste.106",NULL,MAIN,32073,NULL,FL,NULL,2,Clinic,NULL,footpaindoctorsofjax@gmail.com,NULL,(904) 580-5835,2025-02-12 18:02:57,Foot Pain Doctors of Jacksonville,0,No,NULL,0,NULL,NULL,NULL,0,NULL,NULL,0,Active,1,Active,(904) 329-1391,NULL,NULL,https://footpaindoctorsofjax.com
13627,Huntington,NULL,NULL,NULL,181 Main St Suite 207,NULL,MAIN,11743,NULL,NY,NULL,2,Clinic,angelac@advancedfootcare.com,NULL,NULL,(631) 427-5595,2025-02-12 18:02:57,Advanced Podiatry - Huntington,0,No,1DC55BDF-F780-DD11-A456-0019B9B8224A,0,Advanced Podiatry,NULL,NULL,0,NULL,NULL,0,Active,1,Active,(631) 427-3678,NULL,NULL,http://www.lifootcare.com/
13628,Huntington,NULL,NULL,NULL,181 Main St,NULL,BILL TO,11743,NULL,NY,NULL,2,Clinic,NULL,apomaspeth@gmail.com,NULL,NULL,2025-02-12 18:02:57,Advanced Podiatry - Maspeth,0,No,1DC55BDF-F780-DD11-A456-0019B9B8224A,0,Advanced Podiatry,NULL,NULL,0,NULL,NULL,0,Active,1,Active,(718) 747-9250,NULL,NULL,http://www.lifootcare.com/
13629,Huntington,NULL,NULL,NULL,181 Main St,NULL,BILL TO,11743,NULL,NY,NULL,2,Clinic,NULL,NULL,NULL,NULL,2025-02-12 18:02:57,Advanced Podiatry - Woodbury,0,No,1DC55BDF-F780-DD11-A456-0019B9B8224A,0,Advanced Podiatry,NULL,F95C9BC2-FACD-EA11-990B-005056995B7E,0,"Joseph Distefano, DPM","Joseph Distefano, DPM",0,Active,1,Active,(516) 544-1722,NULL,NULL,http://www.lifootcare.com/
13630,Manhasset,NULL,NULL,NULL,2110 Northern Blvd Suite 208,NULL,BILL TO,11030,NULL,NY,NULL,2,Clinic,NULL,NULL,NULL,(516) 484-4229,2025-02-12 18:02:57,Advanced Podiatry - Manhasset,0,No,1DC55BDF-F780-DD11-A456-0019B9B8224A,0,Advanced Podiatry,NULL,NULL,0,NULL,NULL,0,Active,1,Active,(516)-869-3300,NULL,NULL,http://www.lifootcare.com/
13631,Granbury,NULL,NULL,NULL,1008 Paluxy Rd,NULL,MAIN,76048,NULL,TX,NULL,2,Clinic,NULL,NULL,NULL,(817) 573-7471,2025-02-12 18:02:57,Family Foot Care,0,No,NULL,0,NULL,NULL,NULL,0,NULL,NULL,0,Active,1,Active,(817) 573-7178,NULL,NULL,http://familyfootcaretx.com
13632,Billings,United States,NULL,NULL,1104 N 32nd St,NULL,MAIN,59101,NULL,MT,NULL,2,Clinic,support@summitpodmt.com,summitpodmt@gmail.com,NULL,NULL,2025-02-12 18:02:57,"Summit Podiatry, PLLC",0,No,NULL,0,NULL,NULL,A62385B4-82D2-EA11-990B-005056995B7E,0,"Bijan Andrade, DPM","Bijan Andrade, DPM",0,Active,1,Active,(801) 419-6206,NULL,NULL,http://www.summitpodmt.com
13633,Naples,NULL,NULL,Foot & Ankle Management Group,"681 Goodlette Rd N, Ste 160",NULL,MAIN,34102,NULL,FL,NULL,2,Clinic,info@footandanklemgmt.com,NULL,NULL,(239) 263-8435,2025-02-12 18:02:57,"Garcia, DPM Christina",0,No,A7AB7040-1262-EE11-9AFF-005056995B7E,0,Foot & Ankle Management Group,NULL,NULL,0,NULL,NULL,0,Active,1,Active,(239) 263-0200,NULL,NULL,http://www.footandanklemgmt.com
13232,Traverse City,NULL,NULL,NULL,"10161 E Pickwick Ct, Ste E",NULL,MAIN,49684,NULL,MI,NULL,2,Clinic,NULL,DrJeff@greatlakesfoot.com,NULL,(231) 935-8801,2025-02-12 18:02:24,Great Lakes Foot & Ankle Specialists,0,No,NULL,0,NULL,NULL,NULL,0,NULL,NULL,0,Active,1,Active,(231) 935-8800,NULL,NULL,http://www.greatlakesfoot.com/
13665,Camas,NULL,NULL,NULL,405 NE 6th Ave,NULL,Bill To,98607,NULL,WA,NULL,2,Clinic,assistant@cloverpodiatry.com,tfish@cloverpodiatry.com,NULL,(360) 524-7847,2025-02-12 18:03:00,"Clover Podiatry, PLLC",0,No,NULL,0,NULL,NULL,60244623-7C5A-EB11-9984-005056995B7E,0,"Tek Fish, DPM","Tek Fish, DPM",0,Active,1,Active,(360) 450-6644,NULL,NULL,http://cloverpodiatry.com
13666,Richmond,NULL,NULL,NULL,360-7031 Wesminster Hwy,NULL,MAIN,V6X 1A3,NULL,BC,NULL,1,Sole Practitioner,NULL,jeremy.jung4@gmail.com,NULL,(604) 278-4508,2025-02-12 18:03:00,"Jung DPM, Jeremy",0,No,NULL,0,NULL,NULL,NULL,0,NULL,NULL,0,Active,1,Active,(604) 655-0025,NULL,NULL,NULL
13667,Monsey,NULL,NULL,NULL,36 Hilltop Place,NULL,MAIN,10952,NULL,NY,NULL,4,Distributor,solkan@optimum.net,solkan@optimum.net,NULL,(845) 352-2657,2024-11-01 12:22:35,Sole Connections,0,No,NULL,0,NULL,NULL,0ACEB933-A470-EB11-9984-005056995B7E,0,Sol Kandel,Sol Kandel,0,Active,1,Active,(845) 356-0574,NULL,NULL,NULL
13668,Roseau,NULL,NULL,NULL,715 Delmore Dr.,NULL,MAIN,56751,NULL,MN,NULL,2,Clinic,elarson@lifecaremc.com,awibbels@lifecaremc.com,NULL,(218) 463-4782,2025-02-12 18:03:00,Life Care Medical Center,0,No,NULL,0,NULL,NULL,3E5F915D-F575-EB11-9984-005056995B7E,0,"Amber Wibbels, DPM","Amber Wibbels, DPM",0,Active,1,Active,(218) 463-2500,NULL,NULL,https://lifecaremedicalcenter.org/team/amber-wibbels-dpm/
13669,Vancouver,NULL,NULL,PeaceHealth St Joseph Medical Ctr/Accts Payable,"1115 SE 164th Ave, Suite 332",NULL,BILL TO,98683,NULL,WA,NULL,1,Sole Practitioner,PHInvoiceOnly@PeaceHealth.org,jeffgrayfit@gmail.com,NULL,(360) 676-7471,2025-02-12 18:03:00,PeaceHealth Wound Healing Center,0,No,E85CF90B-8908-E011-BBF0-000C29EC1EE3,0,PeaceHealth St Joseph Medical Center,NULL,NULL,0,NULL,NULL,0,Active,1,Active,(360) 788-7733,NULL,NULL,https://www.peacehealth.org/st-joseph/services/center-for-rehabilitation
13670,Spencerport,NULL,NULL,NULL,24 West Ave,NULL,MAIN,14559,NULL,NY,NULL,1,Sole Practitioner,NULL,spencerportpodiatry@gmail.com,NULL,(585) 352-5218,2025-02-12 18:03:01,Spencerport Podiatry,0,No,NULL,0,NULL,NULL,NULL,0,NULL,NULL,0,Active,1,Active,(585) 352-5211,NULL,NULL,NULL
13671,Yokohama,NULL,NULL,GLP Ayase,5F Shinyokohama No. 3 Tosho Bldg,NULL,BILL TO,222-0033,Complex Field No. 3,Kanagawa-ken,NULL,2,Clinic,cs-nwpl@nwpl-jp.com,impact@yk.rim.or.jp,NULL,+81-467-84-9713,2025-02-12 18:03:01,Impact Trading - Complex Field No. 3,0,No,795F2927-FF12-4727-9722-322B7E869737,0,Impact Trading Co. Ltd.,NULL,NULL,0,NULL,NULL,0,Active,1,Active,+81-467-84-9712,NULL,NULL,NULL
13849,Yokohama,NULL,NULL,GLP Ayase,5F Shinyokohama No. 3 Tosho Bldg,NULL,BILL TO,222-0033,Private Salon SPAZIO,Kanagawa-ken,NULL,4,Distributor,cs-nwpl@nwpl-jp.com,impact@yk.rim.or.jp,NULL,+81-467-84-9713,2025-02-12 18:03:15,Impact Trading - Private Salon SPAZIO,0,No,795F2927-FF12-4727-9722-322B7E869737,0,Impact Trading Co. Ltd.,NULL,NULL,0,NULL,NULL,0,Active,1,Active,+81-467-84-9712,NULL,NULL,NULL
13850,Lake Charles,NULL,NULL,NULL,501 Dr. Michael DeBakey Drive,Attn Podiatry,MAIN,70601,NULL,LA,NULL,NULL,NULL,accountspayable@imperialhealth.com,cromero@imperialhealth.com,NULL,(337) 312-8121,2025-02-12 18:03:15,"Imperial Health, LLP",0,No,NULL,0,NULL,NULL,NULL,0,NULL,NULL,0,Active,1,Active,(337) 312-8120,NULL,NULL,https://www.imperialhealth.com/services/podiatry/
13851,Mount Dora,NULL,NULL,NULL,3651 Lake Center Drive,NULL,Main,32757,Alisa,FL,NULL,2,Clinic,24health.sales@gmail.com,NULL,NULL,(352)385-9159,2025-02-12 18:03:15,Mount Dora Podiatry and Wound Care Specialists,0,No,NULL,0,NULL,NULL,NULL,0,NULL,NULL,0,Active,1,Active,(352)385-9156,NULL,NULL,NULL
13852,Tamarac,NULL,NULL,NULL,8307 N Pine Island Rd,NULL,Main,33321,NULL,FL,NULL,2,Clinic,NULL,dryori@personalpodiatry.com,NULL,(954) 721-3772,2025-02-12 18:03:15,"Personal Podiatry Associates, PA",0,No,NULL,0,NULL,NULL,NULL,0,NULL,NULL,0,Active,1,Active,(954) 721-3411,NULL,NULL,http://www.personalpodiatry.com
13853,Nicholasville,NULL,NULL,NULL,208 Normandy Court,NULL,MAIN,40356,NULL,KY,NULL,2,Clinic,kenneyorthogroupinc@bill.com,NULL,NULL,NULL,2023-08-17 09:04:46,Kenney Orthopedics,0,No,NULL,0,NULL,NULL,NULL,0,NULL,NULL,0,Active,1,Active,(859) 241-1015,NULL,NULL,http://www.kenneyorthopedics.com
13854,Holland,NULL,NULL,NULL,904 S Washington,Ste 130,BILL TO,49423,NULL,MI,NULL,1,Sole Practitioner,jank@hollandfoot.com,NULL,NULL,NULL,2025-02-12 18:03:16,Holland Foot & Ankle Ctrs,0,No,8DC61C7F-4617-DF11-988D-000C29EC1EE3,0,Holland Foot & Ankle Centers,NULL,NULL,0,NULL,NULL,0,Active,1,Active,(616) 738-1300,NULL,NULL,https://www.hollandfootandankle.com/
13855,Arkansas City,NULL,NULL,NULL,6401 Patterson Pkwy,NULL,MAIN,67005,NULL,KS,NULL,2,Clinic,ap@sckrmc.org,matthewd@sckrmc.org,NULL,(620) 441-5953,2025-02-12 18:03:16,SCK Health Specialty Clinic,0,No,NULL,0,NULL,NULL,D186CD00-313D-EE11-9AFF-005056995B7E,0,"Matthew Doxey, DPM","Matthew Doxey, DPM",0,Active,1,Active,(620) 442-2500,NULL,NULL,https://sckhealth.org/locations/sck-specialty-clinic
13856,Sacramento,NULL,NULL,NULL,2443 Fair Oaks Blvd,NULL,BILL TO,95825,NULL,CA,NULL,NULL,NULL,JaymesT@norcalorthoassociates.com,JaymesT@norcalorthoassociates.com,NULL,(916) 273-4638,2025-02-12 18:03:16,Northern California Orthopaedic Assoc,0,No,NULL,0,NULL,NULL,NULL,0,NULL,NULL,0,Active,1,Active,(916) 512-6262,NULL,NULL,http://www.norcalorthoassociates.com
13857,Yokohama,NULL,NULL,GLP Ayase,SF Shinyokohama No. 3 Tosho Bldg,NULL,BILL TO,222-0033,Sona Ina,Kanagawa-ken,NULL,2,Clinic,cs-nwpl@nwpl-jp.com,impact@yk.rim.or.jp,NULL,+81-467-84-9713,2025-02-12 18:03:16,Impact Trading - Sona Ina,0,No,795F2927-FF12-4727-9722-322B7E869737,0,Impact Trading Co. Ltd.,NULL,NULL,0,NULL,NULL,0,Active,1,Active,+81-467-84-9712,NULL,NULL,NULL
13858,Yokohama,NULL,NULL,GLP Ayase,5F Shinyokohama No. 3 Tosho Bldg,NULL,BILL TO,222-0033,NULL,Kanagawa-ken,NULL,4,Distributor,cs-nwpl@nwpl-jp.com,impact@yk.rim.or.jp,NULL,81+467-84-9713,2025-02-12 18:03:16,"Impact Trading - Casane Co, LTD",0,No,795F2927-FF12-4727-9722-322B7E869737,0,Impact Trading Co. Ltd.,NULL,NULL,0,NULL,NULL,0,Active,1,Active,+81-467-84-9712,NULL,NULL,NULL
13859,Fort Worth,NULL,NULL,NULL,"923 College Ave, Ste. 101",NULL,BILL TO,76104,NULL,TX,NULL,2,Clinic,rlaw@txosa.com,rlaw@txosa.com,NULL,(877) 409-3962,2025-02-12 18:03:16,Texas Orthopedic and Spine Associates,0,No,NULL,0,NULL,NULL,NULL,0,NULL,NULL,0,Active,1,Active,(817) 697-4038,NULL,NULL,http://www.txosa.com
13860,North Logan,NULL,NULL,NULL,2310 N 400 E,NULL,MAIN,84341,NULL,UT,NULL,2,Clinic,accounting@alpineortho.com,NULL,NULL,(435) 787-1913,2025-02-12 18:03:16,Alpine Orthopaedic Specialists,0,No,NULL,0,NULL,NULL,NULL,0,NULL,NULL,0,Active,1,Active,(435) 774-8504,NULL,NULL,http://www.alpineortho.com
13861,Mount Lawley,NULL,NULL,NULL,19A Guildford Rd,NULL,BILL TO,6050,NULL,Perth,NULL,1,Sole Practitioner,helas61@hotmail.com,orthocare@westnet.com-au,NULL,NULL,2025-02-12 18:03:16,Western Foot Surgery & Podiatry,0,No,NULL,0,NULL,NULL,NULL,0,NULL,NULL,0,Active,1,Active,011 61 4 0503 5717,NULL,NULL,NULL
13862,Naples,NULL,NULL,Foot & Ankle Management Group,"681 Goodlette Rd N, Ste 160",NULL,MAIN,34102,NULL,FL,NULL,2,Clinic,info@footandanklemgmt.com,NULL,NULL,(239) 263-8435,2025-02-12 18:03:16,"Backstrand, DPM / Katherine",0,No,A7AB7040-1262-EE11-9AFF-005056995B7E,0,Foot & Ankle Management Group,NULL,NULL,0,NULL,NULL,0,Active,1,Active,(239) 263-0200,NULL,NULL,http://www.footandanklemgmt.com
13864,Plainview,NULL,NULL,NULL,"100 Manetto Hill Rd, Ste 103",NULL,BILL TO,11803,NULL,NY,NULL,2,Clinic,gabi@faasny.com,info@faasny.com,NULL,(866) 322-7691,2025-02-12 18:03:17,FAASNY - Brooklyn,0,No,3EDB330A-CAA3-E311-8A4E-005056B60006,0,FAASNY,NULL,NULL,0,NULL,NULL,0,Active,1,Active,(866) 322-7691 Ext 808,NULL,NULL,http://www.faasny.com
13865,Arlington,NULL,NULL,NULL,"1715 N George Mason Dr, Ste 407",NULL,MAIN,22205,NULL,VA,NULL,2,Clinic,arlingtonfoot@gmail.com,abenpearl@gmail.com,NULL,(703) 547-9979,2025-02-12 18:03:17,Arlington Foot and Ankle,0,No,NULL,0,NULL,NULL,NULL,0,NULL,NULL,0,Active,1,Active,(703) 516-9408,NULL,NULL,http://www.arlingtonfootandankle.com
13866,Forks,NULL,NULL,NULL,530 Bogachiel Way,NULL,MAIN,98331,NULL,WA,NULL,2,Clinic,invoices@hybrent.com,tabethag@forkshospital.org,NULL,(360) 374-1107,2025-02-12 18:03:17,Forks Community Hospital - Rural Health Clinic,0,No,NULL,0,NULL,NULL,NULL,0,NULL,NULL,0,Active,1,Active,(360) 374-6271,NULL,NULL,http://www.forkshospital.org
13867,Farr West,NULL,NULL,NULL,1761 N 2000 W,NULL,MAIN,84404,NULL,UT,NULL,2,Clinic,officemanager@summitfootankle.com,officemanager@summitfootankle.com,NULL,(801) 689-2594,2025-02-12 18:03:17,Summit Foot and Ankle,0,No,NULL,0,NULL,NULL,NULL,0,NULL,NULL,0,Active,1,Active,(801) 564-1562,NULL,NULL,https://www.drandrewburgon.com/
13868,Downey,NULL,NULL,NULL,8311 Florence Ave,NULL,MAIN,90240,NULL,CA,NULL,2,Clinic,accounts.payable2@optum.com,Lauren.Hannah@optum.com,NULL,NULL,2025-02-12 18:03:17,Optum - Downey,0,No,NULL,0,NULL,NULL,NULL,0,NULL,NULL,0,Active,1,Active,(562) 923-4911,NULL,NULL,NULL
13869,Franklin,NULL,NULL,NULL,PO Box 549,NULL,Bill To,46131,NULL,IN,NULL,3,Hospital,rebeyer@johnsonmemorial.org,jaddison@johnsonmemorial.org,NULL,(317) 346-3001,2023-11-16 13:07:14,Johnson Memorial Hospital - Podiatry,0,No,NULL,0,NULL,NULL,NULL,0,NULL,NULL,0,Active,1,Active,(317) 346-3913,NULL,NULL,NULL
13870,Washington,NULL,NULL,NULL,64177 Van Dyke,NULL,Bill To,48095,NULL,MI,NULL,1,Sole Practitioner,admin@drhoseypodiatry.com,admin@drhoseypodiatry.com,NULL,(810) 329-6543,2025-02-12 18:03:17,"Gary E Hosey, DPM",0,No,NULL,0,NULL,NULL,NULL,0,NULL,NULL,0,Active,1,Active,(810) 329-0800,NULL,NULL,http://www.drhoseypodiatry.com
13871,Kenora,NULL,NULL,NULL,503 First St. S,Lower Level,Main,P9N 1C8,NULL,ON,NULL,2,Clinic,peakperformancephysio@hotmail.com,peakperformancephysio@hotmail.com,NULL,(204)340-3809,2025-02-12 18:03:17,3P Peak Performance Physiotherapy,0,No,NULL,0,NULL,NULL,NULL,0,NULL,NULL,0,Active,1,Active,(807) 407-4003,NULL,NULL,http://www.3ppeakperformancephysio.com
13872,Chicago Heights,NULL,NULL,NULL,275 201st Street,NULL,MAIN,60411,NULL,IL,NULL,1,Sole Practitioner,NULL,franknarcisi@gmail.com,NULL,(708) 755-9095,2025-02-12 18:03:17,"Narcisi, Jr, Frank / DPM",0,No,NULL,0,NULL,NULL,NULL,0,NULL,NULL,0,Active,1,Active,(708) 754-8161,NULL,NULL,NULL
13873,Lafayette,NULL,NULL,NULL,588 N US Highway 287,NULL,BILLING,80026,NULL,CO,NULL,1,Sole Practitioner,drdedeogilvie@ascendfootandankle.com,drdedeogilvie@ascendfootandankle.com,NULL,NULL,2025-02-12 18:03:17,"Ascend Foot & Ankle Center, LLC",0,No,NULL,0,NULL,NULL,NULL,0,NULL,NULL,0,Active,1,Active,(303) 537-4714,NULL,NULL,http://ascendfootandankle.com
13874,Jupiter,NULL,NULL,NULL,"4601 Military Trail, Ste. 202",NULL,Main,33458,NULL,FL,NULL,1,Sole Practitioner,NULL,angela.d@jupiterlaser.com,NULL,(561) 624-5206,2025-02-12 18:03:17,Podiatry Associates of Palm Beach Gardens,0,No,NULL,0,NULL,NULL,NULL,0,NULL,NULL,0,Active,1,Active,(561) 624-4800,NULL,NULL,http://www.jupiterlaser.com
13875,Madison,NULL,NULL,Attn: Accounts Payable,PO Box 259443,NULL,Bill To,53725-9443,NULL,WI,NULL,NULL,NULL,SSMAccountsPayable@ssmhealth.com,Mike.Terry@SSMHealth.com,NULL,NULL,2025-02-12 18:03:17,Dean Medical Group - SSM,0,No,82D2C0F1-EFB4-EC11-9F32-005056995B7E,0,SSM Health,NULL,NULL,0,NULL,NULL,0,Active,1,Active,(608) 260-1622,NULL,NULL,NULL
13876,Alexander City,United States,NULL,NULL,1649 Hwy 22 W Ste 1,NULL,MAIN,35010,NULL,AL,NULL,2,Clinic,NULL,doc35010@yahoo.com,NULL,(256) 215-5551,2025-02-12 18:03:17,Alexander City Foot Specialties,0,No,NULL,0,NULL,NULL,1A29F4D8-829B-EE11-9AFF-005056995B7E,0,"Douglas Stewart, DPM","Douglas Stewart, DPM",0,Active,1,Active,(256) 215-5596,NULL,NULL,https://www.alexcityfootspecialties.com/
13877,Milton,NULL,NULL,NULL,"21A High St., Unit 2",NULL,BILLING,02186,NULL,MA,NULL,2,Clinic,ajaypaul.singh19@gmail.com,NULL,NULL,(508) 830-1224,2025-02-12 18:03:17,"Greater Boston Foot Care, PLLC",0,No,NULL,0,NULL,NULL,NULL,0,NULL,NULL,0,Active,1,Active,(508) 747-3567,NULL,NULL,http://www.greaterbostonfootcare.com
13878,Thousand Oaks,NULL,NULL,NULL,"110 Jensen Ct., Ste.1b",NULL,MAIN,91360,NULL,CA,NULL,2,Clinic,sherickryan@gmail.com,admin@apexfootanklesurgery.com,NULL,NULL,2025-02-12 18:03:18,COLLECTIONS: Apex Foot & Ankle Institute,0,No,NULL,0,NULL,NULL,NULL,0,NULL,NULL,0,Active,1,Active,(805) 904-0476,NULL,NULL,http://www.apexfootanklesurgery.com
13879,Princeton,NULL,NULL,NULL,"911 Northland Dr., Ste. L001",NULL,MAIN,55371,NULL,MN,NULL,2,Clinic,Trenton.Griswold@fairview.org,Trenton.Griswold@fairview.org,NULL,(763) 389-7555,2025-02-12 18:03:18,Fairview Orthotics and Prosthetics,0,No,NULL,0,NULL,NULL,NULL,0,NULL,NULL,0,Active,1,Active,(763) 389-7551,NULL,NULL,http://www.mhealthfairview.org/services/orthotics
13880,San Marcos,NULL,NULL,NULL,802 Azalea Ave,NULL,MAIN,92078,NULL,CA,NULL,1,Sole Practitioner,stvnshader@gmail.com,stvnshader@gmail.com,NULL,NULL,2025-02-12 18:03:18,Stork Foot and Ankle,0,No,NULL,0,NULL,NULL,NULL,0,NULL,NULL,0,Active,1,Active,(520) 269-1920,NULL,NULL,NULL
13881,Hampton,NULL,NULL,NULL,408 Lafayette Rd,NULL,NULL,03842,NULL,NH,NULL,1,Sole Practitioner,sarah@active-soles.com,sarah@active-soles.com,NULL,NULL,2025-02-12 18:03:18,Active-Soles,0,No,NULL,0,NULL,NULL,NULL,0,NULL,NULL,0,Active,1,Active,(603) 636-7344,NULL,NULL,http://www.active-soles.com
13882,Yokohama,NULL,NULL,GLP Ayase,5F Shinyokohama No. 3 Tosho Bldg,NULL,BILL TO,222-0033,Hashibun Shimoda,Kanagawa-ken,NULL,2,Clinic,cs-nwpl@nwpl-jp.com,impact@yk.rim.or.jp,NULL,NULL,2025-02-12 18:03:18,Impact Trading - Hashibun Shimoda,0,No,795F2927-FF12-4727-9722-322B7E869737,0,Impact Trading Co. Ltd.,NULL,NULL,0,NULL,NULL,0,Active,1,Active,+81-467-84-9712,NULL,NULL,NULL
13883,Yokohama,NULL,NULL,GLP Ayase,5F Shinyokohama No. 3 Tosho Bldg,NULL,BILL TO,222-0033,Hashibun Sunroad,Kanagawa-ken,NULL,2,Clinic,cs-nwpl@nwpl-jp.com,impact@yk.rim.or.jp,NULL,NULL,2025-02-12 18:03:18,Impact Trading - Hashibun Sunroad,0,No,795F2927-FF12-4727-9722-322B7E869737,0,Impact Trading Co. Ltd.,NULL,NULL,0,NULL,NULL,0,Active,1,Active,+81-467-84-9712,NULL,NULL,NULL
13884,Kanab,NULL,NULL,NULL,355 N Main St,NULL,BILLING,84741,Adam Cowles,UT,NULL,3,Hospital,acowles@kanecountyhospitalut.gov,mmason@kanecountyhospitalut.gov,NULL,(435) 644-3588,2025-02-12 18:03:18,KCH Specialty Group,0,No,NULL,0,NULL,NULL,NULL,0,NULL,NULL,0,Active,1,Active,(435) 644-5811,NULL,NULL,https://kchosp.net
13885,Santa Rosa,NULL,NULL,NULL,144 Stony Point Road,NULL,BILL TO,95401,NULL,CA,NULL,2,Clinic,ap@scihp.org,purchasing@scihp.org,NULL,(707) 526-4644,2025-02-12 18:03:18,"Sonoma County Indian Health Project, Inc.",0,No,NULL,0,NULL,NULL,NULL,0,NULL,NULL,0,Active,1,Active,(707) 521-4644,NULL,NULL,NULL
13886,Bellevue,NULL,NULL,NULL,5150 Village Park Dr SE,NULL,BILL TO,98006,NULL,WA,NULL,2,Clinic,nicole@i-can.center,nicole@i-can.center,NULL,NULL,2025-02-12 18:03:18,Lakeside Center for Autism (I-Can),0,No,NULL,0,NULL,NULL,NULL,0,NULL,NULL,0,Active,1,Active,(206) 503-3865,NULL,NULL,http://www.i-can.center
13887,Washington,NULL,NULL,NULL,7603 Georgia Ave NW #100,NULL,BILL TO,20012,NULL,DC,NULL,2,Clinic,info@metropodiatry.net,info@metropodiatry.net,NULL,(202) 882-4983,2025-02-12 18:03:18,"Metropolitan Podiatry Associates, PLLC",0,No,NULL,0,NULL,NULL,NULL,0,NULL,NULL,0,Active,1,Active,(202) 882-9682,NULL,NULL,http://www.metropodiatry.net
13888,Stockton,NULL,NULL,Valley Podiatry Group,"3031 West March Lane, Ste.310 E",NULL,MAIN,95219,NULL,CA,NULL,2,Clinic,NULL,jstauffer@valleypodiatrygroup.com,NULL,(209) 472-1203,2025-02-12 18:03:18,"Stauffer, DPM/Josh",0,No,6EBFFFCE-AF1D-DF11-988D-000C29EC1EE3,0,Valley Podiatry,NULL,NULL,0,NULL,NULL,0,Active,1,Active,(209) 472-0800,NULL,NULL,NULL
13889,Anaheim,NULL,NULL,NULL,"6200 E Canyon Rim Rd, #111E",NULL,MAIN,92807,NULL,CA,NULL,2,Clinic,Kathey@KatzPodiatry.com,Kathy@KatzPodiatry.com,NULL,(717) 974-7683,2024-04-05 11:35:22,Anaheim Hills Podiatry Group,0,No,NULL,0,NULL,NULL,NULL,0,NULL,NULL,0,Active,1,Active,(714) 974-3338,NULL,NULL,http://www.anaheimfeet.com
13890,Shibuya-ku,NULL,NULL,NULL,1-14-35 Jingumae,NULL,BILL TO,150-0001,Kamo Harajyuku,Tokyo,NULL,4,Distributor,cs-nwpl@nwpl-jp.com,impact@yk.rim.or.jp,NULL,+81-467-84-9713,2024-04-16 09:31:59,Impact Trading - KAMO Harajyuku,0,No,795F2927-FF12-4727-9722-322B7E869737,0,Impact Trading Co. Ltd.,NULL,NULL,0,NULL,NULL,0,Active,1,Active,+81-467-84-9712,NULL,NULL,NULL
13891,Okayama,NULL,NULL,Physical Wave Resonance,2-16-11-2 Yamashita-cho,NULL,BILL TO,394-0005,NULL,Nagano,NULL,2,Clinic,cs-nwpl@nwpl-jp.com,impact@yk.rim.or.jp,NULL,+81-467-84-9713,2025-02-12 18:03:19,Impact Trading - Physical Wave Resonance,0,No,795F2927-FF12-4727-9722-322B7E869737,0,Impact Trading Co. Ltd.,NULL,NULL,0,NULL,NULL,0,Active,1,Active,+81-467-84-9712,NULL,NULL,NULL
13892,Oakland,NULL,NULL,NULL,"450 30th St, Ste 2860",NULL,MAIN,94609,NULL,CA,NULL,2,Clinic,cpm@samuelmerritt.edu,tdutra@samuelmerritt.edu,NULL,NULL,2025-02-12 18:03:19,Samuel Merritt University - College of Podiatric Medicine,0,No,NULL,0,NULL,NULL,NULL,0,NULL,NULL,0,Active,1,Active,(510) 879-0336,NULL,NULL,NULL
13893,Austin,NULL,NULL,NULL,"1221 W Ben White Blvd, 212B",NULL,MAIN,78704,NULL,TX,NULL,2,Clinic,AustinPodiatry@hotmail.com,AustinPodiatry@hotmail.com,NULL,(512) 448-4460,2025-02-12 18:03:19,Austin Podiatry PA,0,No,NULL,0,NULL,NULL,NULL,0,NULL,NULL,0,Active,1,Active,(512) 448-3668,NULL,NULL,NULL
13894,Overland Park,NULL,NULL,NULL,11775 W 112th St,NULL,BILL TO,66210,Jim Andreassen,KS,NULL,2,Clinic,ap@hopekc.com,ap@hopekc.com,NULL,(515) 993-9777,2025-02-12 18:03:19,Horizon Orthotic & Prosthetic Experience,0,No,NULL,0,NULL,NULL,NULL,0,NULL,NULL,0,Active,1,Active,(319) 504-3379,NULL,NULL,http://www.hopekc.com/
13896,Normal,NULL,NULL,NULL,"1607 Visa Drive S, Ste.5B",NULL,MAIN,61761,NULL,IL,NULL,2,Clinic,NULL,bonnievcortesefootandankle@gmail.com,NULL,(309) 452-3668,2025-02-12 18:03:19,"Cortese Foot and Ankle Clinic, PC",0,No,NULL,0,NULL,NULL,NULL,0,NULL,NULL,0,Active,1,Active,(309) 452-3000,NULL,NULL,https://www.cortesefootandankle.com/
13897,Spokane,NULL,NULL,NULL,911 West 5th Ave,NULL,MAIN,99204,NULL,WA,NULL,3,Hospital,ShrinersSPO-AP@shrinenet.org,thogue@shrinenet.org,NULL,(509) 623-0474,2025-02-12 18:03:19,"Shriners Hospital for Children, Spokane",0,No,NULL,0,NULL,NULL,NULL,0,NULL,NULL,0,Active,1,Active,(509) 623-0414,NULL,NULL,https://www.shrinerschildrens.org/en/locations/spokane
13898,Ronkonkoma,NULL,NULL,NULL,"201 Portion Rd, Ste.C",NULL,MAIN,11779,NULL,NY,NULL,2,Clinic,paml@advancedfootcare.com,paml@advancedfootcare.com,NULL,(631) 467-1417,2025-02-12 18:03:19,Advanced Podiatry - Ronkonkoma,0,No,1DC55BDF-F780-DD11-A456-0019B9B8224A,0,Advanced Podiatry,NULL,NULL,0,NULL,NULL,0,Active,1,Active,(631) 467-2813,NULL,NULL,http://www.advancedfootcare.com
13899,Mahwah,NULL,NULL,Regina,"115 Franklin Turnpike, Ste.291",NULL,BILLING,07430,NULL,NJ,NULL,2,Clinic,office.alliancefa@gmail.com,office.alliancefa@gmail.com,NULL,(949) 543-2010,2024-05-23 08:42:54,Alliance Foot and Ankle Care,0,No,NULL,0,NULL,NULL,NULL,0,NULL,NULL,0,Active,1,Active,(201) 778-4471,NULL,NULL,https://alliancefacare.com/
13388,Berkeley,NULL,NULL,NULL,"3000 Colby St, Ste 107",NULL,MAIN,94705,NULL,CA,NULL,1,Sole Practitioner,NULL,Dr.YukoM@gmail.com,NULL,(510) 764-2446,2025-02-12 18:02:37,"Miyazaki, DPM/ Yuko",0,No,NULL,0,NULL,NULL,NULL,0,NULL,NULL,0,Active,1,Active,(510) 647-3744,NULL,NULL,https://justfootankle.com
13389,Calgary,NULL,NULL,NULL,287 - 5005 Dalhousie Dr NW,NULL,MAIN,T3A 5R8,NULL,AB,NULL,2,Clinic,info@calgarypodiatrist.com,info@calgarypodiatrist.com,NULL,(403) 247-6765,2025-02-12 18:02:37,Dalhousie Station Foot Clinic,0,No,NULL,0,NULL,NULL,F63AC5EA-C8FF-E711-9BD3-005056995B7E,0,"Ian Russell, DPM","Ian Russell, DPM",0,Active,1,Active,(403) 247-1961,NULL,NULL,http://www.calgarypodiatrist.com
13390,Saskatoon,NULL,NULL,NULL,506 - 320 5th Ave N,NULL,MAIN,S7K 2P5,NULL,SK,NULL,1,Sole Practitioner,NULL,cbccampbell.60@gmail.com,NULL,NULL,2024-11-01 11:05:00,"Campbell, DPM/ Corrine",0,No,NULL,0,NULL,NULL,NULL,0,NULL,NULL,0,Active,1,Active,(306) 361-0364,NULL,NULL,NULL
13391,Burlington,NULL,NULL,NULL,"1240 Burloak Dr, Unit 7 & 8",NULL,MAIN,L7L 6B3,NULL,ON,NULL,5,Other,NULL,clientservice@sbiorthoticlab.ca,NULL,NULL,2025-02-12 18:02:37,SBI Orthotic Lab Inc,0,No,NULL,0,NULL,NULL,NULL,0,NULL,NULL,0,Active,1,Active,(905) 332-0983,NULL,NULL,http://sbiorthoticlab.ca
13392,Denver,NULL,NULL,NULL,"3459 Ringsby Ct, Ste 300",NULL,MAIN,80216,NULL,CO,NULL,2,Clinic,ap@boatechnology.com,bbostock@boatechnology.com,NULL,NULL,2025-02-12 18:02:37,Boa Technology,0,No,NULL,0,NULL,NULL,NULL,0,NULL,NULL,0,Active,1,Active,(303) 964-2701,NULL,NULL,http://www.theboasystem.com
13393,Sacramento,United States,NULL,NULL,"7601 Hospital Dr, Ste 104A",NULL,MAIN,95823,NULL,CA,NULL,1,Sole Practitioner,NULL,katherinekalthoff@sbcglobal.net,NULL,(916) 681-3533,2025-02-12 18:02:37,"Kalthoff, DPM/Katherine",0,No,NULL,0,NULL,NULL,B91B3D8F-5D0C-E811-9BD3-005056995B7E,0,"Katherine L. Kalthoff, DPM","Katherine L. Kalthoff, DPM",0,Active,1,Active,(916) 423-4020,NULL,NULL,http://www.kalthoffdpm.com/
13394,Lafayette,NULL,NULL,NULL,"1365 Forest Park Cir, Ste 102",NULL,MAIN,80026,NULL,CO,NULL,2,Clinic,NULL,drvanderweit@gmail.com,NULL,NULL,2025-02-12 18:02:37,"Compass Chiropractic, Inc.",0,No,NULL,0,NULL,NULL,NULL,0,NULL,NULL,0,Active,1,Active,(303) 955-5208,NULL,NULL,http://www.compasschiropractic.org
13395,Snowflake,United States,NULL,NULL,"932 S Main St, Unit B203",NULL,MAIN,85937,NULL,AZ,NULL,2,Clinic,NULL,squirefootandankle@gmail.com,NULL,(928) 457-0929,2025-02-12 18:02:37,Squire Foot & Ankle PLLC,0,No,NULL,0,NULL,NULL,1DD5002B-B81C-E811-9BD3-005056995B7E,0,"Chad Squire, DPM","Chad Squire, DPM",0,Active,1,Active,(928) 457-0961,NULL,NULL,https://www.squirefootandankle.com/
13396,Marco Island,NULL,NULL,NULL,631 S Barfield Dr,NULL,BILL TO,34145,NULL,FL,NULL,1,Sole Practitioner,NULL,NULL,NULL,NULL,2025-02-12 18:02:37,"Fernando, MD/ Liyanage",0,No,NULL,0,NULL,NULL,NULL,0,NULL,NULL,0,Active,1,Active,(239) 206-4499,NULL,NULL,NULL
13397,Yokohama,NULL,NULL,GLP Ayase,5F Shinyokohama No. 3 Tosho Bldg,NULL,BILL TO,222-0033,Senda Medical Clinic,Kanagawa-ken,NULL,2,Clinic,cs-nwpl@nwpl-jp.com,impact@yk.rim.or.jp,NULL,+81-467-84-9713,2025-02-12 18:02:37,Impact Trading - Senda Medical Clinic,0,No,795F2927-FF12-4727-9722-322B7E869737,0,Impact Trading Co. Ltd.,NULL,NULL,0,NULL,NULL,0,Active,1,Active,+81-467-84-9712,NULL,NULL,NULL
13939,Fresh Meadows,NULL,NULL,NULL,"6134 188th St, Ste 203",NULL,MAIN,11365,Evan Vieira,NY,NULL,2,Clinic,thelvfs@gmail.com,thelvfs@gmail.com,NULL,NULL,2025-02-12 18:03:23,The LV Foot Surgeons,0,No,NULL,0,NULL,NULL,NULL,0,NULL,NULL,0,Active,1,Active,(718) 454-4333,NULL,NULL,http://www.thelvfs.com
13940,Shimotakai District,NULL,NULL,Impact Trading - Nurselog,"Kijimadaira Village, Kamikishima 3501-16",NULL,BILL TO,389-2303,NULL,Nagano,NULL,NULL,NULL,NULL,cc-nwpl@nwpl-jp.com,NULL,+81-467-84-9713,2025-01-31 15:27:49,Impact Trading - Nurselog,0,No,795F2927-FF12-4727-9722-322B7E869737,0,Impact Trading Co. Ltd.,NULL,NULL,0,NULL,NULL,0,Active,1,Active,+81-467-84-9712,NULL,NULL,NULL
13941,Salida,NULL,NULL,NULL,920 Rush Dr,NULL,MAIN,81201,NULL,CO,NULL,2,Clinic,wentzfootandankle@hotmail.com,wentzfootandankle@hotmail.com,NULL,(719) 539-6606,2025-02-06 08:36:50,Wentz Foot and Ankle,0,No,NULL,0,NULL,NULL,NULL,0,NULL,NULL,0,Active,1,Active,(719) 539-6600,(719) 539-6606,NULL,http://www.wentzfootandankle.com
13943,Peoria,NULL,NULL,NULL,PO Box 6259,NULL,BILL TO,61601,NULL,IL,NULL,2,Clinic,osfhealthcare.AP@osfhealthcare.org,Bryce.Paschold@gmail.com,NULL,(309) 664-1382,2025-02-06 09:29:42,OSFMG Orthopedics-Bloomington,0,No,C7006B11-ACE4-EF11-9D62-005056995B7E,0,OSF HealthCare,NULL,NULL,0,NULL,NULL,0,Active,1,Active,(309) 663-9300,(309) 308-6362,NULL,NULL
13944,Naples,NULL,NULL,Foot & Ankle Management Group,"681 Goodlette Rd N, Ste 16",NULL,NULL,34102,"Eric Krznaric, DPM",FL,NULL,NULL,NULL,info@footandanklemgmt.com,NULL,NULL,(239) 263-8435,2025-02-10 08:39:57,"Eric Krznaric, DPM",0,No,A7AB7040-1262-EE11-9AFF-005056995B7E,0,Foot & Ankle Management Group,NULL,NULL,0,NULL,NULL,0,Active,1,Active,(239) 263-0200,NULL,NULL,http://www.footandanklemgmt.com
13264,Downey,NULL,NULL,NULL,"11411 Brookshire Ave, Ste 501",NULL,MAIN,90241,NULL,CA,NULL,2,Clinic,NULL,socalpodstaff@gmail.com,NULL,(562) 868-2828,2025-02-12 18:02:27,SoCal Podiatry PC,0,No,NULL,0,NULL,NULL,NULL,0,NULL,NULL,0,Active,1,Active,(562)266-4396,NULL,NULL,http://scalpodiatry.com
13265,Naples,NULL,NULL,NULL,PO Box 110759,NULL,BILL TO,34108,NULL,FL,NULL,2,Clinic,april@gulfcoastfootcare.com,NULL,NULL,(239) 566-8778,2025-02-12 18:02:27,Gulf Coast Foot & Ankle Specialists,0,No,NULL,0,NULL,NULL,NULL,0,NULL,NULL,0,Active,1,Active,(239) 566-8800,NULL,NULL,http://www.gulfcoastfootcare.com/
13266,Culver City,NULL,NULL,NULL,5837A Uplander Way,NULL,MAIN,90230,.,CA,NULL,2,Clinic,NULL,NULL,NULL,(310) 348-9099,2025-02-12 18:02:27,Prosthetic Orthotic Group,0,No,NULL,0,NULL,NULL,NULL,0,NULL,NULL,0,Active,1,Active,(310) 348-9090,NULL,NULL,NULL
13209,Tucson,NULL,NULL,NULL,"1845 W Orange Grove Rd, Ste 125",NULL,MAIN,85704,NULL,AZ,NULL,NULL,NULL,bociandpm@comcast.net,NULL,NULL,(520) 877-3329,2025-02-12 18:02:22,"Bocian, DPM/ Darin",0,No,NULL,0,NULL,NULL,539E06BC-1234-E611-9E53-005056995B7E,0,"Darin Bocian, DPM","Darin Bocian, DPM",0,Active,1,Active,(520) 877-3328,NULL,NULL,http://www.bociandpm.com/
13744,Yokohama,NULL,NULL,GLP Ayase,5F Shinyokohama No. 3 Tosho Bldg,NULL,BILL TO,222-0033,KAMO Shibuya,Kanagawa-ken,NULL,2,Clinic,cs-nwpl@nwpl-jp.com,impact@yk.rim.or.jp,NULL,+81-467-84-9713,2025-02-12 18:03:07,Impact Trading - KAMO Shibuya,0,No,795F2927-FF12-4727-9722-322B7E869737,0,Impact Trading Co. Ltd.,NULL,NULL,0,NULL,NULL,0,Active,1,Active,+81-467-84-9712,NULL,NULL,NULL
13745,Lake Oswego,NULL,NULL,NULL,"55 S State St, Ste 3220",NULL,MAIN,97034,NULL,OR,NULL,2,Clinic,service@oregoninstituteoffootcare.com,manson.tyler@gmail.com,NULL,(503) 635-8495,2025-02-12 18:03:07,"Oregon Institute of Foot Care, LLC",0,No,NULL,0,NULL,NULL,NULL,0,NULL,NULL,0,Active,1,Active,(503) 635-7742,NULL,NULL,https://oregoninstituteoffootcare.com/
13746,Yokohama,NULL,NULL,GLP Ayase,5F Shinyokohama No. 3 Tosho Bldg,NULL,BILL TO,222-0033,DiveAward,Kanagawa-ken,NULL,4,Distributor,cs-nwpl@nwpl-jp.com,impact@yk.rim.or.jp,NULL,+81-467-84-9713,2025-02-12 18:03:07,Impact Trading - DiveAward,0,No,795F2927-FF12-4727-9722-322B7E869737,0,Impact Trading Co. Ltd.,NULL,NULL,0,NULL,NULL,0,Active,1,Active,+81-467-84-9712,NULL,NULL,NULL
13747,Yokohama,NULL,NULL,GLP Ayase,5F Shinyokohama No. 3 Tosho Bldg,NULL,BILL TO,222-0033,ZERO Connects,Kanagawa-ken,NULL,4,Distributor,cs-nwpl@nwpl-jp.com,impact@yk.rim.or.jp,NULL,+81-467-84-9713,2025-02-12 18:03:07,Impact Trading - ZERO Connects,0,No,795F2927-FF12-4727-9722-322B7E869737,0,Impact Trading Co. Ltd.,NULL,NULL,0,NULL,NULL,0,Active,1,Active,+81-467-84-9712,NULL,NULL,NULL
13748,Yokohama,NULL,NULL,GLP Ayase,5F Shinyokohama No. 3 Tosho Bldg,NULL,BILL TO,222-0033,Koshigaya Base,Kanagawa-ken,NULL,2,Clinic,cs-nwpl@nwpl-jp.com,impact@yk.rim.or.jp,NULL,+81-467-84-9713,2025-02-12 18:03:07,Impact Trading - Koshigaya Base,0,No,795F2927-FF12-4727-9722-322B7E869737,0,Impact Trading Co. Ltd.,NULL,NULL,0,NULL,NULL,0,Active,1,Active,+81-467-84-9712,NULL,NULL,NULL
13749,Kent,United States,NULL,NULL,"20829 72nd Ave S, Ste 710",NULL,BILL TO,98032,NULL,WA,NULL,2,Clinic,dmcmurray@taipt.com,kreed@taipt.com,NULL,(253) 872-4935,2025-02-12 18:03:07,Therapeutic Assoc. Cedar Hills Physical Therapy,0,No,NULL,0,NULL,NULL,3FE92FCA-6F96-EC11-9F32-005056995B7E,0,"Kelly Reed, PT, COMT, OCS","Kelly Reed, PT, COMT, OCS",0,Active,1,Active,(503) 292-3583,NULL,NULL,https://www.therapeuticassociates.com/locations/oregon/portland-metro/cedar-hills/
13750,Midvale,NULL,NULL,NULL,7575 S 900 E,NULL,MAIN,84047,NULL,UT,NULL,2,Clinic,NULL,Daniel.Fitwell@gmail.com,NULL,(801) 872-5714,2025-02-12 18:03:07,Fitwell Prosthetic & Orthotic Center,0,No,NULL,0,NULL,NULL,NULL,0,NULL,NULL,0,Active,1,Active,(801) 364-3100,NULL,NULL,http://www.fit-well.com
13752,Stamford,NULL,NULL,Preferred Footcare,1100 Bedford St.,NULL,MAIN,06905,NULL,CT,NULL,2,Clinic,bier666@aol.com,stamfordfootcare@gmail.com,NULL,(203) 323-8430,2025-02-12 18:03:07,"Teti, DPM/ Victoria",0,No,5CDF633A-389B-EC11-9F32-005056995B7E,0,Preferred Footcare,NULL,NULL,0,NULL,NULL,0,Active,1,Active,(203) 975-9600,NULL,NULL,https://stamfordfootcare.com/
13753,Oklahoma City,NULL,NULL,NULL,922 NW 72nd St,NULL,MAIN,73116,NULL,OK,NULL,5,Other,NULL,mgarthright@cox.net,NULL,(405) 842-3824,2024-11-01 12:24:00,Southwest Orthotic Lab,0,No,NULL,0,NULL,NULL,NULL,0,NULL,NULL,0,Active,1,Active,(405) 848-1317,NULL,NULL,NULL
13754,Valhalla,NULL,NULL,NULL,"465 Columbus Ave, Ste 140",NULL,MAIN,10595,NULL,NY,NULL,2,Clinic,gabi@faasny.com,westchester@faasny.com,NULL,(914) 221-4750,2025-02-12 18:03:07,FAASNY - Westchester,0,No,3EDB330A-CAA3-E311-8A4E-005056B60006,0,FAASNY,NULL,NULL,0,NULL,NULL,0,Active,1,Active,(914) 290-6360,NULL,NULL,http://www.faasny.com
13755,Longview,United States,NULL,NULL,"2828 N 4th St, Ste 200",NULL,MAIN,75605,NULL,TX,NULL,2,Clinic,NULL,bbwdpm@aol.com,NULL,(903) 758-5056,2025-02-12 18:03:08,"Westbrook, DPM / Billy B.",0,No,NULL,0,NULL,NULL,426774A9-E8A6-EC11-9F32-005056995B7E,0,"Billy Westbrook, DPM","Billy Westbrook, DPM",0,Active,1,Active,(903) 758-4468,NULL,NULL,NULL
13756,Palo Alto,NULL,NULL,NULL,"3441 Alma St, Ste 200",NULL,MAIN,94306,NULL,CA,NULL,NULL,NULL,NULL,NULL,NULL,(650) 323-4441,2022-03-18 14:35:47,California Rehabilitation and Sports Therapy,0,No,NULL,0,NULL,NULL,NULL,0,NULL,NULL,0,Active,1,Active,(650) 323-4440,NULL,NULL,https://www.prnpt.com/locations/310/california-rehabilitation-and-sports-therapy-palo-alto/palo-alto/
13757,Selah,NULL,NULL,NULL,715 N Park Ctr,NULL,MAIN,98942,NULL,WA,NULL,2,Clinic,NULL,mhong9000@yahoo.com,NULL,(509) 698-2664,2025-02-12 18:03:08,Best Practices Healthcare Center,0,No,NULL,0,NULL,NULL,NULL,0,NULL,NULL,0,Active,1,Active,(509) 698-2624,NULL,NULL,https://bestpracticesselah.com/
13759,Lake Oswego,NULL,NULL,NULL,"311 B Ave, Ste S",NULL,MAIN,97034,NULL,OR,NULL,2,Clinic,NULL,contact@willamettefootandankle.com,NULL,(503) 210-0364,2025-02-12 18:03:08,Willamette Foot & Ankle,0,No,NULL,0,NULL,NULL,NULL,0,NULL,NULL,0,Active,1,Active,(503) 804-7579,NULL,NULL,https://www.willamettefootandankle.com/
13760,Upper Saddle River,United States,NULL,NULL,27 Robin Ridge Rd,NULL,BILL TO,07458,NULL,NJ,NULL,2,Clinic,NULL,drgodoy@alpsroadfootandankle.com,NULL,(973) 832-4062,2025-02-12 18:03:08,Alps Road Family Foot & Ankle,0,No,NULL,0,NULL,NULL,F7355AA4-C3AB-EC11-9F32-005056995B7E,0,"Heidi Godoy, DPM","Heidi Godoy, DPM",0,Active,1,Active,(973) 832-4061,NULL,NULL,http://www.alpsroadfootandankle.com
13761,Cascade,NULL,NULL,NULL,PO Box 1330,NULL,BILL TO,83611,NULL,ID,NULL,2,Clinic,accounting@cmchd.org,NULL,NULL,(208) 382-3359,2025-02-12 18:03:08,Cascade Medical Center Physical Therapy,0,No,NULL,0,NULL,NULL,NULL,0,NULL,NULL,0,Active,1,Active,(208) 382-3862,NULL,NULL,http://cmchd.org
13769,Laramie,NULL,NULL,NULL,811 S 10th St,NULL,BILL TO,82070,NULL,WY,NULL,5,Other,melissa@thelinkinnovations.com,aaron@thelinkinnovations.com,NULL,NULL,2025-02-12 18:03:08,Link,0,No,NULL,0,NULL,NULL,NULL,0,NULL,NULL,0,Active,1,Active,(307) 399-2211,NULL,NULL,http://thelinkinnovations.com
13771,Hickory,NULL,NULL,NULL,1501 Tate Blvd SE Ste 203,NULL,MAIN,28602,NULL,NC,NULL,2,Clinic,tmcdonald@toedocs.com,seldr27@gmail.com,NULL,(828) 304-0142,2025-02-12 18:03:08,Carolina Foot and Ankle Associates,0,No,NULL,0,NULL,NULL,4E74D706-CAB9-EC11-9F32-005056995B7E,0,"Stephanie Eldridge, DPM","Stephanie Eldridge, DPM",0,Active,1,Active,(828) 304-0400,NULL,NULL,http://www.toedocs.com
13772,Saint Louis,NULL,NULL,NULL,615 S Vandeventer Ave,NULL,MAIN,63110,NULL,MO,NULL,2,Clinic,invoice@streamlineorthotics.com,NULL,NULL,(314) 289-9101,2025-02-12 18:03:08,Streamline Orthotics and Prosthetics,0,No,NULL,0,NULL,NULL,NULL,0,NULL,NULL,0,Active,1,Active,(314) 289-9100,NULL,NULL,http://www.streamlineorthotics.com
13773,Yokohama,NULL,NULL,GLP Ayase,5F Shinyokohama No. 3 Tosho Bldg,NULL,BILL TO,222-0033,Shoemart Jyouetsuuingu,Kanagawa-ken,NULL,4,Distributor,cs-nwpl@nwpl-jp.com,impact@yk.rim.or.jp,NULL,+81-467-84-9713,2025-02-12 18:03:08,Impact Trading - Shoemart Jyouetsuuingu,0,No,795F2927-FF12-4727-9722-322B7E869737,0,Impact Trading Co. Ltd.,NULL,D1B4819F-39D7-EE11-9AFF-005056995B7E,0,Kazuhiro Numazawa,Kazuhiro Numazawa,0,Active,1,Active,+81-467-84-9712,NULL,NULL,NULL
13774,Yokohama,NULL,NULL,GLP Ayase,5F Shinyokohama No. 3 Tosho Bldg,NULL,BILL TO,222-0033,Shoemart Matsumototsukama,Kanagawa-ken,NULL,4,Distributor,cs-nwpl@nwpl-jp.com,impact@yk.rim.or.jp,NULL,+81-467-84-9713,2025-02-12 18:03:08,Impact Trading - Shoemart Matsumototsukama,0,No,795F2927-FF12-4727-9722-322B7E869737,0,Impact Trading Co. Ltd.,NULL,NULL,0,NULL,NULL,0,Active,1,Active,+81-467-84-9712,NULL,NULL,NULL
13775,Yokohama,NULL,NULL,GLP Ayase,5F Shinyokohama No. 3 Tosho Bldg,NULL,BILL TO,222-0033,Shoemart Inasato,Kanagawa-ken,NULL,4,Distributor,cs-nwpl@nwpl-jp.com,impact@yk.rim.or.jp,NULL,+81-467-84-9713,2025-02-12 18:03:08,Impact Trading - Shoemart Inasato,0,No,795F2927-FF12-4727-9722-322B7E869737,0,Impact Trading Co. Ltd.,NULL,NULL,0,NULL,NULL,0,Active,1,Active,+81-467-84-9712,NULL,NULL,NULL
13776,Yokohama,NULL,NULL,GLP Ayase,5F Shinyokohama No. 3 Tosho Bldg,NULL,BILL TO,222-0033,Nara Bonesetter,Kanagawa-ken,NULL,4,Distributor,cs-nwpl@nwpl-jp.com,impact@yk.rim.or.jp,NULL,+81-467-84-9713,2025-02-12 18:03:09,Impact Trading - Nara Bonesetter,0,No,795F2927-FF12-4727-9722-322B7E869737,0,Impact Trading Co. Ltd.,NULL,NULL,0,NULL,NULL,0,Active,1,Active,+81-467-84-9712,NULL,NULL,NULL
13777,Longview,NULL,NULL,NULL,PO Box 1338,NULL,BILL TO,98632,NULL,WA,NULL,2,Clinic,chesstrumpetw@yahoo.com,doctodd25@gmail.com,NULL,(360) 423-6230,2025-02-12 18:03:09,Kirkpatrick Foot & Ankle,0,No,NULL,0,NULL,NULL,NULL,0,NULL,NULL,0,Active,1,Active,(360) 423-9580,NULL,NULL,http://kirkpatrickfamilycare.com
13778,Winchester,United States,NULL,NULL,3052 Valley Ave Ste 101,NULL,MAIN,22601,Megan McIntyre,VA,NULL,2,Clinic,megan.mcintyre.dpt@gmail.com,megan.mcintyre.dpt@gmail.com,NULL,(540) 492-5583,2025-02-12 18:03:09,Milestone Pediatric Therapy LLC,0,No,NULL,0,NULL,NULL,79C20C54-57E7-EC11-9F32-005056995B7E,0,Megan McIntyre,Megan McIntyre,0,Active,1,Active,(540) 724-1757,NULL,NULL,https://www.milestonepedstherapy.com/
13779,Moses Lake,United States,NULL,NULL,801 E Wheeler Rd,NULL,BILLTO,98837,NULL,WA,NULL,2,Clinic,samaritan@invoicedeliveryservices.com.,aamidi@samaritanhealthcare.org,NULL,(509) 764-3217,2025-02-12 18:03:09,Samaritan Healthcare,0,No,NULL,0,NULL,NULL,FE0BD1D4-D3E8-EC11-9F32-005056995B7E,0,"Arezou Amidi, DPM","Arezou Amidi, DPM",0,Active,1,Active,(509) 793-9705,NULL,NULL,https://www.samaritanhealthcare.com/team-member/arezou-amidi/
13213,La Quinta,United States,NULL,NULL,"79200 Corporate Ctr Dr, Ste 104",NULL,MAIN,92253,NULL,CA,NULL,2,Clinic,accounting@westcoastfootandankle.com,dfootankle@gmail.com,NULL,(760) 424-5578,2025-02-12 18:02:22,West Coast Foot and Ankle Center,0,No,NULL,0,NULL,NULL,9D8CD188-C642-E611-9FDA-005056995B7E,0,"Aaron Bean, DPM","Aaron Bean, DPM",0,Active,1,Active,(760) 565-5545,NULL,NULL,http://westcoastfootandankle.com/
13214,Pearl River,NULL,NULL,NULL,"300 N Middletown Rd, Ste 10",NULL,MAIN,10965,NULL,NY,NULL,2,Clinic,NULL,jaywhan@gmail.com,NULL,(845) 735-8445,2025-02-12 18:02:22,River Podiatry,0,No,NULL,0,NULL,NULL,A2C0DFB2-9243-E611-9FDA-005056995B7E,0,"Jungwoo Han, DPM","Jungwoo Han, DPM",0,Active,1,Active,(845) 735-8440,NULL,NULL,https://www.riverpodiatry.com/
13216,Shelton,NULL,NULL,NULL,120 SE Blue Heron Ln,NULL,MAIN,98584,NULL,WA,NULL,1,Sole Practitioner,NULL,jr8778@gmail.com,NULL,NULL,2025-02-12 18:02:22,"Rice, DPM/ John (personal acct)",0,No,NULL,0,NULL,NULL,NULL,0,NULL,NULL,0,Active,1,Active,(360) 426-5504,NULL,NULL,NULL
13611,Yokohama,NULL,NULL,GLP Ayase,5F Shinyokohama No. 3 Tosho Bldg,NULL,BILL TO,222-0033,Shoemart Naganohigashiwada,Kanagawa-ken,NULL,2,Clinic,cs-nwpl@nwpl-jp.com,impact@yk.rim.or.jp,NULL,+81-467-84-9713,2025-02-12 18:02:56,Impact Trading - Shoemart Naganohigashiwada,0,No,795F2927-FF12-4727-9722-322B7E869737,0,Impact Trading Co. Ltd.,NULL,NULL,0,NULL,NULL,0,Active,1,Active,+81-467-84-9712,NULL,NULL,NULL
13612,Perrysburg,NULL,NULL,NULL,"26765 Carronade Dr, Apt 2202",NULL,MAIN,43551,NULL,OH,NULL,NULL,NULL,NULL,d_tran3209@yahoo.com,NULL,NULL,2025-02-12 18:02:56,"Tran, DPM/ David",0,No,NULL,0,NULL,NULL,NULL,0,NULL,NULL,0,Active,1,Active,(724) 396-5385,NULL,NULL,NULL
13613,Grand Rapids,NULL,NULL,NULL,"1920 S Pokegama Ave, Ste.103",NULL,MAIN,55744,NULL,MN,NULL,2,Clinic,NULL,gilbertson@renewfootandankle.org,NULL,(833) 203-8020,2025-02-12 18:02:56,"Renew Foot & Ankle, LLC",0,No,NULL,0,NULL,NULL,NULL,0,NULL,NULL,0,Active,1,Active,(218) 322-6085,NULL,NULL,http://renewfootandankle.org
13614,Wenatchee,NULL,NULL,"Foot & Ankle Ctr of Wenatchee, P.S.",616 N Chelan Ave,NULL,MAIN,98801,NULL,WA,NULL,2,Clinic,NULL,kenoyer@facw.net,NULL,(509) 665-9808,2025-02-12 18:02:56,"Kenoyer, DPM/ Kyle",0,No,3ECD6644-A171-E411-B754-005056B60006,0,Foot & Ankle Ctr of Wenatchee,NULL,NULL,0,NULL,NULL,0,Active,1,Active,(509) 662-2970,NULL,NULL,http://www.footandankleofwenatchee.com/
13615,Orlando,NULL,NULL,NULL,1420 Poinsetta Ave,NULL,MAIN,32804,NULL,FL,NULL,1,Sole Practitioner,emaguire05@gmail.com,emaguire@orlandofoot.com,NULL,(407) 877-0193,2025-02-12 18:02:56,Orlando Foot and Ankle Clinic,0,No,NULL,0,NULL,NULL,NULL,0,NULL,NULL,0,Active,1,Active,(407) 432-5071,NULL,NULL,http://orlandofootandankleclinic.com
13303,Erie,NULL,NULL,NULL,3850 Walker Blvd,NULL,MAIN,16509,NULL,PA,NULL,2,Clinic,NULL,NULL,NULL,(814) 864-2383,2025-02-12 18:02:29,"BayCity Associates in Podiatry, Inc.",0,No,NULL,0,NULL,NULL,NULL,0,NULL,NULL,0,Active,1,Active,(814) 864-2360 or (814) 864-2375,NULL,NULL,http://www.eriepodiatrists.com/
13304,Gilbert,NULL,NULL,NULL,3011 S. Lindsay Rd,Suite 113,MAIN,85295,NULL,AZ,NULL,NULL,NULL,gregoryprowe@hotmail.com,gregoryprower@hotmail.com,NULL,(480)759-5404,2025-02-12 18:02:29,"Rowe, DPM/ Gregory",0,No,NULL,0,NULL,NULL,170DEB22-3F79-E711-A0CE-005056995B7E,0,Gregory Rowe,Gregory Rowe,0,Active,1,Active,(480)759-6737,NULL,NULL,NULL
13305,Yokohama,NULL,NULL,GLP Ayase,5F Shinyokohama No. 3 Tosho Bldg,NULL,BILL TO,222-0033,Asama General Hospital,Kanagawa-ken,NULL,2,Clinic,cs-nwpl@nwpl-jp.com,impact@yk.rim.or.jp,NULL,+81-467-84-9713,2025-02-12 18:02:30,Impact Trading - Asama General Hospital,0,No,795F2927-FF12-4727-9722-322B7E869737,0,Impact Trading Co. Ltd.,NULL,NULL,0,NULL,NULL,0,Active,1,Active,+81-467-84-9712,NULL,NULL,NULL
13306,Yokohama,NULL,NULL,GLP Ayase,5F Shinyokohama No. 3 Tosho Bldg,NULL,Bill TO,222-0033,Sona,Kanagawa-ken,NULL,2,Clinic,cs-nwpl@nwpl-jp.com,impact@yk.rim.or.jp,NULL,+81-467-84-9713,2025-02-12 18:02:30,Impact Trading - Sona,0,No,795F2927-FF12-4727-9722-322B7E869737,0,Impact Trading Co. Ltd.,NULL,NULL,0,NULL,NULL,0,Active,1,Active,+81-467-84-9712,NULL,NULL,NULL
13307,Yokohama,NULL,NULL,GLP Ayase,5F Shinyokohama No. 3 Tosho Bldg,NULL,BILL TO,222-0033,Sato Orthopedic and Plastic Surgical Clinic,Kanagawa-ken,NULL,2,Clinic,cs-nwpl@nwpl-jp.com,impact@yk.rim.or.jp,NULL,+81-467-84-9713,2025-02-12 18:02:30,Impact Trading - Sato Orthopedic and Plastic Surgical Clinic,0,No,795F2927-FF12-4727-9722-322B7E869737,0,Impact Trading Co. Ltd.,NULL,NULL,0,NULL,NULL,0,Active,1,Active,+81-467-84-9712,NULL,NULL,NULL
13308,Yokohama,NULL,NULL,GLP Ayase,5F Shinyokohama No. 3 Tosho Bldg,NULL,BILL TO,222-0033,Yamamuro Clinic,Kanagawa-ken,NULL,2,Clinic,cs-nwpl@nwpl-jp.com,impact@yk.rim.or.jp,NULL,+81-467-84-9713,2025-02-12 18:02:30,Impact Trading - Yamamuro Clinic,0,No,795F2927-FF12-4727-9722-322B7E869737,0,Impact Trading Co. Ltd.,NULL,NULL,0,NULL,NULL,0,Active,1,Active,+81-467-84-9712,NULL,NULL,NULL
13558,Roseville,NULL,NULL,Accounts Payable Attn: Tina Place,PO Box 619110,NULL,BILL TO,95661,Antioch Care Center - Podiatry,CA,NULL,NULL,NULL,S3vendorinvoices@sutterhealth.org,NULL,NULL,(510) 506-7728,2025-02-12 18:02:52,Sutter East Bay Medical Foundation,0,No,82BA8F2E-90FC-DE11-AF67-000C29EC1EE3,0,Sutter Health - PAMF,NULL,NULL,0,NULL,NULL,0,Active,1,Active,(925) 776-7725,NULL,NULL,https://www.sutterhealth.org/sebmf
13559,Roseville,NULL,NULL,Podiatry,Accounts Payable Attn: Tina Place,PO Box 619110,BILL TO,95661,Castro Valley Care Center,CA,NULL,2,Clinic,S3vendorinvoices@sutterhealth.org,shief@sutterhealth.org,NULL,(510) 506-7729,2025-02-12 18:02:52,Sutter East Bay Medical Foundation,0,No,82BA8F2E-90FC-DE11-AF67-000C29EC1EE3,0,Sutter Health - PAMF,NULL,NULL,0,NULL,NULL,0,Active,1,Active,(510) 886-3400,NULL,NULL,http://www.sutterhealth.org/sebmf
13560,Roseville,NULL,NULL,Accounts Payable Attn: Tina Place,PO Box 619110,NULL,BILL TO,95661,Oakland Care Center- Podiatry,CA,NULL,2,Clinic,S3vendorinvoices@sutterhealth.org,NULL,NULL,(510) 506-7725,2025-02-12 18:02:52,Sutter East Bay Medical Foundation,0,No,82BA8F2E-90FC-DE11-AF67-000C29EC1EE3,0,Sutter Health - PAMF,NULL,NULL,0,NULL,NULL,0,Active,1,Active,(510) 204-8290,NULL,NULL,https://www.sutterhealth.org/sebmf
13561,Roseville,United States,NULL,NULL,Attn:  Bryan Pieper,PO BOX 619110,BILL TO,95661,NULL,CA,NULL,2,Clinic,S3vendorinvoices@sutterhealth.org,blakestj@sutterhealth.org,NULL,(831) 477-2330,2025-02-12 18:02:52,Sutter Health PAMF-Santa Cruz,0,No,82BA8F2E-90FC-DE11-AF67-000C29EC1EE3,0,Sutter Health - PAMF,NULL,NULL,0,NULL,NULL,0,Active,1,Active,(831) 477-2325,NULL,NULL,http://www.pamf.org
13562,Exeter,NULL,NULL,NULL,39 Northernhay St,NULL,BILL TO,EX4 3ER,NULL,Devon,NULL,2,Clinic,NULL,northernhayadmin@icloud.com,NULL,NULL,2019-09-16 10:43:10,Northernhay Clinic LTC,0,No,NULL,0,NULL,NULL,NULL,0,NULL,NULL,0,Active,1,Active,+44 01392 259101,NULL,NULL,http://www.northernhayclinic.com/
13563,Yokohama,NULL,NULL,Machida Do,GLP Ayase,5F Shinyokohama No. 3 Tosho Bldg,BILL TO,222-0033,NULL,Kanagawa-ken,NULL,4,Distributor,cs-nwpl@nwpl-jp.com,impact@yk.rim.or.jp,NULL,+81-467-84-9713,2025-02-12 18:02:52,Impact Trading - Machida Do,0,No,795F2927-FF12-4727-9722-322B7E869737,0,Impact Trading Co. Ltd.,NULL,NULL,0,NULL,NULL,0,Active,1,Active,+81-467-84-9712,NULL,NULL,NULL
13564,Plymouth,United States,NULL,"Terryl A. Dorsch DPM, PC","45 Resnick Rd, Ste 107",NULL,MAIN,02360,NULL,MA,NULL,2,Clinic,NULL,affiliatedfootcare@yahoo.com,NULL,NULL,2025-02-12 18:02:52,Affiliated Foot Care,0,No,NULL,0,NULL,NULL,71B4CBD3-10DF-E911-A1F4-005056995B7E,0,"Terryl Dorsch, DPM","Terryl Dorsch, DPM",0,Active,1,Active,(508) 747-3567,NULL,NULL,http://www.affiliatedfootcare.com/
13565,Cedar Knolls,United States,NULL,NULL,"218 Ridgedale Ave, Ste 101",NULL,MAIN,07927,NULL,NJ,NULL,NULL,NULL,NULL,Heidi.Godoy@consensushealth.com,NULL,(973) 538-1070,2025-02-12 18:02:52,The Pediatric Orthopedic Center,0,No,NULL,0,NULL,NULL,CAF59187-2DE5-E911-A1F4-005056995B7E,0,"Heidi Godoy, DPM","Heidi Godoy, DPM",0,Active,1,Active,(973) 538-7700,NULL,NULL,https://pediatricorthopedics.com/our-physicians/
13566,Issaquah,United States,NULL,NULL,"175 1st Pl NW, Ste B",NULL,MAIN,98027,NULL,WA,NULL,2,Clinic,NULL,endurancefootandankle@gmail.com,NULL,NULL,2025-02-12 18:02:52,Endurance Foot and Ankle,0,No,NULL,0,NULL,NULL,2AEA2B68-C5E6-E911-A1F4-005056995B7E,0,"Chris Jones, DPM","Chris Jones, DPM",0,Active,1,Active,(909) 215-3370,NULL,NULL,https://www.endurancefootandankle.com/
13923,Eugene,NULL,NULL,NULL,1680 Chambers St. Ste 201,NULL,MAIN,97402,NULL,OR,NULL,2,Clinic,andrea@eugenefootandankle.com,dusty@eugenefootandankle.com,NULL,(541) 683-6440,2025-02-12 18:03:22,Eugene Foot & Ankle,0,No,NULL,0,NULL,NULL,98FCA3C2-D280-EF11-A4F4-005056995B7E,0,"Michael McCourt, DPM","Michael McCourt, DPM",0,Active,1,Active,(541) 683-3351,NULL,NULL,https://eugenefootandankle.com/
13924,Suffield,NULL,NULL,NULL,5 Sutula Rd,NULL,MAIN,06078,NULL,CT,NULL,1,Sole Practitioner,Eric.Lui@hhchealth.org,Eric.Lui@hhchealth.org,NULL,NULL,2025-02-12 18:03:22,"Eric Lui, DPM (Personal)",0,No,NULL,0,NULL,NULL,NULL,0,NULL,NULL,0,Active,1,Active,(718) 986-0564,NULL,NULL,NULL
13925,Jackson,NULL,NULL,Scott Harmon,PO Box 1828,NULL,BILL TO,83001,NULL,WY,NULL,1,Sole Practitioner,NULL,ScottJacksonHolePT@gmail.com,NULL,(307) 734-4424,2025-02-12 18:03:22,"Jackson Hole Physical Therapy, PC",0,No,NULL,0,NULL,NULL,NULL,0,NULL,NULL,0,Active,1,Active,(307) 734-9005,NULL,NULL,NULL
13926,North Miami Beach,NULL,NULL,NULL,"1380 NE Miami Gardens Dr, Ste 235",NULL,MAIN,33179,NULL,FL,NULL,2,Clinic,Adlers1234@gmail.com,Adlers1234@gmail.com,NULL,(305) 936-8231,2025-02-12 18:03:22,Adler Foot and Ankle,0,No,NULL,0,NULL,NULL,NULL,0,NULL,NULL,0,Active,1,Active,(305) 935-3999,NULL,NULL,http://www.adlerfootankle.com
13927,Watertown,NULL,NULL,NULL,"101 Oakridge Ct, Ste A",NULL,MAIN,53094,NULL,WI,NULL,2,Clinic,NULL,NULL,NULL,NULL,2025-02-12 18:03:22,Rock River Foot and Ankle,0,No,NULL,0,NULL,NULL,NULL,0,NULL,NULL,0,Active,1,Active,(920) 261-9610,NULL,NULL,NULL
13928,North Attleboro,NULL,NULL,NULL,"500 E Washington St, Ste 14",NULL,MAIN,02760,NULL,MA,NULL,1,Sole Practitioner,office@drkellymclaughlin.com,office@drkellymclaughlin.com,NULL,(401) 496-9501,2025-02-12 18:03:22,"E. Kelly McLaughlin, DPM",0,No,NULL,0,NULL,NULL,NULL,0,NULL,NULL,0,Active,1,Active,(774) 306-4147,NULL,NULL,http://www.drkellymclaughlin.com
13929,Columbia,NULL,NULL,NULL,1739 Blanding St,NULL,MAIN,29201,NULL,SC,NULL,2,Clinic,michjohnson@hanger.com,michjohnson@hanger.com,NULL,NULL,2025-02-12 18:03:22,"Hanger Clinic, Columbia, SC",0,No,NULL,0,NULL,NULL,NULL,0,NULL,NULL,0,Active,1,Active,(301) 448-5648,NULL,NULL,NULL
13930,Cincinnati,NULL,NULL,NULL,4357 Ferguson Dr. Ste 150,NULL,MAIN,45245,NULL,OH,NULL,2,Clinic,d.grinspan@cincypodiatry.com,d.grinspan@cincypodiatry.com,NULL,NULL,2025-02-12 18:03:22,Podiatry Associates of Cincinnati,0,No,NULL,0,NULL,NULL,NULL,0,NULL,NULL,0,Active,1,Active,(513) 474-4450,NULL,NULL,https://www.cincypodiatryoh.com/
13932,Dana Point,NULL,NULL,NULL,"24582 Del Prado Ave, Ste E",NULL,MAIN,92629,NULL,CA,NULL,1,Sole Practitioner,vegrandt@yahoo.com,vegrandt@yahoo.com,NULL,NULL,2025-02-12 18:03:22,"Wellbeing - Vic Grandt, DPM",0,No,NULL,0,NULL,NULL,98EFEF0B-A3A2-EF11-A4F4-005056995B7E,0,Vic Grandt,Vic Grandt,0,Active,1,Active,(559) 967-6456,NULL,NULL,http://www.wellbeingoc.com
13933,Boca Raton,NULL,NULL,"Martha Holzworth, DPM","660 Glades Road, #460",NULL,MAIN,33431,NULL,FL,NULL,2,Clinic,cnoel@brog.com,vortolani@brog.com,NULL,(561) 347-7470,2025-02-12 18:03:22,Boca Raton Orthopedic Group,0,No,NULL,0,NULL,NULL,NULL,0,NULL,NULL,0,Active,1,Active,(561) 391-5515,NULL,NULL,http://www.brog.com
13934,Yokohama,NULL,NULL,GLP Ayase,5F Shinyokohama No. 3 Tosho Bldg,NULL,BILL TO,222-0033,Zen Group,Kanagawa-ken,NULL,2,Clinic,cs-nwpl@nwpl-jp.com,impact@yk.rim.or.jp,NULL,+81-467-84-9713,2025-02-12 18:03:22,Impact Trading - Zen Group,0,No,795F2927-FF12-4727-9722-322B7E869737,0,Impact Trading Co. Ltd.,NULL,NULL,0,NULL,NULL,0,Active,1,Active,+81-467-84-9712,NULL,NULL,NULL
13935,Yokohama,NULL,NULL,GLP Ayase,5F Shinyokohama No. 3 Tosho Bldg,NULL,BILL TO,222-0033,Sports Cycle SAKAMOTO,Kanagawa-ken,NULL,2,Clinic,cs-nwpl@nwpl-jp.com,impact@yk.rim.or.jp,NULL,+81-467-84-9713,2025-02-12 18:03:23,Impact Trading - Sports Cycle SAKAMOTO,0,No,795F2927-FF12-4727-9722-322B7E869737,0,Impact Trading Co. Ltd.,NULL,NULL,0,NULL,NULL,0,Active,1,Active,+81-467-84-9712,NULL,NULL,NULL
13729,New York,NULL,NULL,Mount Sinai SLR AP,PO Box 792 Cooper Station,NULL,BILL TO,10276,NULL,NY,NULL,3,Hospital,NULL,lougalli@gmail.com,NULL,NULL,2025-02-12 18:03:06,Mount Sinai Doctors Samuel Friedman Ctr,0,No,NULL,0,NULL,NULL,NULL,0,NULL,NULL,0,Active,1,Active,(212) 252-6193,NULL,NULL,NULL
13228,Lima,NULL,NULL,NULL,"801 Medical Dr, Ste A",NULL,BILL TO,45804,NULL,OH,NULL,2,Clinic,bbyrne@orthoohio.com,NULL,NULL,(419) 224-5681,2025-02-12 18:02:23,Orthopaedic Institute of Ohio,0,No,NULL,0,NULL,NULL,NULL,0,NULL,NULL,0,Active,1,Active,(419) 222-6622  (3420),NULL,NULL,NULL
13229,Evanston,NULL,NULL,Attn:  Accounts Payable,190 Arrowhead Dr,NULL,BILL TO,82930,NULL,WY,NULL,2,Clinic,evanstonwyap@qhcus.com,NULL,NULL,(307) 783-8420,2025-02-12 18:02:23,Evanston Clinic Corp.,0,No,NULL,0,NULL,NULL,NULL,0,NULL,NULL,0,Active,1,Active,(307) 783-8258,NULL,NULL,http://www.uintamedicalgroup.com/uinta-medical-group/services1/podiatry-4179.aspx
13234,Visalia,NULL,NULL,NULL,"820 S Akers, Ste 220",NULL,MAIN,93277,NULL,CA,NULL,2,Clinic,NULL,kazi.rahman.dpm@gmail.com,NULL,(559) 636-2564,2025-02-12 18:02:24,Orthopaedic Associates Medical Clinic,0,No,NULL,0,NULL,NULL,18CF0F6E-E180-E611-A6C3-005056995B7E,0,"Kazi Rahman, DPM","Kazi Rahman, DPM",0,Active,1,Active,(559) 733-3346,NULL,NULL,http://thebonesurgeons.com/
13384,Connellsville,NULL,NULL,NULL,3 Sunrise Cir,NULL,BILL TO,15425,NULL,PA,NULL,2,Clinic,NULL,malone.podiatry@yahoo.com,NULL,(888) 325-0461,2025-02-12 18:02:36,Malone Foot Centers of Georgia LLC,0,No,NULL,0,NULL,NULL,NULL,0,NULL,NULL,0,Active,1,Active,(888) 821-1242,NULL,NULL,NULL
13385,Crestwood,United States,NULL,NULL,"6400 Westwind Way, Ste B",NULL,MAIN,40014,NULL,KY,NULL,2,Clinic,office.manager@ocfootankle.com,Dr.Pedersen@gmail.com,NULL,(502) 276-9999,2025-02-12 18:02:36,"Oldham County Foot & Ankle, PLLC",0,No,NULL,0,NULL,NULL,7D7425E2-8EF1-E711-A750-005056995B7E,0,"Jasen Pedersen, DPM","Jasen Pedersen, DPM",0,Active,1,Active,(502) 276-9999,NULL,NULL,http://oldhamcountyfootandankle.com/
13386,Wallingford,United States,NULL,NULL,27 Randolph St,NULL,MAIN,06492,NULL,CT,NULL,1,Sole Practitioner,bevanhollingsworth@gmail.com,bevanhollingsworth@gmail.com,NULL,NULL,2025-02-12 18:02:36,"Hollingsworth, DPM/ Bevan",0,No,NULL,0,NULL,NULL,EE07F338-34F6-E711-A750-005056995B7E,0,"Bevan Hollingsworth, DPM","Bevan Hollingsworth, DPM",0,Active,1,Active,(360) 261-1963,NULL,NULL,NULL
13387,Price,United States,NULL,Castle Valley Foot & Ankle,300 N Hospital Dr,NULL,BILL TO,84501,NULL,UT,NULL,3,Hospital,tycie.wright@lpnt.net,brian.griffeth@lpnt.net,NULL,(435) 637-6799,2025-02-12 18:02:37,Castleview Hospital LLC,0,No,NULL,0,NULL,NULL,FE1D4573-BEF7-E711-A750-005056995B7E,0,"Brian Griffeth, DPM","Brian Griffeth, DPM",0,Active,1,Active,(435) 637-6797,NULL,NULL,http://www.castleviewhospital.net/find-a-doctor/brian-j-griffeth-dpm
13936,Billings,NULL,NULL,NULL,"1690 Rimrock Rd, Ste L",NULL,MAIN,59102,NULL,MT,NULL,2,Clinic,ali@rimrockpodiatry.com,ali@rimrockpodiatry.com,NULL,(406) 256-3069,2025-02-12 18:03:23,Rimrock Podiatry,0,No,NULL,0,NULL,NULL,NULL,0,NULL,NULL,0,Active,1,Active,(406) 256-0077,NULL,NULL,http://rimrockpodiatry.com
13594,Yokohama,NULL,NULL,GLP Ayase,5F Shinyokohama No. 3 Tosho Bldg,NULL,BILL TO,222-0033,Ashidoraku1,Kanagawa-ken,NULL,4,Distributor,cs-nwpl@nwpl-jp.com,impact@yk.rim.or.jp,NULL,+81-467-84-9713,2023-09-27 08:13:06,Impact Trading - Ashidoraku1,0,No,795F2927-FF12-4727-9722-322B7E869737,0,Impact Trading Co. Ltd.,NULL,NULL,0,NULL,NULL,0,Active,1,Active,+81-467-84-9712,NULL,NULL,NULL
13595,Yokohama,NULL,NULL,GLP Ayase,5F Shinyokohama No. 3 Tosho Bldg,NULL,BILL TO,222-0033,Ashidoraku2,Kanagawa-ken,NULL,4,Distributor,cs-nwpl@nwpl-jp.com,impact@yk.rim.or.jp,NULL,+81-467-84-9713,2024-02-06 10:04:05,Impact Trading - Ashidoraku2,0,No,795F2927-FF12-4727-9722-322B7E869737,0,Impact Trading Co. Ltd.,NULL,NULL,0,NULL,NULL,0,Active,1,Active,+81-467-84-9712,NULL,NULL,NULL
13596,Yokohama,NULL,NULL,GLP Ayase,5F Shinyokohama No. 3 Tosho Bldg,NULL,BILL TO,222-0033,Ashidoraku3,Kanagawa-ken,NULL,4,Distributor,cs-nwpl@nwpl-jp.com,impact@yk.rim.or.jp,NULL,+81-467-84-9713,2023-09-27 08:13:55,Impact Trading - Ashidoraku3,0,No,795F2927-FF12-4727-9722-322B7E869737,0,Impact Trading Co. Ltd.,NULL,NULL,0,NULL,NULL,0,Active,1,Active,+81-467-84-9712,NULL,NULL,NULL
13597,Yokohama,NULL,NULL,GLP Ayase,5F Shinyokohama No. 3 Tosho Bldg,NULL,BILL TO,222-0033,Ashidoraku4,Kanagawa-ken,NULL,4,Distributor,cs-nwpl@nwpl-jp.com,impact@yk.rim.or.jp,NULL,+81-467-84-9713,2023-09-27 08:14:08,Impact Trading - Ashidoraku4,0,No,795F2927-FF12-4727-9722-322B7E869737,0,Impact Trading Co. Ltd.,NULL,NULL,0,NULL,NULL,0,Active,1,Active,+81-467-84-9712,NULL,NULL,NULL
13598,Sterling Heights,NULL,NULL,NULL,37450 Dequindre Rd,NULL,MAIN,48310,NULL,MI,NULL,2,Clinic,administration@tricountymedicalclinic.com,familymedicine@tricountymedicalclinic.com,NULL,(586) 979-4888,2025-02-12 18:02:55,"Tri-County Medical Clinic, PC",0,No,NULL,0,NULL,NULL,NULL,0,NULL,NULL,0,Active,1,Active,(586) 979-5100,NULL,NULL,http://tricountymedicalclinic.com
13599,Duxbury,NULL,NULL,NULL,95 Tremont St,NULL,MAIN,02332,NULL,MA,NULL,2,Clinic,NULL,pmarella@drmarella.com,NULL,(781) 934-8446,2025-02-12 18:02:55,Advanced Foot Care,0,No,NULL,0,NULL,NULL,99808F8A-A247-EA11-A85E-005056995B7E,0,"Paula Marella, DPM","Paula Marella, DPM",0,Active,1,Active,(781) 934-8447,NULL,NULL,http://www.drmarella.com
13600,Louisville,NULL,NULL,NULL,2125 S Floyd St,NULL,BILL TO,40292,NULL,KY,NULL,2,Clinic,NULL,deborah.cox@louisville.ewu,NULL,(502) 852-2497,2025-02-12 18:02:55,UL Sports Medicine,0,No,NULL,0,NULL,NULL,NULL,0,NULL,NULL,0,Active,1,Active,(502) 852-0123,NULL,NULL,NULL
13601,Toledo,NULL,NULL,NULL,2828 Barrington Dr,NULL,MAIN,43606,NULL,OH,NULL,2,Clinic,NULL,shayne.m.erman@gmail.com,NULL,NULL,2024-11-01 10:54:13,"Ankle and Foot Specialists of Sylvania, LLC",0,No,NULL,0,NULL,NULL,NULL,0,NULL,NULL,0,Active,1,Active,(419) 516-7323,NULL,NULL,http://sylvaniaDPM.com
13602,Jacksonville,NULL,NULL,NULL,"2720 Park St, Ste 210",NULL,MAIN,32205,NULL,FL,NULL,NULL,NULL,NULL,doctor@podiatristoncall.net,NULL,(904) 862-2593,2025-02-12 18:02:55,"Podiatrist On Call, LLC",0,No,NULL,0,NULL,NULL,NULL,0,NULL,NULL,0,Active,1,Active,(904) 707-8769,NULL,NULL,http://podiatristoncall.net
13603,Mount Vernon,NULL,NULL,Skagit Regional Clinics,Attn:  Finance/AP,PO Box 1376,BILL TO,98273,NULL,WA,NULL,2,Clinic,AP@SkagitValleyHospital.org,NULL,NULL,(360) 658-1534,2025-02-12 18:02:55,"Skiles, DPM/ Todd",0,No,04F923CC-88EC-E111-9570-005056B60006,0,Skagit Regional Clinic Mt. Vernon,NULL,NULL,0,NULL,NULL,0,Active,1,Active,(360) 653-3354,NULL,NULL,http://www.srclinics.org
13580,Quincy,NULL,NULL,NULL,"300 Congress St, Ste 404",NULL,BILL TO,02169,NULL,MA,NULL,2,Clinic,NULL,NULL,NULL,(617) 436-2424,2025-02-12 18:02:53,United Prosthetics,0,No,NULL,0,NULL,NULL,NULL,0,NULL,NULL,0,Active,1,Active,(617) 436-6110,NULL,NULL,https://www.unitedprosthetics.com/
13581,Yokohama,NULL,NULL,GLP Ayase,5F Shinyokohama No. 3 Tosho Bldg,NULL,BILL TO,222-0033,Renaissance Genki Gym Konandai,Kanagawa-ken,NULL,4,Distributor,cs-nwpl@nwpl-jp.com,impact@yk.rim.or.jp,NULL,+81-467-84-9713,2025-02-12 18:02:53,Impact Trading - Renaissance Genki Gym Konandai,0,No,795F2927-FF12-4727-9722-322B7E869737,0,Impact Trading Co. Ltd.,NULL,NULL,0,NULL,NULL,0,Active,1,Active,+81-467-84-9712,NULL,NULL,NULL
13583,Tavares,NULL,NULL,NULL,870 S Duncan Dr,NULL,MAIN,32778,NULL,FL,NULL,2,Clinic,brendaferguson@midlakefootandankle.com,breannaferguson@gmail.com,NULL,(325) 609-8080,2019-12-17 13:30:27,"OWS Medical, LLC",0,No,NULL,0,NULL,NULL,NULL,0,NULL,NULL,0,Active,1,Active,(325) 432-8434,NULL,NULL,http://midlakefootandankle.com
13584,San Diego,NULL,NULL,NULL,"6190 Fairmount Ave, Ste A",NULL,MAIN,92120,NULL,CA,NULL,2,Clinic,NULL,jprater@abiprosthetics.com,NULL,(619) 285-5045,2025-02-12 18:02:54,ABI P & O Inc,0,No,NULL,0,NULL,NULL,NULL,0,NULL,NULL,0,Active,1,Active,(619) 285-5040,NULL,NULL,http://www.abilitypros.com
13585,Kent,NULL,NULL,NULL,15101 Southeast 235th St,NULL,BILL TO,98042,NULL,WA,NULL,NULL,NULL,NULL,NULL,NULL,(253) 942-2289,2025-02-12 18:02:54,"Shogren, DPM/ Sarah (Personal Acct)",0,No,NULL,0,NULL,NULL,NULL,0,NULL,NULL,0,Active,1,Active,(253) 942-2280,NULL,NULL,NULL
13587,Yokohama,NULL,NULL,GLP Ayase,5F Shinyokohama No. 3 Tosho Bldg,NULL,BILL TO,222-0033,Shoemart Matsumotomurai,Kanagawa-ken,NULL,4,Distributor,cs-nwpl@nwpl-jp.com,impact@yk.rim.or.jp,NULL,+81-467-84-9713,2025-02-12 18:02:54,Impact Trading - Shoemart Matsumotomurai,0,No,795F2927-FF12-4727-9722-322B7E869737,0,Impact Trading Co. Ltd.,NULL,NULL,0,NULL,NULL,0,Active,1,Active,+81-467-84-9712,NULL,NULL,NULL
13588,Yokohama,NULL,NULL,GLP Ayase,5F Shinyokohama No. 3 Tosho Bldg,NULL,BILL TO,222-0033,Shoemart Head Office,Kanagawa-ken,NULL,4,Distributor,cs-nwpl@nwpl-jp.com,impact@yk.rim.or.jp,NULL,+81-467-84-9713,2025-02-12 18:02:54,Impact Trading - Shoemart Head Office,0,No,795F2927-FF12-4727-9722-322B7E869737,0,Impact Trading Co. Ltd.,NULL,NULL,0,NULL,NULL,0,Active,1,Active,+81-467-84-9712,NULL,NULL,NULL
13590,Anacortes,United States,NULL,NULL,1612 Georgia Place,NULL,MAIN,98221,NULL,WA,NULL,NULL,NULL,NULL,dorissklam@gmail.com,NULL,(360) 424-5969,2025-02-12 18:02:54,Coastal Foot & Ankle Clinic,0,No,NULL,0,NULL,NULL,9141BFED-5B36-EA11-A9CA-005056995B7E,0,"Doris Lam, DPM","Doris Lam, DPM",0,Active,1,Active,(360) 420-2486,NULL,NULL,http://coastalfootandankleclinic.com/
13592,Oakland,NULL,NULL,NULL,"2640 8th Ave, Apt C",NULL,BILL TO,94606,NULL,CA,NULL,1,Sole Practitioner,NULL,drajithaknair@gmail.com,NULL,NULL,2025-02-12 18:02:54,"Ajitha Nair, DPM",0,No,NULL,0,NULL,NULL,NULL,0,NULL,NULL,0,Active,1,Active,(415) 351-9889,NULL,NULL,NULL
13593,Plainview,NULL,NULL,NULL,"100 Manetto HIll Rd, Ste 103",NULL,MAIN,11803,NULL,NY,NULL,NULL,NULL,gabi@faasny.com,NULL,NULL,(516) 822-9582,2025-02-12 18:02:54,FAASNY - Plainview,0,No,3EDB330A-CAA3-E311-8A4E-005056B60006,0,FAASNY,NULL,NULL,0,NULL,NULL,0,Active,1,Active,(516) 822-9595,NULL,NULL,http://www.faasny.com
13478,Augusta,NULL,NULL,NULL,2301 Wrightsboro Rd,NULL,MAIN,30904,NULL,GA,NULL,2,Clinic,gcocenters@gmail.com,allen@gcocenters.com,NULL,(706) 496-2148,2025-02-12 18:02:44,Georgia Carolina Orthotic Centers,0,No,NULL,0,NULL,NULL,NULL,0,NULL,NULL,0,Active,1,Active,(706) 814-3848,NULL,NULL,http://www.gcocenters.com
13479,Yokohama,NULL,NULL,GLP Ayase,5F Shinyokohama No. 3 Tosho Bldg,NULL,BILL TO,222-0033,Physical Harmonie,Kanagawa-ken,NULL,2,Clinic,cs-nwpl@nwpl-jp.com,impact@yk.rim.or.jp,NULL,+81-467-84-9713,2025-02-12 18:02:44,Impact Trading - Physical Harmonie,0,No,795F2927-FF12-4727-9722-322B7E869737,0,Impact Trading Co. Ltd.,NULL,NULL,0,NULL,NULL,0,Active,1,Active,+81-467-84-9712,NULL,NULL,NULL
13480,Freehold,United States,NULL,NULL,505 Stillwells Corner Rd,NULL,MAIN,07728,NULL,NJ,NULL,2,Clinic,NULL,drlemberger@lembergerpodiatry.com,NULL,(732) 863-7023,2025-02-12 18:02:44,Lemberger Podiatry,0,No,NULL,0,NULL,NULL,79B6B39E-F1F4-E811-AA3D-005056995B7E,0,"Steven Lemberger, DPM","Steven Lemberger, DPM",0,Active,1,Active,(732) 863-7010,NULL,NULL,http://www.lembergerpodiatry.com/
13481,Boise,NULL,NULL,VA Prosthetics Dept,500 W Fort St,NULL,MAIN,83702,NULL,ID,NULL,100000000,VA,terri@nwpodiatric.com,NULL,NULL,(208) 422-1223,2025-02-12 18:02:44,VA/ Boise (531/121),0,No,NULL,0,NULL,NULL,NULL,0,NULL,NULL,0,Active,1,Active,(208) 422-1355,NULL,NULL,NULL
13482,Yokohama,NULL,NULL,BiNI Warabi,GLP Ayase,5F Shinyokohama No. 3 Tosho Bldg,BILL TO,222-0033,NULL,Kanagawa-ken,NULL,2,Clinic,cs-nwpl@nwpl-jp.com,impact@yk.rim.or.jp,NULL,+81-467-84-9713,2025-02-12 18:02:45,Impact Trading - BiNI Warabi,0,No,795F2927-FF12-4727-9722-322B7E869737,0,Impact Trading Co. Ltd.,NULL,NULL,0,NULL,NULL,0,Active,1,Active,+81-467-84-9712,NULL,NULL,NULL
13483,Eugene,NULL,NULL,NULL,"1400 Valley River Dr, Ste 210",NULL,MAIN,97401,NULL,OR,NULL,2,Clinic,monica@cascadiafootandankle.com,drewpearsondpm@yahoo.com,NULL,NULL,2025-02-12 18:02:45,Cascadia Foot & Ankle Specialists,0,No,NULL,0,NULL,NULL,NULL,0,NULL,NULL,0,Active,1,Active,(541) 600-4630,NULL,NULL,http://cascadiafootandankle.com
13828,Kingston,NULL,NULL,NULL,28320 State Highway 104 NE,NULL,BILL TO,98346-9498,NULL,WA,NULL,2,Clinic,NULL,lynnkschorn@gmail.com,NULL,(206) 842-2890,2024-07-15 15:41:03,"Kitsap Kinetics, LLC/Lynn Schorn, PT",0,No,NULL,0,NULL,NULL,NULL,0,NULL,NULL,0,Active,1,Active,(360) 649-2294,NULL,NULL,NULL
13829,Springfield,NULL,NULL,NULL,2716 W Republic Rd,NULL,MAIN,65807,NULL,MO,NULL,2,Clinic,apinvoices@mercy.net,NULL,NULL,(417) 881-1618,2025-02-12 18:03:13,Mercy Clinic Family Medicine - Scenic,0,No,C1E16459-F8FA-DE11-AF67-000C29EC1EE3,0,Mercy Clinic Springfield Communities,NULL,NULL,0,NULL,NULL,0,Active,1,Active,(417) 881-8812,NULL,NULL,http://Mercy.net
13830,Becker,NULL,NULL,NULL,13640 Olivia Ct.,NULL,NULL,55308,NULL,MN,NULL,2,Clinic,steve@jaghealth.net,steve@jaghealth.net,NULL,NULL,2023-03-30 09:03:35,"JAG Health, LLC",0,No,NULL,0,NULL,NULL,NULL,0,NULL,NULL,0,Active,1,Active,(763) 299.5677,NULL,NULL,http://jaghealth.net
13831,Telluride,NULL,NULL,NULL,305 Society Drive #C-3,NULL,MAIN,81435,NULL,CO,NULL,2,Clinic,admin@gaitways.com,admin@gaitways.com,NULL,(866) 886-7736,2025-02-12 18:03:13,"Progressive GaitWays, LLC",0,No,NULL,0,NULL,NULL,NULL,0,NULL,NULL,0,Active,1,Active,(970) 239-0209,NULL,NULL,http://gaitways.com
13832,Centennial,NULL,NULL,NULL,7180 E Orchard Rd Ste 100,NULL,MAIN,80111,NULL,CO,NULL,2,Clinic,nancyrn@coloradofootinstitute.com,nancyrn@coloradofootinstitute.com,NULL,(844) 793-4262,2025-02-12 18:03:13,Colorado Foot Institute,0,No,NULL,0,NULL,NULL,NULL,0,NULL,NULL,0,Active,1,Active,(303) 333-3383,NULL,NULL,NULL
13833,Portland,NULL,NULL,NULL,959 Brighton Ave.,NULL,MAIN,04102,NULL,ME,NULL,2,Clinic,NULL,NULL,NULL,NULL,2025-02-12 18:03:13,"Hanger Clinic Portland, ME",0,No,NULL,0,NULL,NULL,NULL,0,NULL,NULL,0,Active,1,Active,(207) 773-4963,NULL,NULL,NULL
13834,Woodbridge,NULL,NULL,NULL,14010 Smoketown Rd Ste 103,NULL,BILL TO,22192,"Potomac Podiatry Group, PLLC",VA,NULL,2,Clinic,NULL,NULL,NULL,(410) 263-7380,2025-02-12 18:03:13,Annapolis Foot and Ankle,0,No,NULL,0,NULL,NULL,NULL,0,NULL,NULL,0,Active,1,Active,(410) 263-3100,NULL,NULL,http://www.annapolisfootandankle.com
13835,Owings,NULL,NULL,NULL,PO Box 185,NULL,BILL TO,20736,NULL,MD,NULL,2,Clinic,NULL,familyfootcaremd@gmail.com,NULL,(301) 934-3345,2025-02-12 18:03:14,Family Foot Care,0,No,NULL,0,NULL,NULL,91467E7C-CBDE-ED11-AA45-005056995B7E,0,"Jeffrey Idol, DPM","Jeffrey Idol, DPM",0,Active,1,Active,(301) 884-6056,NULL,NULL,https://familyfootcaremd.com/
13836,Wilmington,NULL,NULL,NULL,"1941 Limestone Rd, Ste 101",NULL,BILL TO,19808,NULL,DE,NULL,2,Clinic,wtrescott@delortho.com,kperscky@delortho.com,NULL,(302) 691-1478,2025-02-12 18:03:14,Delaware Orthopaedic Specialists,0,No,NULL,0,NULL,NULL,NULL,0,NULL,NULL,0,Active,1,Active,(302) 655-9494 ext 4510,NULL,NULL,http://www.delortho.com
13837,Yokohama,NULL,NULL,GLP Ayase,5F Shinyokohama No. 3 Tosho Bldg,NULL,BILL TO,222-0033,Nichimo,Kanagawa-ken,NULL,2,Clinic,cs-nwpl@nwpl-jp.com,impact@yk.rim.or.jp,NULL,+81-467-84-9713,2025-02-12 18:03:14,Impact Trading - Nichimo,0,No,795F2927-FF12-4727-9722-322B7E869737,0,Impact Trading Co. Ltd.,NULL,NULL,0,NULL,NULL,0,Active,1,Active,+81-467-84-9712,NULL,NULL,NULL
13838,Palm Beach Gardens,United States,NULL,NULL,"4215 Burns Rd, Ste 200",NULL,MAIN,33410,NULL,FL,NULL,2,Clinic,jennifert@pboi.com,natashal@pboi.com,NULL,NULL,2025-02-12 18:03:14,"Palm Beach Orthopaedic Institute, PA",0,No,NULL,0,NULL,NULL,19406F70-30E9-ED11-AA45-005056995B7E,0,"John Schilero, DPM","John Schilero, DPM",0,Active,1,Active,(561) 694-7776,NULL,NULL,https://www.pboi.com/
13839,New Orleans,NULL,NULL,(Central Energy Plant),2400 Canal St,NULL,BILL TO,70119,SE Louisiana Veterans HCS LA VAMC 629,LA,NULL,3,Hospital,NULL,NULL,NULL,(504) 507-7087,2025-02-12 18:03:14,VA/ SE Louisiana (629/629),0,No,NULL,0,NULL,NULL,NULL,0,NULL,NULL,0,Active,1,Active,(504) 507-7025,NULL,NULL,NULL
13840,Fairfax,United States,NULL,NULL,"10721 Main St, Ste 3500",NULL,MAIN,22030,NULL,VA,NULL,2,Clinic,NULL,jugaldhariadpm@gmail.com,NULL,(703) 237-2253,2025-02-12 18:03:14,Oakton Foot and Ankle Center,0,No,NULL,0,NULL,NULL,3351FC75-D7ED-ED11-AA45-005056995B7E,0,"Ankita Dharia, DPM","Ankita Dharia, DPM",0,Active,1,Active,(703) 352-8888,NULL,NULL,http://www.oaktonfootankle.com
13841,Honolulu,United States,NULL,Moanalua Medical Center,3288 Moanalua Rd,NULL,MAIN,96819,NULL,HI,NULL,3,Hospital,KP-AP-Invoice@kp.org,NULL,NULL,NULL,2025-02-12 18:03:14,Kaiser Permanente,0,No,NULL,0,NULL,NULL,0AD58794-DBED-ED11-AA45-005056995B7E,0,"Kevin Murphy, DPM","Kevin Murphy, DPM",0,Active,1,Active,(808) 432-4000,NULL,NULL,https://healthy.kaiserpermanente.org/hawaii/facilities/kaiser-permanente-moanalua-medical-center-100434
13842,Hernando,NULL,NULL,NULL,1558 Monteith Ave,NULL,MAIN,38632,NULL,MS,NULL,2,Clinic,NULL,mglyon33@hotmail.com,NULL,(662) 449-3676,2025-02-12 18:03:14,Foot Health Centers,0,No,NULL,0,NULL,NULL,NULL,0,NULL,NULL,0,Active,1,Active,(662) 449-3663,NULL,NULL,https://msfootandankle.com/
13843,Emmett,NULL,NULL,Specialty Medicine & Surgical Clinic,1024 E Locust St,NULL,MAIN,83617,NULL,ID,NULL,2,Clinic,NULL,NULL,NULL,(208) 365-0677,2025-02-12 18:03:14,Valor Health,0,No,NULL,0,NULL,NULL,NULL,0,NULL,NULL,0,Active,1,Active,(208) 365-2338,NULL,NULL,https://www.valorhealth.org/services/specialty-clinics/
13845,Minneapolis,NULL,NULL,NULL,1 Veterans Dr,NULL,BILL TO,55417,NULL,MN,NULL,200000,VA,NULL,NULL,NULL,NULL,2025-02-12 18:03:15,VA/ Minneapolis,0,No,NULL,0,NULL,NULL,NULL,0,NULL,NULL,0,Active,1,Active,(612) 467-6507,NULL,NULL,NULL
13846,Roseville,NULL,NULL,Sutter Health Palo Alto Medical Foundation,Attn:  Mary Ann Malaluan,PO Box 619110,BILL TO,95661,NULL,CA,NULL,2,Clinic,S3vendorinvoices@sutterhealth.org,alan.sue@sutterhealth.org,NULL,(408) 354-3745,2025-02-12 18:03:15,"PAMF - Sue, DPM/ Alan",0,No,82BA8F2E-90FC-DE11-AF67-000C29EC1EE3,0,Sutter Health - PAMF,NULL,NULL,0,NULL,NULL,0,Active,1,Active,(408) 730-6160,NULL,NULL,https://www.sutterhealth.org/pamf/services/podiatric
13847,Bend,NULL,NULL,"Neuromusculaskeletal Center of the Cascades, PC","2200 NE Neff Rd, Ste. 200",NULL,Main,97701-4281,NULL,OR,NULL,2,Clinic,ap@thecenteroregon.com,dnakadate@thecenteroregon.com,NULL,(541) 382-1681,2025-02-12 18:03:15,The Center for Orthopedic & Neurosurgical Care & Research,0,No,NULL,0,NULL,NULL,NULL,0,NULL,NULL,0,Active,1,Active,(541) 382-3344,NULL,NULL,http://www.thecenteroregon.com
13848,Whitefish Bay,United States,NULL,Ascension,5415 N Santa Monica Blvd,NULL,MAIN,53217,NULL,WI,NULL,2,Clinic,jkboudi@yahoo.com,jkboudi@yahoo.com,NULL,(414) 319-3087,2025-02-12 18:03:15,"Boudreau, DPM / Jason",0,No,NULL,0,NULL,NULL,B1982FF7-750C-EE11-AA45-005056995B7E,0,"Jason Boudreau, DPM","Jason Boudreau, DPM",0,Active,1,Active,(414) 708-2434,NULL,NULL,NULL
13371,Yokohama,NULL,NULL,GLP Ayase,5F Shinyokohama No. 3 Tosho Bldg,NULL,BILL TO,222-0033,Hanazono Clinic,Kanagawa-ken,NULL,2,Clinic,cs-nwpl@nwpl-jp.com,impact@yk.rim.or.jp,NULL,+81-467-84-9713,2025-02-12 18:02:35,Impact Trading - Hanazono Clinic,0,No,795F2927-FF12-4727-9722-322B7E869737,0,Impact Trading Co. Ltd.,NULL,NULL,0,NULL,NULL,0,Active,1,Active,+81-467-84-9712,NULL,NULL,NULL
13373,Ponce,NULL,NULL,NULL,PO Box 336892,NULL,BILL TO,00733,NULL,PR,NULL,2,Clinic,NULL,supportorlando@orthoticscenter.com,NULL,(407) 757-2632,2025-02-12 18:02:35,"Orthotic Center, Inc",0,No,NULL,0,NULL,NULL,NULL,0,NULL,NULL,0,Active,1,Active,(407) 353-4144,NULL,NULL,NULL
13374,Canton,NULL,NULL,Outpatient Specialty Rehabilitation Center,PO Box 9180,NULL,BILL TO,02021,Inova Health System,MA,NULL,3,Hospital,apinvoices@inova.org,Paul.Lastova@inova.org,NULL,(703) 858-8208,2025-02-12 18:02:35,Inova Loudoun Hospital,0,No,NULL,0,NULL,NULL,NULL,0,NULL,NULL,0,Active,1,Active,(703) 858-6390,NULL,NULL,http://inova.org
13375,Wickenburg,NULL,NULL,NULL,PO Box 100,NULL,BILL TO,85358,NULL,AZ,NULL,1,Sole Practitioner,NULL,NULL,NULL,NULL,2025-02-12 18:02:36,"Miller Clinic, LTD.",0,No,NULL,0,NULL,NULL,NULL,0,NULL,NULL,0,Active,1,Active,(928) 684-2425,NULL,NULL,NULL
13378,Wayne,NULL,NULL,NULL,"342 Hamburg Turnpike, Ste 202",NULL,MAIN,07470,NULL,NJ,NULL,2,Clinic,NULL,badrih1@gmail.com,NULL,NULL,2025-02-12 18:02:36,One Oak Medical,0,No,NULL,0,NULL,NULL,NULL,0,NULL,NULL,0,Active,1,Active,(973) 870-0777,NULL,NULL,http://www.oneoakmedical.com
13241,Safford,NULL,NULL,NULL,2240 W 16th St,NULL,MAIN,85546,.,AZ,NULL,2,Clinic,NULL,A2Zpodiatry@gmail.com,NULL,(928) 348-3705,2025-02-12 18:02:24,"Huish, DPM/ James P.",0,No,NULL,0,NULL,NULL,NULL,0,NULL,NULL,0,Active,1,Active,(928) 348-3700,NULL,NULL,NULL
13242,San Leandro,NULL,NULL,Foot Doctor of the East Bay,"13847 E. 14th St, Ste 203",NULL,BILL TO,94578,NULL,CA,NULL,1,Sole Practitioner,zein48@gmail.com,zein48@gmail.com,NULL,(925) 415-3478,2025-02-12 18:02:25,"Ahmad, DPM/ Zeineldin",0,No,447C9753-7894-E911-BAFF-005056995B7E,0,Foot Doctor of the East Bay,NULL,NULL,0,NULL,NULL,0,Active,1,Active,(925) 425-0769,NULL,NULL,http://trivalleyfootandankle.com
13243,Peoria,NULL,NULL,"OSF Medical Group College Ave, Podiatry",PO Box 6259,NULL,BILL TO,61601,NULL,IL,NULL,2,Clinic,OSFHealthcare.AP@osfhealthcare.org,NULL,NULL,(309) 664-3119,2025-02-12 18:02:25,OSF Multi-Specialty Group,0,No,C7006B11-ACE4-EF11-9D62-005056995B7E,0,OSF HealthCare,NULL,NULL,0,NULL,NULL,0,Active,1,Active,(309) 664-3038,NULL,NULL,NULL
13245,Avon,NULL,NULL,.,"302 W Main St, Ste 107",NULL,MAIN,06001,NULL,CT,NULL,2,Clinic,NULL,sbookydpm@yahoo.com,NULL,(860) 674-1206,2025-02-12 18:02:25,Avon Foot Care PC,0,No,NULL,0,NULL,NULL,NULL,0,NULL,NULL,0,Active,1,Active,(860) 674-1200,(860) 674-1206,NULL,https://avonfootcare.com/
13246,Littleton,NULL,NULL,CHI Accounts Payable Support Center,PO Box 636000,NULL,BILL TO,80163,"Daniel Greenan, DPM",CO,NULL,2,Clinic,APinvoice@catholichealth.net,dgreenan@yahoo.com,NULL,(206) 246-0468,2025-02-12 18:02:25,Franciscan Foot & Ankle Associates,0,No,07AA5A2C-0C02-DF11-8291-000C29EC1EE3,0,Catholic Health Initiatives,NULL,NULL,0,NULL,NULL,0,Active,1,Active,(206) 242-6553,NULL,NULL,NULL
13437,Clovis,NULL,NULL,NULL,1820 W 21st  St.,NULL,MAIN,88101,NULL,NM,NULL,2,Clinic,wahlena@enmfa.com,wahlendpm@enmfa.com,NULL,(575) 935-3669,2025-02-12 18:02:41,Eastern New Mexico Foot & Ankle,0,No,NULL,0,NULL,NULL,F92822CD-DE89-E811-AC14-005056995B7E,0,"Devin Wahlen, DPM","Devin Wahlen, DPM",0,Active,1,Active,(575) 935-3668,NULL,NULL,http://www.enmfa.com
13438,Walnut Creek,NULL,NULL,NULL,2227 Olympic Blvd,NULL,MAIN,94595,NULL,CA,NULL,1,Sole Practitioner,NULL,dr_lie@runfootdoc.com,NULL,(925) 937-5565,2025-02-12 18:02:41,"Lie, DPM/ Robin",0,No,NULL,0,NULL,NULL,0DEF3EE1-EE89-E811-AC14-005056995B7E,0,"Robin Lie, DPM","Robin Lie, DPM",0,Active,1,Active,(925) 937-2860,NULL,NULL,http://runfootdoc.com
13439,Springfield,NULL,NULL,NULL,148 Park St,NULL,MAIN,05156,NULL,VT,NULL,2,Clinic,NULL,epsjr1@hotmail.com,NULL,NULL,2025-02-12 18:02:41,"Smith, DPM/ Edward",0,No,NULL,0,NULL,NULL,NULL,0,NULL,NULL,0,Active,1,Active,(802) 885-2318,NULL,NULL,NULL
13441,Windham,NULL,NULL,NULL,5 Abby Rd,NULL,MAIN,04062,NULL,ME,NULL,2,Clinic,paige.pingitore@gmail.com,NULL,NULL,NULL,2025-02-12 18:02:41,Lake Region Foot & Ankle Center,0,No,5AA1DCD4-308C-E811-AC14-005056995B7E,0,Lake Region Foot & Ankle Center,NULL,NULL,0,NULL,NULL,0,Active,1,Active,(207) 893-1989,NULL,NULL,http://www.ankleandfootmaine.com/
13442,Farnham,NULL,NULL,NULL,2 Bishops Rd,NULL,MAIN,GU9 0JA,NULL,Surrey,NULL,NULL,NULL,NULL,chrispinches@hotmail.co.uk,NULL,NULL,2025-02-12 18:02:42,Farnham Osteopathic Practice,0,No,NULL,0,NULL,NULL,NULL,0,NULL,NULL,0,Active,1,Active,+441252722912,NULL,NULL,http://farnhamosteopaths.com/
13444,Romeo,NULL,NULL,NULL,174 S Main St,NULL,MAIN,48065,NULL,MI,NULL,NULL,NULL,NULL,Chanda.Corbin@beaumont.org,NULL,(586) 372-7201,2025-02-12 18:02:42,Washington Foot and Ankle,0,No,NULL,0,NULL,NULL,NULL,0,NULL,NULL,0,Active,1,Active,(586) 372-7200,NULL,NULL,http://www.washingtonfootandankle.com
13445,Braselton,NULL,NULL,NULL,1515 River Place Ste 370,NULL,MAIN,30517,NULL,GA,NULL,NULL,NULL,NULL,chateaufoot@getgreatfeet.com,NULL,(706) 780-5366,2025-02-12 18:02:42,Chateau Foot and Ankle Center,0,No,NULL,0,NULL,NULL,369BB4BE-2F94-E811-AC14-005056995B7E,0,"Gemma English, DPM","Gemma English, DPM",0,Active,1,Active,(770) 648-5040,NULL,NULL,http://www.getgreatfeet.com
13447,Monmouth Beach,NULL,NULL,NULL,PO Box 83,NULL,BILLING,07750,NULL,NJ,NULL,NULL,NULL,NULL,appointments@allcarefootandankle.com,NULL,(732) 784-4286,2025-02-12 18:02:42,"All Care Foot & Ankle, LLC",0,No,NULL,0,NULL,NULL,F593C96F-C69C-E811-AC14-005056995B7E,0,"Allison Cheney, DPM","Allison Cheney, DPM",0,Active,1,Active,(732) 695-3668,NULL,NULL,http://www.allcarefootandankle.com/
13448,Danbury,NULL,NULL,BOA Plaza,52 Federal Rd. Ste 1A,NULL,MAIN,06810,NULL,CT,NULL,1,Sole Practitioner,NULL,dr_mileto@yahoo.com,NULL,(203) 796-7478,2025-02-12 18:02:42,"Mileto, DPM/ Richard",0,No,NULL,0,NULL,NULL,F45C46EC-C79C-E811-AC14-005056995B7E,0,"Richard Mileto, DPM","Richard Mileto, DPM",0,Active,1,Active,(203) 792-3668,NULL,NULL,https://www.ffcdocs.com/
13449,Torrington,United States,NULL,NULL,"245 Alvord Park Rd, Ste A2",NULL,MAIN,06790,NULL,CT,NULL,2,Clinic,dzarrella@lhoa.com,NULL,NULL,(860) 482-0258,2025-02-12 18:02:42,Litchfield Hills Orthopedic Associates,0,No,NULL,0,NULL,NULL,0AF0E261-ABA0-E811-AC14-005056995B7E,0,"Jennifer D'Amico, DPM","Jennifer D'Amico, DPM",0,Active,1,Active,(860) 496-4164,NULL,NULL,http://lhoa.com
13450,El Paso,NULL,NULL,NULL,900 E. Yandell Dr.,NULL,MAIN,79902,NULL,TX,NULL,2,Clinic,NULL,totalo-psolutions@sbcglobal.net,NULL,(915) 541-8678,2025-02-12 18:02:42,"Total Orthotic & Prosthetic Solutions, Inc.",0,No,NULL,0,NULL,NULL,8D23DE7F-87A1-E811-AC14-005056995B7E,0,"Miguel Guerra, CPO","Miguel Guerra, CPO",0,Active,1,Active,(915) 541-8677,NULL,NULL,http://totalorthoticandprostheticsolutions.com/
13451,Shelby,NULL,NULL,NULL,PO Box 990,NULL,BILL TO,59474,NULL,MT,NULL,2,Clinic,mbrauchle@mhsihealth.org,jhooker@mmcmt.org,NULL,(406) 434-3143,2025-02-12 18:02:42,Marias Healthcare Services Inc,0,No,NULL,0,NULL,NULL,NULL,0,NULL,NULL,0,Active,1,Active,(406) 434-3100,NULL,NULL,http://www.mariashealth.org
13452,McLean,NULL,NULL,NULL,8231 Crestwood Heights Dr,NULL,BILL TO,22102,NULL,VA,NULL,1,Sole Practitioner,NULL,jugaldhariadpm@gmail.com,NULL,(703) 352-8994,2025-02-12 18:02:42,"Dharia, DPM/ Jugal (personal acct)",0,No,NULL,0,NULL,NULL,NULL,0,NULL,NULL,0,Active,1,Active,(215) 200-2300,NULL,NULL,NULL
13453,West Palm Beach,United States,NULL,NULL,"2051 45th St, Ste 201",NULL,MAIN,33407,NULL,FL,NULL,NULL,NULL,NULL,PalmBeachPodiatryFL@gmail.com,NULL,(561) 840-1354,2025-02-12 18:02:42,"Palm Beach Podiatry, P.A.",0,No,NULL,0,NULL,NULL,003AE3D0-97A5-E811-AC14-005056995B7E,0,"Ariel Lepoff, DPM","Ariel Lepoff, DPM",0,Active,1,Active,(561) 840-0491,NULL,NULL,NULL
13454,Brooklyn,NULL,NULL,NULL,2102 63rd St,NULL,MAIN,11204,NULL,NY,NULL,2,Clinic,NULL,nycped@gmail.com,NULL,NULL,2025-02-12 18:02:42,Pedorthic Associates,0,No,NULL,0,NULL,NULL,NULL,0,NULL,NULL,0,Active,1,Active,(718) 236-7700,NULL,NULL,NULL
13455,Yokohama,NULL,NULL,GLP Ayase,5F Shinyokohama No. 3 Tosho Bldg,NULL,BILL TO,222-0033,Genkizym Konandai,Kanagawa-ken,NULL,2,Clinic,cs-nwpl@nwpl-jp.com,impact@yk.rim.or.jp,NULL,+81-467-84-9713,2025-02-12 18:02:42,Impact Trading - Genkizym Konandai,0,No,795F2927-FF12-4727-9722-322B7E869737,0,Impact Trading Co. Ltd.,NULL,NULL,0,NULL,NULL,0,Active,1,Active,+81-467-84-9712,NULL,NULL,NULL
13456,New York,NULL,NULL,NULL,470 Park Ave S,NULL,MAIN,10016,NULL,NY,NULL,5,Other,NULL,NULL,NULL,NULL,2025-02-12 18:02:42,Eneslow Shoes,0,No,NULL,0,NULL,NULL,NULL,0,NULL,NULL,0,Active,1,Active,(212) 477-2300,NULL,NULL,https://eneslow.com/
13457,Woden,NULL,NULL,Suite 18 Corinna Chambers,36-38 Corinna Street,NULL,MAIN,2606,NULL,ACT,NULL,NULL,NULL,NULL,info@thefootclinic.com.au,NULL,+61 2 62825466,2025-02-12 18:02:42,The Foot Clinic,0,No,NULL,0,NULL,NULL,NULL,0,NULL,NULL,0,Active,1,Active,+61 2 62825466,NULL,NULL,http://thefootclinic.com.au
13458,Yorba Linda,NULL,NULL,NULL,PO Box 541,NULL,BILL TO,92885,NULL,CA,NULL,1,Sole Practitioner,doctor.jeri@gmail.com,doctor.jeri@gmail.com,NULL,(714) 985-9161,2025-02-12 18:02:43,"Gruenes, DPM/ Jeri",0,No,NULL,0,NULL,NULL,E4BCE120-78AD-E811-AC14-005056995B7E,0,"Jeri Gruenes, DPM","Jeri Gruenes, DPM",0,Active,1,Active,(714) 985-9168,NULL,NULL,http://www.doctorjeri.com
13545,Naples,NULL,NULL,NULL,9258 Troon Lakes Dr,NULL,MAIN,34109,NULL,FL,NULL,1,Sole Practitioner,NULL,tajranier@aol.com,NULL,NULL,2025-02-12 18:02:51,"Gordon, DPM/ Mickey",0,No,NULL,0,NULL,NULL,NULL,0,NULL,NULL,0,Active,1,Active,(239) 598-5363,NULL,NULL,NULL
13546,Carmel,United States,NULL,NULL,"225 Crossroads Blvd, Ste 361",NULL,MAIN,93923,NULL,CA,NULL,2,Clinic,office@toesonthego.com,drkraft@toesonthego.com,NULL,(831) 471-5495,2025-02-12 18:02:51,Toes On The Go,0,No,NULL,0,NULL,NULL,2E3FA814-28AE-E911-AD81-005056995B7E,0,"Michele Kraft, DPM","Michele Kraft, DPM",0,Active,1,Active,(831) 373-8637,NULL,NULL,http://www.toesonthego.com
13547,Yokohama,NULL,NULL,GLP Ayase,5F Shinyokohama No. 3 Tosho Bldg,NULL,BILL TO,222-0033,Tender Heart Co. Ltd.,Kanagawa-ken,NULL,4,Distributor,cs-nwpl@nwpl-jp.com,impact@yk.rim.or.jp,NULL,+81-467-84-9713,2025-02-12 18:02:51,"Impact Trading - Tender Heart Co.,Ltd",0,No,795F2927-FF12-4727-9722-322B7E869737,0,Impact Trading Co. Ltd.,NULL,NULL,0,NULL,NULL,0,Active,1,Active,+81-467-84-9712,NULL,NULL,NULL
13548,Wenatchee,NULL,NULL,"Foot & Ankle Ctr of Wenatchee, P.S.",616 N Chelan Ave,NULL,MAIN,98801,NULL,WA,NULL,2,Clinic,NULL,bikebry@me.com,NULL,(509) 665-9808,2025-02-12 18:02:51,"McInnes, DPM/ Brian",0,No,3ECD6644-A171-E411-B754-005056B60006,0,Foot & Ankle Ctr of Wenatchee,NULL,NULL,0,NULL,NULL,0,Active,1,Active,(509) 662-2970,NULL,NULL,http://www.footandankleofwenatchee.com/
13549,Baton Rouge,NULL,NULL,NULL,4630 Bluebonnet Blvd,NULL,MAIN,70809,NULL,LA,NULL,2,Clinic,fcbr1@bellsouth.net,NULL,NULL,(225) 295-1491,2025-02-12 18:02:51,The Foot Clinic of Baton Rouge,0,No,NULL,0,NULL,NULL,NULL,0,NULL,NULL,0,Active,1,Active,(225) 295-1027,NULL,NULL,http://thefootclinicofbatonrouge.com
13550,Yokohama,NULL,NULL,GLP Ayase,5F Shinyokohama No. 3 Tosho Bldg,NULL,BILL TO,222-0033,Qualia Field,Kanagawa-ken,NULL,4,Distributor,cs-nwpl@nwpl-jp.com,impact@yk.rim.or.jp,NULL,+81-467-84-9713,2025-02-12 18:02:51,Impact Trading - Qualia Field,0,No,795F2927-FF12-4727-9722-322B7E869737,0,Impact Trading Co. Ltd.,NULL,NULL,0,NULL,NULL,0,Active,1,Active,+81-467-84-9712,NULL,NULL,NULL
13900,Greenbay,NULL,NULL,NULL,PO Box 23400,NULL,BILL TO,54304,NULL,WI,NULL,2,Clinic,einvoices@bellin.org,einvoice@bellin.org,NULL,(920) 445-7259,2025-02-12 18:03:20,Bellin Health Orthopedic Clinic,0,No,NULL,0,NULL,NULL,NULL,0,NULL,NULL,0,Active,1,Active,(920) 445-7260,NULL,NULL,http://bellin.org/services/orthopedics/podiatry-care
13901,Boulder,NULL,NULL,Meghan Morgan,"3400 Table Mesa Dr, Ste.102",NULL,MAIN,80305,NULL,CO,NULL,2,Clinic,meghankmorgan@gmail.com,meghankmorgan@gmail.com,NULL,NULL,2025-02-12 18:03:20,Blue Sky Foot & Ankle,0,No,NULL,0,NULL,NULL,NULL,0,NULL,NULL,0,Active,1,Active,(720)798-3208,NULL,NULL,http://blueskyfootandankle.com
13902,New York,NULL,NULL,Jacqueline Sutera,"57 W 57th St, Ste.1201",NULL,MAIN,100019,NULL,NY,NULL,2,Clinic,NULL,jsutera@citypodiatry.com,NULL,(212) 755-3676,2025-02-12 18:03:20,"City Podiatry, PLLC",0,No,NULL,0,NULL,NULL,NULL,0,NULL,NULL,0,Active,1,Active,(212) 755-8858,NULL,NULL,http://www.citypodiatry.com
13903,New York,NULL,NULL,NULL,NULL,"120 E 86th St, 2nd Flr",MAIN,10028,NULL,NY,NULL,2,Clinic,uespodiatry@gmail.com,uespodiatry@gmail.com,NULL,(212) 427-2008,2025-02-12 18:03:20,"Lee, Catherine N, DPM/Park Avenue Medical Assoc",0,No,NULL,0,NULL,NULL,NULL,0,NULL,NULL,0,Active,1,Active,(212) 427-2000,NULL,NULL,http://www.parkavedrs.com
13904,Arlington,NULL,NULL,NULL,"19113 63rd Ave NE, Unit #1",NULL,MAIN,98223,NULL,WA,NULL,5,Other,NULL,NULL,NULL,(360) 403-9173,2025-02-12 18:03:20,"Artisan Industries, Inc.",0,No,NULL,0,NULL,NULL,NULL,0,NULL,NULL,0,Active,1,Active,(360) 474-1282,NULL,NULL,NULL
13905,Yokohama,NULL,NULL,GLP Ayase,5F Shinyokohama No. 3 Tosho Bldg,NULL,BILL TO,222-0033,NULL,Kanagawa-ken,NULL,4,Distributor,cs-nwpl@nwpl-jp.com,impact@yk.rim.or.jp,NULL,+81-467-84-9713,2025-02-12 18:03:20,Impact Trading Co. Ltd. - StepCraft,0,No,795F2927-FF12-4727-9722-322B7E869737,0,Impact Trading Co. Ltd.,NULL,NULL,0,NULL,NULL,0,Active,1,Active,+81-467-84-9712,NULL,NULL,NULL
13906,Urbana,NULL,NULL,NULL,106 W Main St,NULL,MAIN,61801,NULL,IL,NULL,2,Clinic,anna@heel2toe.net,anna@heel2toe.net,NULL,(217) 803-8615,2025-02-12 18:03:21,Heel To Toe,0,No,NULL,0,NULL,NULL,NULL,0,NULL,NULL,0,Active,1,Active,(217) 367-2880,NULL,NULL,http://www.heel2toe.net
13907,Nashville,NULL,NULL,NULL,PO Box 92190,NULL,BILL TO,37209,NULL,TN,NULL,2,Clinic,invoices@upperlinehealth.com,nenglish859@gmail.com,NULL,NULL,2025-02-12 18:03:21,"Upperline Health, Columbus Foot & Ankle",0,No,NULL,0,NULL,NULL,NULL,0,NULL,NULL,0,Active,1,Active,(888) 499-5249,NULL,NULL,https://upperlinehealth.com/location/columbus/
13663,Portland,NULL,NULL,NULL,1720 SW Huntington Ave.,NULL,MAIN,97225,NULL,OR,NULL,2,Clinic,NULL,dr.stach@bcfaa.com,NULL,NULL,2025-02-12 18:03:00,Bridge City Foot & Ankle LLC,0,No,NULL,0,NULL,NULL,NULL,0,NULL,NULL,0,Active,1,Active,(503) 805-4720,NULL,NULL,http://www.bcfaa.com
13664,Yokohama,NULL,NULL,GLP Ayase,5F Shinyokohama No. 3 Tosho Bldg,NULL,BILL TO,222-0033,Kimitsu Hospital,Kanagawa-ken,NULL,2,Clinic,cs-nwpl@nwpl-jp.com,impact@yk.rim.or.jp,NULL,+81-467-84-9713,2025-02-12 18:03:00,Impact Trading - Kimitsu Hospital,0,No,795F2927-FF12-4727-9722-322B7E869737,0,Impact Trading Co. Ltd.,NULL,NULL,0,NULL,NULL,0,Active,1,Active,+81-467-84-9712,NULL,NULL,NULL
13499,Evansville,United States,NULL,NULL,4640 W Lloyd Expy,NULL,MAIN,47712,NULL,IN,NULL,2,Clinic,NULL,janekoch@firstpodiatry.com,NULL,(812) 421-0994,2025-02-12 18:02:47,"First Podiatry, PC",0,No,NULL,0,NULL,NULL,D1EB6C23-FA41-E911-B141-005056995B7E,0,"Jane Koch, DPM","Jane Koch, DPM",0,Active,1,Active,(812) 422-4336,NULL,NULL,https://firstpodiatry.com/
13501,Yokohama,NULL,NULL,GLP Ayase,5F Shinyokohama No. 3 Tosho Bldg,NULL,BILL TO,222-0033,Inagi Naganuma Hasegawa Clinic,Kanagawa-ken,NULL,2,Clinic,cs-nwpl@nwpl-jp.com,impact@yk.rim.or.jp,NULL,+81-467-84-9713,2025-02-12 18:02:47,Impact Trading - Inagi Shinkyu Hasegawa Fijio,0,No,795F2927-FF12-4727-9722-322B7E869737,0,Impact Trading Co. Ltd.,NULL,NULL,0,NULL,NULL,0,Active,1,Active,+81-467-84-9712,NULL,NULL,NULL
13502,Yokohama,NULL,NULL,GLP Ayase,5F Shinyokohama No. 3 Tosho Bldg,NULL,BILL TO,222-0033,Momo Clinic,Kanagawa-ken,NULL,2,Clinic,cs-nwpl@nwpl-jp.com,impact@yk.rim.or.jp,NULL,+81-467-84-9713,2024-11-01 11:36:29,Impact Trading - Momo Clinic,0,No,795F2927-FF12-4727-9722-322B7E869737,0,Impact Trading Co. Ltd.,NULL,NULL,0,NULL,NULL,0,Active,1,Active,+81-467-84-9712,NULL,NULL,NULL
13503,Yokohama,NULL,NULL,GLP Ayase,5F Shinyokohama No. 3 Tosho Bldg,NULL,BILL TO,222-0033,Uchiyama Clinic,Kanagawa-ken,NULL,4,Distributor,cs-nwpl@nwpl-jp.com,impact@yk.rim.or.jp,NULL,+81-467-84-9713,2024-11-01 11:43:06,Impact Trading - Uchiyama Clinic,0,No,795F2927-FF12-4727-9722-322B7E869737,0,Impact Trading Co. Ltd.,NULL,NULL,0,NULL,NULL,0,Active,1,Active,+81-467-84-9712,NULL,NULL,NULL
13504,Prescott Valley,NULL,NULL,NULL,PO Box 26488,NULL,BILL TO,86312,NULL,AZ,NULL,2,Clinic,NULL,spfootdr@hotmail.com,NULL,(928) 775-3250,2025-02-12 18:02:47,Premier Foot & Ankle,0,No,NULL,0,NULL,NULL,NULL,0,NULL,NULL,0,Active,1,Active,(928) 772-5916,NULL,NULL,http://prescottvalleyfootandankle.com
13505,Yokohama,NULL,NULL,GLP Ayase,5F Shinyokohama No. 3 Tosho Bldg,NULL,BILL TO,222-0033,"Kagayakuhane Co.,Ltd.",Kanagawa-ken,NULL,4,Distributor,cs-nwpl@nwpl-jp.com,impact@yk.rim.or.jp,NULL,+81-467-84-9713,2025-02-12 18:02:47,"Impact Trading - Kagayakuhane Co.,Ltd.",0,No,795F2927-FF12-4727-9722-322B7E869737,0,Impact Trading Co. Ltd.,NULL,NULL,0,NULL,NULL,0,Active,1,Active,+81-467-84-9712,NULL,NULL,NULL
13506,Yokohama,NULL,NULL,GLP Ayase,5F Shinyokohama No. 3 Tosho Bldg,NULL,BILL TO,222-0033,Mikazuki Clinic,Kanagawa-ken,NULL,4,Distributor,cs-nwpl@nwpl-jp.com,impact@yk.rim.or.jp,NULL,+81-467-84-9713,2025-02-12 18:02:47,Impact Trading - Mikazuki Clinic,0,No,795F2927-FF12-4727-9722-322B7E869737,0,Impact Trading Co. Ltd.,NULL,NULL,0,NULL,NULL,0,Active,1,Active,+81-467-84-9712,NULL,NULL,NULL
13507,Yokohama,NULL,NULL,GLP Ayase,5F Shinyokohama No. 3 Tosho Bldg,NULL,BILL TO,222-0033,T-gusui Clinic,Kanagawa-ken,NULL,4,Distributor,cs-nwpl@nwpl-jp.com,impact@yk.rim.or.jp,NULL,+81-467-84-9713,2025-02-12 18:02:47,Impact Trading - T-gusui Clinic,0,No,795F2927-FF12-4727-9722-322B7E869737,0,Impact Trading Co. Ltd.,NULL,NULL,0,NULL,NULL,0,Active,1,Active,+81-467-84-9712,NULL,NULL,NULL
13508,Manchester,NULL,NULL,NULL,424 Hanover St.,NULL,MAIN,03104,NULL,NH,NULL,2,Clinic,NULL,NULL,NULL,NULL,2019-03-26 12:57:39,Granite State Podiatry,0,No,NULL,0,NULL,NULL,AA6B7FE3-0050-E911-B141-005056995B7E,0,"Kristin Visco, DPM","Kristin Visco, DPM",0,Active,1,Active,(603) 668-3509,NULL,NULL,https://www.granitestatepod.com/
13509,Tarpon Springs,NULL,NULL,NULL,1264 S Pinellas Ave,NULL,MAIN,34689,NULL,FL,NULL,2,Clinic,NULL,drsdel@gmail.com,NULL,(727) 937-6568,2025-02-12 18:02:47,Sal L. DeLellis DPM PA,0,No,NULL,0,NULL,NULL,NULL,0,NULL,NULL,0,Active,1,Active,(727) 937-6398,NULL,NULL,NULL
13510,Fort Wayne,United States,NULL,NULL,14115 Whiskey Creek Dr,NULL,BILL TO,46814,NULL,IN,NULL,2,Clinic,NULL,drlynns@comcast.net,NULL,NULL,2025-02-12 18:02:47,"Stafford, DPM/ Lynn",0,No,NULL,0,NULL,NULL,91F2B0B2-0F57-E911-B141-005056995B7E,0,"Lynn H. Stafford, DPM","Lynn H. Stafford, DPM",0,Active,1,Active,(260) 750-1542,NULL,NULL,NULL
13513,NULL,NULL,NULL,NULL,NULL,NULL,NULL,NULL,NULL,NULL,NULL,NULL,NULL,NULL,NULL,NULL,NULL,2019-04-05 10:30:52,Podiatry Assoc of Houston,0,No,NULL,0,NULL,NULL,NULL,0,NULL,NULL,0,Active,1,Active,NULL,NULL,NULL,NULL
13514,Oklahoma City,NULL,NULL,NULL,1126 SW 89th St,NULL,MAIN,73139,NULL,OK,NULL,2,Clinic,NULL,NULL,NULL,NULL,2025-02-12 18:02:48,Advanced Foot & Ankle Clinic,0,No,NULL,0,NULL,NULL,NULL,0,NULL,NULL,0,Active,1,Active,(405) 692-7114,NULL,NULL,NULL
13515,Yokohama,NULL,NULL,Minami Shinjuku O & R Clinic,GLP Ayase,5F Shinyokohama No. 3 Tosho Bldg,BILL TO,222-0033,NULL,Kanagawa-ken,NULL,4,Distributor,cs-nwpl@nwpl-jp.com,impact@yk.rim.or.jp,NULL,+81-467-84-9713,2024-11-01 11:37:07,Impact Trading - MSORC,0,No,795F2927-FF12-4727-9722-322B7E869737,0,Impact Trading Co. Ltd.,NULL,NULL,0,NULL,NULL,0,Active,1,Active,+81-467-84-9712,NULL,NULL,NULL
13516,Redwood City,NULL,NULL,NULL,"420 Broadway, St, Pavilion D, 1st Floor",NULL,MAIN,94063,NULL,CA,NULL,2,Clinic,NULL,NULL,NULL,(650) 497-4055,2020-02-28 15:06:53,Stanford Orthopedics Foot & Ankle Clinic,0,No,NULL,0,NULL,NULL,NULL,0,NULL,NULL,0,Active,1,Active,(650) 723-5643,NULL,NULL,https://stanfordhealthcare.org/medical-clinics/foot-and-ankle-services.html
13517,Redwood City,NULL,NULL,NULL,"400 Seaport Ct, Ste 201",NULL,MAIN,94063,NULL,CA,NULL,2,Clinic,gracedubuk@gmail.com,NULL,NULL,(650) 995-1275,2025-02-12 18:02:48,The Physiatry Medical Group Inc,0,No,NULL,0,NULL,NULL,NULL,0,NULL,NULL,0,Active,1,Active,(650) 995-1259,NULL,NULL,http://www.soarspine.com
13780,Kansas City,NULL,NULL,NULL,4119 NW Barry Rd,NULL,MAIN,64154,NULL,MO,NULL,2,Clinic,Troypearson1@gmail.com,NULL,NULL,(816) 452-4491,2025-02-12 18:03:09,Restore Muscle and Joint,0,No,NULL,0,NULL,NULL,NULL,0,NULL,NULL,0,Active,1,Active,(816) 452-4488,NULL,NULL,http://www.restoremuscleandjoint.com
13781,Yokohama,NULL,NULL,GLP Ayase,5F Shinyokohama No. 3 Tosho Bldg,NULL,BILL TO,222-0033,Asumo,Kanagawa-ken,NULL,2,Clinic,cs-nwpl@nwpl-jp.com,impact@yk.rim.or.jp,NULL,+81-467-84-9713,2025-02-12 18:03:09,Impact Trading - Asumo,0,No,795F2927-FF12-4727-9722-322B7E869737,0,Impact Trading Co. Ltd.,NULL,NULL,0,NULL,NULL,0,Active,1,Active,+81-467-84-9712,NULL,NULL,NULL
13782,Bloomington,NULL,NULL,NULL,"10 Heartland Dr, Ste B",NULL,MAIN,61704,NULL,IL,NULL,1,Sole Practitioner,scott@heartlandfootandankle.com,drlockwood@heartlandfootandankle.com,NULL,(309) 661-9920,2025-02-12 18:03:09,Heartland Foot and Ankle Associates,0,No,NULL,0,NULL,NULL,NULL,0,NULL,NULL,0,Active,1,Active,(309) 661-9975,NULL,NULL,http://heartlandfootandankle.com
13783,Saint Louis,NULL,NULL,NULL,5467 Highland Park Dr,NULL,MAIN,63110,NULL,MO,NULL,2,Clinic,mwachter@oandpdesign.com,lvoss@oandpdesign.com,NULL,(314) 535-5488,2025-02-12 18:03:09,Orthotic & Prosthetic Design,0,No,NULL,0,NULL,NULL,NULL,0,NULL,NULL,0,Active,1,Active,(314) 535-5359,NULL,NULL,NULL
13784,Carthage,United States,NULL,NULL,365 Retriever Ln,NULL,MAIN,28327,NULL,NC,NULL,2,Clinic,greer.evans.christopher@gmail.com,greer.evans.christopher@gmail.com,NULL,NULL,2025-02-12 18:03:10,Go Strong Aim High Physical Therapy,0,No,NULL,0,NULL,NULL,738FD254-A303-ED11-B456-005056995B7E,0,"Greer Evans-Christopher, DPT","Greer Evans-Christopher, DPT",0,Active,1,Active,(910) 783-6405,NULL,NULL,http://www.gostrongaimhigh.com/
13786,Burbank,United States,NULL,NULL,"191 S Buena Vista St, Ste 315",NULL,MAIN,91505,NULL,CA,NULL,2,Clinic,burbankfootdr@gmail.com,burbankfootdr@gmail.com,NULL,(818) 848-2067,2025-02-12 18:03:10,Burbank Foot Care Center,0,No,NULL,0,NULL,NULL,2633FB68-A607-ED11-B456-005056995B7E,0,"Joseph Park, DPM","Joseph Park, DPM",0,Active,1,Active,(818) 848-5586,NULL,NULL,http://www.burbankfootcare.com
13787,Sioux Falls,NULL,NULL,NULL,4100 S Western Ave,NULL,BILL TO,57105,NULL,SD,NULL,2,Clinic,NULL,brad.bracewell@risecs.com,NULL,(605) 791-7401,2025-02-12 18:03:10,Rise Custom Solutions,0,No,NULL,0,NULL,NULL,NULL,0,NULL,NULL,0,Active,1,Active,(605) 791-7400,NULL,NULL,NULL
13788,Hauppauge,NULL,NULL,NULL,"111 Smithtown Byp, Ste 103",NULL,MAIN,11788,NULL,NY,NULL,2,Clinic,gabi@faasny.com,NULL,NULL,(866) 322-7697,2025-02-12 18:03:10,FAASNY - Hauppauge,0,No,3EDB330A-CAA3-E311-8A4E-005056B60006,0,FAASNY,NULL,NULL,0,NULL,NULL,0,Active,1,Active,(866) 322-7697,NULL,NULL,http://www.faasny.com
13789,Glendora,United States,NULL,NULL,"130 Route 66, Ste.208",NULL,MAIN,91740,NULL,CA,NULL,2,Clinic,NULL,skaplandpm2@gmail.com,NULL,(626) 963-4703,2025-02-12 18:03:10,"Kaplan, DPM/ Steven F.",0,No,NULL,0,NULL,NULL,A0EB3AE4-7412-ED11-B456-005056995B7E,0,"Jennifer Chen, DPM","Jennifer Chen, DPM",0,Active,1,Active,(626) 963-0302,NULL,NULL,NULL
13790,Beaverton,NULL,NULL,"Village Practice Management Co, LLC","9450 SW Gemini Dr, #49084",NULL,MAIN,97008,Accounts Payable,OR,NULL,2,Clinic,AP@villagemd.com,NULL,NULL,(541) 706-6464,2025-02-12 18:03:10,"Village Practice Management Co, LLC",0,No,8800F2F2-6799-E711-BE9F-005056995B7E,0,"Village Practice Managment Co, LLC",NULL,NULL,0,NULL,NULL,0,Active,1,Active,(541) 706-2448,NULL,NULL,http://www.smgoregon.com
13791,Salt Lake City,NULL,NULL,Attn:  Accounts Payable,PO Box 30184,NULL,BILL TO,84130,NULL,UT,NULL,2,Clinic,Intermountainap@metasource.com,Charles.Hunter@imail.o,NULL,(801) 501-2104,2025-02-12 18:03:10,Intermountain Healthcare - Alta View Clinic Podiatry,0,No,7821566D-331D-E211-8E61-005056B60006,0,Intermountain Healthcare,NULL,NULL,0,NULL,NULL,0,Active,1,Active,(801) 501-2114,NULL,NULL,https://intermountainhealthcare.org/locations/location-details/alta-view-hospital/alta-view-clinic/alta-view-clinic-podiatry/
13792,Salt Lake City,NULL,NULL,Attn:  Accounts Payable,PO Box 30184,NULL,BILL TO,84130,NULL,UT,NULL,2,Clinic,Intermountainap@metasource.com,J.J.Reagan@imail.org,NULL,(801) 285-4651,2025-02-12 18:03:11,Intermountain Healthcare - Riverton Ortho Clinic,0,No,7821566D-331D-E211-8E61-005056B60006,0,Intermountain Healthcare,NULL,NULL,0,NULL,NULL,0,Active,1,Active,(801) 285-4650,NULL,NULL,https://intermountainhealthcare.org/locations/southridge-clinic/medical-services/podiatry/
13187,Philadelphia,NULL,NULL,NULL,"8815 GermantownAve, Ste 11",NULL,MAIN,19118,NULL,PA,NULL,2,Clinic,NULL,chestnuthillpodiatry@gmail.com,NULL,(215) 247-7014,2025-02-12 18:02:21,Chestnut Hill Podiatry Associates,0,No,NULL,0,NULL,NULL,NULL,0,NULL,NULL,0,Active,1,Active,(215) 247-0879,NULL,NULL,https://www.chestnuthillpodiatry.com
13189,New York,NULL,NULL,NULL,"45 E 82nd St, Apt 7E",NULL,MAIN,10028,"Rhonda Press, M.D.",NY,NULL,NULL,NULL,NULL,rhondapnyc@aol.com,NULL,(212) 256-0629,2025-02-12 18:02:21,"Press, MD/ Rhonda",0,No,NULL,0,NULL,NULL,NULL,0,NULL,NULL,0,Active,1,Active,(212) 472-7540,NULL,NULL,NULL
13290,Pittsburgh,NULL,NULL,NULL,9800A McKnight Rd,NULL,MAIN,15237,NULL,PA,NULL,2,Clinic,NULL,NULL,NULL,(412) 348-3195,2025-02-12 18:02:28,Elizur Corporation,0,No,NULL,0,NULL,NULL,NULL,0,NULL,NULL,0,Active,1,Active,(412) 358-4523,NULL,NULL,http://elizur.com/
13291,Poway,NULL,NULL,Barefeet Podiatry,13795 Belvedere Dr,NULL,MAIN,92064,.,CA,NULL,1,Sole Practitioner,NULL,akmalatmar@gmail.com,NULL,(951) 302-9888,2025-02-12 18:02:28,"Atmar, DPM/ Akmal",0,No,NULL,0,NULL,NULL,AD6BBC4E-AA52-E711-B588-005056995B7E,0,"Akmal Atmar, DPM","Akmal Atmar, DPM",0,Active,1,Active,(347) 268-5072,NULL,NULL,NULL
13292,Guntersville,NULL,NULL,Marshall Foot Clinic,7633 AL Highway 69,NULL,MAIN,35976,NULL,AL,NULL,2,Clinic,NULL,dr.grimmett@marshallfootclinic.com,NULL,(256) 571-8767,2025-02-12 18:02:28,"Grimmett, DPM / Dustin",0,No,NULL,0,NULL,NULL,51FC5729-9657-E711-B588-005056995B7E,0,"Dustin Grimmett, DPM","Dustin Grimmett, DPM",0,Active,1,Active,(256) 571-8750,NULL,NULL,http://www.marshallfootclinic.com/home.html
13293,Topeka,United States,NULL,NULL,6730 SW Mission View Dr,NULL,MAIN,66614,NULL,KS,NULL,2,Clinic,NULL,doctor@gateleypodiatry.com,NULL,(785) 783-8983,2025-02-12 18:02:28,"Gateley Podiatry, P.A.",0,No,NULL,0,NULL,NULL,A35D1A82-015D-E711-B588-005056995B7E,0,"Timothy Gateley, DPM","Timothy Gateley, DPM",0,Active,1,Active,(785) 730-3478,NULL,NULL,http://gateleypodiatry.com
13294,Yokohama,NULL,NULL,GLP Ayase,5F Shinyokohama No. 3 Tosho Bldg,NULL,BILL TO,222-0033,Foot Care Lab,Kanagawa-ken,NULL,2,Clinic,cs-nwpl@nwpl-jp.com,impact@yk.rim.or.jp,NULL,+81-467-84-9713,2025-02-12 18:02:28,Impact Trading - Foot Care Lab,0,No,795F2927-FF12-4727-9722-322B7E869737,0,Impact Trading Co. Ltd.,NULL,NULL,0,NULL,NULL,0,Active,1,Active,+81-467-84-9712,NULL,NULL,NULL
13295,Yokohama,NULL,NULL,GLP Ayase,5F Shinyokohama No. 3 Tosho Bldg,NULL,BILL TO,222-0033,Matsumoto Prosthetics & Orthotics Mfg Co. Ltd.,Kanagawa-ken,NULL,2,Clinic,cs-nwpl@nwpl-jp.com,impact@yk.rim.or.jp,NULL,+81-467-84-9713,2025-02-12 18:02:28,Impact Trading - Matsumoto Prosthetics & Orthotics Mfg Co. Ltd.,0,No,795F2927-FF12-4727-9722-322B7E869737,0,Impact Trading Co. Ltd.,NULL,NULL,0,NULL,NULL,0,Active,1,Active,+81-467-84-9712,NULL,NULL,NULL
13296,Yokohama,NULL,NULL,GLP Ayase,5F Shinyokohama No. 3 Tosho Bldg,NULL,BILL TO,222-0033,Hachinohe Heiwa Hospital,Kanagawa-ken,NULL,2,Clinic,cs-nwpl@nwpl-jp.com,impact@yk.rim.or.jp,NULL,+81-467-84-9713,2025-02-12 18:02:28,Impact Trading - Hachinohe Heiwa Hospital,0,No,795F2927-FF12-4727-9722-322B7E869737,0,Impact Trading Co. Ltd.,NULL,NULL,0,NULL,NULL,0,Active,1,Active,+81-467-84-9712,NULL,NULL,NULL
13297,Yokohama,NULL,NULL,GLP Ayase,5F Shinyokohama No. 3 Tosho Bldg,NULL,BILL TO,222-0033,BiNI Approach Center TokyoGINZA,Kanagawa-ken,NULL,2,Clinic,cs-nwpl@nwpl-jp.com,impact@yk.rim.or.jp,NULL,+81-467-84-9713,2025-02-12 18:02:28,Impact Trading - BiNI Approach Center TokyoGINZA,0,No,795F2927-FF12-4727-9722-322B7E869737,0,Impact Trading Co. Ltd.,NULL,NULL,0,NULL,NULL,0,Active,1,Active,+81-467-84-9712,NULL,NULL,NULL
13298,Yokohama,NULL,NULL,GLP Ayase,5F Shinyokohama No. 3 Tosho Bldg,NULL,BILL TO,222-0033,Jun Orthopedics Clinic,Kanagawa-ken,NULL,2,Clinic,cs-nwpl@nwpl-jp.com,impact@yk.rim.or.jp,NULL,+81-467-84-9713,2025-02-12 18:02:28,Impact Trading - Jun Orthopedics Clinic,0,No,795F2927-FF12-4727-9722-322B7E869737,0,Impact Trading Co. Ltd.,NULL,NULL,0,NULL,NULL,0,Active,1,Active,+81-467-84-9712,NULL,NULL,NULL
13300,Tampa,NULL,NULL,North Tampa Foot Care,3210 Cove Bend Dr,NULL,MAIN,33613,NULL,FL,NULL,2,Clinic,NULL,Drntfc@gmail.com,NULL,(813) 972-4180,2025-02-12 18:02:29,"Waldman, DPM/ Michal",0,No,NULL,0,NULL,NULL,NULL,0,NULL,NULL,0,Active,1,Active,(813) 972-4300,NULL,NULL,http://www.northtampafootcare.com
13302,Flushing,NULL,NULL,"Good News Podiatry, PLLC","42-27 164th St, Ste 3",NULL,MAIN,11358,NULL,NY,NULL,NULL,NULL,NULL,goodnewspodiatry@gmail.com,NULL,NULL,2025-02-12 18:02:29,"Lee, DPM/ Barbara",0,No,NULL,0,NULL,NULL,NULL,0,NULL,NULL,0,Active,1,Active,(646) 492-4526,NULL,NULL,NULL
13616,Ft Lauderdale,NULL,NULL,NULL,"6405 N Federal Hwy, Ste 405",NULL,MAIN,33308,NULL,FL,NULL,2,Clinic,NULL,browardfoot@gmail.com,NULL,(954) 771-5959,2025-02-12 18:02:56,Imperial Point Podiatry Assoc,0,No,NULL,0,NULL,NULL,NULL,0,NULL,NULL,0,Active,1,Active,(954)771-5900,NULL,NULL,http://www.fortlauderdalepodiatrist.com
13617,Boston,NULL,NULL,Jamaica Plain VA Hospital (Prosthetics),150 S Huntington Ave,NULL,MAIN,02130,NULL,MA,NULL,NULL,NULL,terri@nwpodiatric.com,NULL,NULL,(857) 364-6705,2025-02-12 18:02:56,VA/ Boston (523/121),0,No,NULL,0,NULL,NULL,NULL,0,NULL,NULL,0,Active,1,Active,(857) 364-4850,NULL,NULL,NULL
13618,Lincoln,NULL,NULL,NULL,"604 North Union, Ste 2",NULL,MAIN,62656,NULL,IL,NULL,1,Sole Practitioner,NULL,lynndennis0415@gmail.com,NULL,(217) 666-2935,2025-02-12 18:02:56,"Dennis, DPM/ Lynn M.",0,No,NULL,0,NULL,NULL,NULL,0,NULL,NULL,0,Active,1,Active,(217) 416-0542,NULL,NULL,NULL
13619,San Jose,NULL,NULL,NULL,"3150 Almaden Expy, Ste 205",NULL,MAIN,95118,NULL,CA,NULL,1,Sole Practitioner,NULL,thefootdoctorsofsj@sbcglobal.net,NULL,(408) 227-0060,2024-11-01 12:26:38,The Foot Doctors,0,No,NULL,0,NULL,NULL,NULL,0,NULL,NULL,0,Active,1,Active,(408) 227-8281,NULL,NULL,NULL
13620,Lehi,NULL,NULL,NULL,"179 N 1200th E, Ste 103",NULL,MAIN,84043,NULL,UT,NULL,NULL,NULL,NULL,NULL,NULL,(801) 766-6022,2025-02-12 18:02:57,Arches Foot and Ankle Clinic,0,No,NULL,0,NULL,NULL,NULL,0,NULL,NULL,0,Active,1,Active,(801) 766-9947,NULL,NULL,http://archesfootandankle.com
13621,Eugene,NULL,NULL,NULL,"45 Division Ave, Ste B",NULL,MAIN,97404,NULL,OR,NULL,2,Clinic,NULL,scfc1@comcast.net,NULL,(541) 284-2955,2025-02-12 18:02:57,Santa Clara Foot Care Center,0,No,NULL,0,NULL,NULL,NULL,0,NULL,NULL,0,Active,1,Active,(541) 689-3332,NULL,NULL,http://santaclarafootcarecenter.com
13622,Oklahoma City,NULL,NULL,NULL,2420 NW Grand Circle,NULL,MAIN,73116,NULL,OK,NULL,1,Sole Practitioner,NULL,dwade10@cox.net,NULL,(405) 840-0221,2020-06-30 12:03:58,"Wade, DPM/ David",0,No,NULL,0,NULL,NULL,NULL,0,NULL,NULL,0,Active,1,Active,(405) 488-7677,NULL,NULL,NULL
13820,Boise,NULL,NULL,NULL,427 N Curtis Rd,NULL,BILLING,83706-1439,NULL,ID,NULL,2,Clinic,kate.brookshire@coyotecares.com,NULL,NULL,NULL,2025-02-12 18:03:13,Coyote Prosthetics & Orthotics,0,No,NULL,0,NULL,NULL,NULL,0,NULL,NULL,0,Active,1,Active,(208) 342-4104,NULL,NULL,http://www.coyotecares.com
13821,Delray Beach,NULL,NULL,NULL,4765 W Atlantic Ave.,NULL,MAIN,33445,NULL,FL,NULL,2,Clinic,drmpfrancisco@hgdoctors.com,NULL,NULL,(561) 536-5620,2025-02-12 18:03:13,Delray Medical & Dental,0,No,NULL,0,NULL,NULL,NULL,0,NULL,NULL,0,Active,1,Active,(561) 452-2273,NULL,NULL,http://hgdoctors.com
13822,Rapid City,NULL,NULL,NULL,PO BOX 6850,NULL,BILL TO,57709,NULL,SD,NULL,2,Clinic,accounting@bhosc.com,NULL,NULL,(605) 341-7062,2025-02-12 18:03:13,"Black Hills Orthopedic & Spine Center, P.C.",0,No,NULL,0,NULL,NULL,NULL,0,NULL,NULL,0,Active,1,Active,(605) 737-9150,NULL,NULL,http://www.bhosc.com
13463,Olympia,NULL,NULL,NULL,"3525 Ensign Rd NE, Ste L",NULL,MAIN,98506,NULL,WA,NULL,2,Clinic,mhopkinsdpm@ssfoot.com,mhopkinsdpm@ssfoot.com,NULL,(360) 456-2597,2025-02-12 18:02:43,South Sound Foot & Ankle,0,No,NULL,0,NULL,NULL,NULL,0,NULL,NULL,0,Active,1,Active,(360) 456-3171,NULL,NULL,https://www.ssfoot.com/
13464,Fort Worth,NULL,NULL,NULL,"3221 Hulen St, Ste A",NULL,MAIN,76107,NULL,TX,NULL,2,Clinic,sandy_lucy@msn.com,Jonmccreary@gmail.com,NULL,(817) 731-0693,2025-02-12 18:02:43,"McCreary, DPM/ Jon P",0,No,NULL,0,NULL,NULL,NULL,0,NULL,NULL,0,Active,1,Active,(817) 731-4279,NULL,NULL,https://fwpodiatry.com/
13465,Clarksville,United States,NULL,"Ademuyiwa Adetunji, DPM",7354 Sanner Rd,NULL,BILL TO,21029,NULL,MD,NULL,2,Clinic,NULL,adeadetunji56@gmail.com,NULL,(301) 386-5396,2025-02-12 18:02:43,Largo Foot & Ankle Health & Ambulatory Surgical Center,0,No,NULL,0,NULL,NULL,988D69AF-71C2-E811-B776-005056995B7E,0,"Ademuyiwa Adetunji, DPM","Ademuyiwa Adetunji, DPM",0,Active,1,Active,(301) 386-5453,NULL,NULL,http://www.largofoot.com/
13466,Yokohama,NULL,NULL,GLP Ayase,5F Shinyokohama No. 3 Tosho Bldg,NULL,BILL TO,222-0033,Takagi,Kanagawa-ken,NULL,2,Clinic,cs-nwpl@nwpl-jp.com,impact@yk.rim.or.jp,NULL,+81-467-84-9713,2025-02-12 18:02:43,Impact Trading - Takagi,0,No,795F2927-FF12-4727-9722-322B7E869737,0,Impact Trading Co. Ltd.,NULL,NULL,0,NULL,NULL,0,Active,1,Active,+81-467-84-9712,NULL,NULL,NULL
13467,Vancouver,Canada,NULL,NULL,503-943 West Broadway,NULL,MAIN,V5Z 4E1,.,BC,NULL,2,Clinic,NULL,drtammygracen@gmail.com,NULL,(604) 737-1146,2025-02-12 18:02:43,"Gracen, DPM/ Tammy",0,No,NULL,0,NULL,NULL,B5BE2423-E8C8-E811-B776-005056995B7E,0,Tammy Gracen,Tammy Gracen,0,Active,1,Active,(604) 734-7331,NULL,NULL,http://drtammygracen.com
13468,Yokohama,NULL,NULL,GLP Ayase,5F Shinyokohama No. 3 Tosho Bldg,NULL,BILL TO,222-0033,Nippongishi,Kanagawa-ken,NULL,2,Clinic,cs-nwpl@nwpl-jp.com,impact@yk.rim.or.jp,NULL,+81-467-84-9713,2025-02-12 18:02:43,Impact Trading - Nippongishi,0,No,795F2927-FF12-4727-9722-322B7E869737,0,Impact Trading Co. Ltd.,NULL,NULL,0,NULL,NULL,0,Active,1,Active,+81-467-84-9712,NULL,NULL,NULL
13469,Philadelphia,NULL,NULL,NULL,7318 Frankford Ave,NULL,MAIN,19136,NULL,PA,NULL,2,Clinic,regina@philapodiatry.com,geltzer@philapodiatry.com,NULL,(215) 332-6123,2025-02-12 18:02:43,Philadelphia Podiatry Associates,0,No,NULL,0,NULL,NULL,2C55859F-71CD-E811-B776-005056995B7E,0,"David Geltzer, DPM","David Geltzer, DPM",0,Active,1,Active,(215) 332.2200,NULL,NULL,https://www.philapodiatry.com/
13470,Katy,United States,NULL,NULL,24022 Cinco Village Center Blv Suite 240,NULL,MAIN,77494,NULL,TX,NULL,NULL,NULL,NULL,dr.applegate@txfootankle.com,NULL,(832) 376-8686,2025-02-12 18:02:43,Texas Foot & Ankle Specialists,0,No,NULL,0,NULL,NULL,D070702D-77CD-E811-B776-005056995B7E,0,"David Applegate, DPM","David Applegate, DPM",0,Active,1,Active,(832) 376-8600,NULL,NULL,https://www.txfootankle.com/
13471,Chelsea,United States,NULL,NULL,"350 N. Main St, Ste 240",NULL,MAIN,48118,NULL,MI,NULL,2,Clinic,NULL,office@stepaheadchelsea.com,NULL,(734) 433-5801,2025-02-12 18:02:43,"Step Ahead Podiatry, PLLC",0,No,NULL,0,NULL,NULL,9175C98B-AAD0-E811-B776-005056995B7E,0,"Thomas Hall, DPM","Thomas Hall, DPM",0,Active,1,Active,(734) 433-5800,NULL,NULL,http://www.stepaheadchelsea.com
13472,Osyka,United States,NULL,NULL,PO Box 158,NULL,BILL TO,39657,NULL,MS,NULL,2,Clinic,Lgcalhoun4@peoplepc.com,Lgcalhoun4@peoplepc.com,NULL,NULL,2025-02-12 18:02:44,"Calhoun, DPM/ Linda",0,No,NULL,0,NULL,NULL,6096B55B-6ED1-E811-B776-005056995B7E,0,"Linda Calhoun, DPM","Linda Calhoun, DPM",0,Active,1,Active,(228) 697-3926,NULL,NULL,NULL
13473,Moorpark,United States,NULL,NULL,4510 Mill Valley Rd,NULL,MAIN,93021,NULL,CA,NULL,1,Sole Practitioner,NULL,jbowmandpt@gmail.com,NULL,NULL,2025-02-12 18:02:44,Bowman Physical Therapy,0,No,NULL,0,NULL,NULL,1A189911-BAD7-E811-B776-005056995B7E,0,"Janice Bowman, DPT","Janice Bowman, DPT",0,Active,1,Active,(805) 469-5673,NULL,NULL,NULL
13474,Porter Ranch,United States,NULL,NULL,"19360 Rinaldi St, Ste 363",NULL,MAIN,91326,NULL,CA,NULL,NULL,NULL,NULL,rb@ronaldbelczykdpm.com,NULL,(818) 475-1406,2025-02-12 18:02:44,Center for Foot Surgery,0,No,NULL,0,NULL,NULL,6F004A81-98DB-E811-B776-005056995B7E,0,"Ronald Belczyk, DPM","Ronald Belczyk, DPM",0,Active,1,Active,(412) 327-6799,NULL,NULL,https://www.centerfootsurgery.com/
13475,Miami,NULL,NULL,NULL,"1321 NW 14th St, 203",NULL,MAIN,33125,NULL,FL,NULL,2,Clinic,NULL,tzwick@flafootandankle.com,NULL,(305) 326-3339,2025-02-12 18:02:44,"Shoemaker & Zwick Podiatry, LLC",0,No,NULL,0,NULL,NULL,NULL,0,NULL,NULL,0,Active,1,Active,(305) 326-3338 ext 1100,NULL,NULL,http://www.flafootandankle.com
13476,Yokohama,NULL,NULL,GLP Ayase,5F Shinyokohama No. 3 Tosho Bldg,NULL,NULL,222-0033,Morishima Clinic,Kanagawa-ken,NULL,2,Clinic,cs-nwpl@nwpl-jp.com,impact@yk.rim.or.jp,NULL,+81-467-84-9713,2025-02-12 18:02:44,Impact Trading - Morishima Clinic,0,No,795F2927-FF12-4727-9722-322B7E869737,0,Impact Trading Co. Ltd.,NULL,NULL,0,NULL,NULL,0,Active,1,Active,+81-467-84-9712,NULL,NULL,NULL
13260,New York,NULL,NULL,NULL,"315 W 57th St, Ste 407",NULL,MAIN,10019,NULL,NY,NULL,2,Clinic,gabi@faasny.com,NULL,NULL,(866) 322-7691,2025-02-12 18:02:26,FAASNY - Columbus Circle,0,No,3EDB330A-CAA3-E311-8A4E-005056B60006,0,FAASNY,NULL,NULL,0,NULL,NULL,0,Active,1,Active,(212) 706-0790,NULL,NULL,http://www.faasny.com
13261,Vienna,NULL,NULL,NULL,"8221 Old Courthouse Rd, Ste 102",NULL,MAIN,22182,NULL,VA,NULL,2,Clinic,NULL,mducrot@novalfac.com,NULL,(703) 734-9090,2025-02-12 18:02:26,"Northern Virginia Foot & Ankle Assoc, LLC",0,No,NULL,0,NULL,NULL,NULL,0,NULL,NULL,0,Active,1,Active,(703) 734-1311,NULL,NULL,http://novafoot.com
13262,Karrinyup,NULL,NULL,NULL,1/57 Burroughs Road,NULL,MAIN,6018,NULL,WA,NULL,1,Sole Practitioner,pmanager@stlukemc.com.au,info@perthfootcentre.com.au,NULL,(08) 9341 7771,2025-02-12 18:02:26,Karrinyup St Luke Medical Centre,0,No,NULL,0,NULL,NULL,NULL,0,NULL,NULL,0,Active,1,Active,(08) 9341 7770,NULL,NULL,NULL
13190,Everson,NULL,NULL,NULL,3344 Alm Rd,NULL,MAIN,98247,"Kristin Foote, PTA",WA,NULL,5,Other,NULL,NULL,NULL,NULL,2025-02-12 18:02:21,"Foote, PTA/ Kristin",0,No,NULL,0,NULL,NULL,NULL,0,NULL,NULL,0,Active,1,Active,(360) 966-2741,NULL,NULL,NULL
13191,Everett,NULL,NULL,Cascade Foot & Ankle,"3802 Broadway, Ste B",NULL,MAIN,98201,NULL,WA,NULL,2,Clinic,NULL,kboyce@wwmedgroup.com,NULL,(425) 259-0856,2025-02-12 18:02:21,"Boyce, DPM/ Kristen",0,No,12142BE8-F053-E411-883B-005056B60006,0,"Western Washington Medical Group, Inc.",NULL,NULL,0,NULL,NULL,0,Active,1,Active,(425) 259-0855,NULL,NULL,http://www.wwmedgroup.com/specialties/podiatry/
13730,Yonkers,NULL,NULL,NULL,984 N. Broadway Ste LL03,NULL,MAIN,10701,NULL,NY,NULL,2,Clinic,drjcm@westchesterpodiatric.com,NULL,NULL,(866) 549-2795,2022-01-11 12:26:19,"Westchester Podiatric Medicine, PC",0,No,NULL,0,NULL,NULL,5F7B2B00-1573-EC11-BA10-005056995B7E,0,"John C. Marzano, DPM","John C. Marzano, DPM",0,Active,1,Active,(914) 424-8338,NULL,NULL,https://westchesterpodiatric.com/
13731,Sturgeon Bay,NULL,NULL,NULL,323 S 18th Ave.,NULL,BILL TO,54235,NULL,WI,NULL,2,Clinic,accounts.payable@dcmedical.org,ellen.barton@dcmedical.org,NULL,(920) 743-8165,2025-02-12 18:03:06,Door County Medical Center,0,No,NULL,0,NULL,NULL,NULL,0,NULL,NULL,0,Active,1,Active,(920) 746-3189,NULL,NULL,http://www.dcmedical.org
13732,Ferndale,NULL,NULL,NULL,1360 Sunset Ave.,NULL,MAIN,98248,NULL,WA,NULL,2,Clinic,ap@dafo.com,NULL,NULL,(360) 543-9243,2025-02-12 18:03:06,Cascade Prosthetics & Orthotics,0,No,NULL,0,NULL,NULL,NULL,0,NULL,NULL,0,Active,1,Active,(360) 543-9239,NULL,NULL,http://www.cascadepoclinics.com
13733,Spring Branch,NULL,NULL,NULL,"20475 State Highway 46 W, Ste 270",NULL,MAIN,78070,NULL,TX,NULL,2,Clinic,NULL,crystalpodiatry@aol.com,NULL,(830) 885-2088,2025-02-12 18:03:06,Crystal Podiatry,0,No,NULL,0,NULL,NULL,NULL,0,NULL,NULL,0,Active,1,Active,(830) 885-2733,NULL,NULL,https://www.crystalpodiatryinfo.com/
13734,Portland,NULL,NULL,NULL,"1827 NE 44th Ave, Ste 100",NULL,BILL TO,97213,NULL,OR,NULL,2,Clinic,bbarnett@eastsidefa.com,NULL,NULL,(503) 284-2002,2025-02-12 18:03:06,"Eastside Foot and Ankle, LLC",0,No,6ABB560B-F75D-E811-BA20-005056995B7E,0,"Eastside Foot and Ankle, LLC",NULL,NULL,0,NULL,NULL,0,Active,1,Active,(503) 284-2000,NULL,NULL,http://www.eastsidefootankle.com
13735,Renton,NULL,NULL,NULL,12 Seahawks Way,NULL,MAIN,98056,NULL,WA,NULL,1,Sole Practitioner,cjn@seahawks.com,NULL,NULL,NULL,2025-02-12 18:03:06,Seattle Seahawks,0,No,NULL,0,NULL,NULL,NULL,0,NULL,NULL,0,Active,1,Active,(425) 203-8276,NULL,NULL,NULL
13736,Hewlett,NULL,NULL,NULL,"1175 W. Broadway, Ste 10",NULL,MAIN,11557,NULL,NY,NULL,1,Sole Practitioner,NULL,sbedpm@aol.com,NULL,(516) 374-4445,2022-01-21 14:20:40,"Epstein, DPM/ Steven B.",0,No,NULL,0,NULL,NULL,NULL,0,NULL,NULL,0,Active,1,Active,(516) 374-4444,NULL,NULL,NULL
13737,Yokohama,NULL,NULL,GLP Ayase,5F Shinyokohama No. 3 Tosho Bldg,NULL,BILL TO,222-0033,Tennis Shop Ado,Kanagawa-ken,NULL,4,Distributor,cs-nwpl@nwpl-jp.com,impact@yk.rim.or.jp,NULL,+81-467-84-9713,2025-02-12 18:03:06,Impact Trading - Tennis Shop Ado,0,No,795F2927-FF12-4727-9722-322B7E869737,0,Impact Trading Co. Ltd.,NULL,NULL,0,NULL,NULL,0,Active,1,Active,+81-467-84-9712,NULL,NULL,NULL
13738,Staples,NULL,NULL,"John Peterson, DPM",49725 County 83,NULL,MAIN,56479,NULL,MN,NULL,1,Sole Practitioner,accountspayable@lakewoodhealthsystem.com,NULL,NULL,(218) 894-8787,2025-02-12 18:03:06,Lakewood Health System,0,No,83D88208-4A7D-EC11-BA10-005056995B7E,0,Lakewood Health System,NULL,NULL,0,NULL,NULL,0,Active,1,Active,(218) 894-1515,NULL,NULL,http://lakewoodhealthsystem.com/providers/viewprofile/Dave/Schleichert
13740,Yokohama,NULL,NULL,GLP Ayase,5F Shinyokohama No. 3 Tosho Bldg,NULL,BILL TO,Kanagawa-ken,Dunlop Sports Club Kasukabe,NULL,NULL,4,Distributor,cs-nwpl@nwpl-jp.com,impact@yk.rim.or.jp,NULL,+81-467-84-9713,2025-02-12 18:03:06,Impact Trading - Dunlop Sports Club Kasukabe,0,No,795F2927-FF12-4727-9722-322B7E869737,0,Impact Trading Co. Ltd.,NULL,NULL,0,NULL,NULL,0,Active,1,Active,+81-467-84-9712,NULL,NULL,NULL
13741,Bloomington,NULL,NULL,Podiatry Department,1701 E College Ave,NULL,MAIN,61704,NULL,IL,NULL,1,Sole Practitioner,NULL,todd.snoeyink@osfhealthcare.org,NULL,(309) 664-3119,2025-02-12 18:03:07,"Snoeyink, DPM/ Todd (Personal Account)",0,No,NULL,0,NULL,NULL,NULL,0,NULL,NULL,0,Active,1,Active,(309) 664-3038,NULL,NULL,NULL
13742,Sugar Land,NULL,NULL,NULL,"7619 Branford Pl, Ste 250",NULL,MAIN,77479,NULL,TX,NULL,1,Sole Practitioner,info@epicfootandankle.com,NULL,NULL,(949) 561-5447,2025-02-12 18:03:07,Epic Foot & Ankle Centers,0,No,NULL,0,NULL,NULL,NULL,0,NULL,NULL,0,Active,1,Active,(281) 501-0018 X 100,NULL,NULL,http://www.epicfootandankle.com
13416,New York,NULL,NULL,NULL,343 West 58th St. Ste 11,NULL,MAIN,10019,NULL,NY,NULL,1,Sole Practitioner,NULL,russell.volpe@gmail.com,NULL,(212) 664-8072,2018-05-16 10:09:31,"Volpe, DPM/ Russell - Manhattan Office",0,No,553BECBA-9D58-E811-BA20-005056995B7E,0,"Volpe, DPM/ Russell",NULL,NULL,0,NULL,NULL,0,Active,1,Active,(212) 247-7408,NULL,NULL,http://www.pediatricpodiatryny.com/
13417,Farmingdale,NULL,NULL,NULL,308 Main St,NULL,BILL TO,11735,NULL,NY,NULL,1,Sole Practitioner,NULL,russell.volpe@gmail.com,NULL,(516) 429-4932,2025-02-12 18:02:39,"Volpe, DPM/ Russell - Long Island Office",0,No,553BECBA-9D58-E811-BA20-005056995B7E,0,"Volpe, DPM/ Russell",NULL,NULL,0,NULL,NULL,0,Active,1,Active,(516) 410-4031,NULL,NULL,http://www.pediatricpodiatryny.com/
13418,Grass Valley,NULL,NULL,NULL,138 Joerschke Dr,NULL,MAIN,95945,NULL,CA,NULL,NULL,NULL,NULL,sierrapo@gv.net,NULL,(530) 477-0809,2025-02-12 18:02:39,Sierra Prosthetics - Orthotics,0,No,NULL,0,NULL,NULL,NULL,0,NULL,NULL,0,Active,1,Active,(530) 477-1004,NULL,NULL,http://sierraprosthetics.com
13420,Portland,NULL,NULL,NULL,"1827 NE 44th Ave, Ste 100",NULL,BILL TO,97213,NULL,OR,NULL,2,Clinic,bbarnett@eastsidefa.com,tmineo@eastsidefa.com,NULL,(503) 676-6152,2025-02-12 18:02:39,"Eastside Foot and Ankle, LLC",0,No,6ABB560B-F75D-E811-BA20-005056995B7E,0,"Eastside Foot and Ankle, LLC",NULL,NULL,0,NULL,NULL,0,Active,1,Active,(503) 284-2000,NULL,NULL,http://www.eastsidefootankle.com
13937,Keizer,NULL,NULL,NULL,4305 River Rd N,NULL,MAIN,97303,NULL,OR,NULL,2,Clinic,kstevens@willamettefoot.com,rstevens@willamettefoot.com,NULL,(503) 363-8154,2025-02-12 18:03:23,Willamette Foot Center,0,No,NULL,0,NULL,NULL,NULL,0,NULL,NULL,0,Active,1,Active,(503) 363-0763,NULL,NULL,https://www.willamettefootcenter.com/
13938,Middletown,NULL,NULL,NULL,"118 Sandhill Dr, Ste 204",NULL,MAIN,19709,NULL,DE,NULL,2,Clinic,NULL,NULL,NULL,(302) 378-9303,2025-02-12 18:03:23,Brandywine Podiatry - Sandhill Plaza,0,No,A6DC183E-B9E4-EB11-9842-005056995B7E,0,Brandywine Podiatry,NULL,NULL,0,NULL,NULL,0,Active,1,Active,(302) 378-1022,NULL,NULL,http://www.brandywinepodiatry.com
13672,Pleasanton,NULL,NULL,NULL,"4456 Black Ave, Ste.100",NULL,MAIN,94566,NULL,CA,NULL,1,Sole Practitioner,NULL,poddoc06@gmail.com,NULL,(925) 416-1843,2025-02-12 18:03:01,"Pandya, DPM / Sima",0,No,NULL,0,NULL,NULL,NULL,0,NULL,NULL,0,Active,1,Active,(925) 416-0990,NULL,NULL,NULL
13673,Yokohama,NULL,NULL,GLP Ayase,5F Shinyokohama No. 3 Tosho Bldg,NULL,BILL TO,222-0033,Showainan Sogo Hospital,Kanagawa-ken,NULL,2,Clinic,cs-nwpl@nwpl-jp.com,impact@yk.rim.or.jp,NULL,+81-467-84-9713,2025-02-12 18:03:01,Impact Trading - Showainan Sogo Hospital,0,No,795F2927-FF12-4727-9722-322B7E869737,0,Impact Trading Co. Ltd.,NULL,NULL,0,NULL,NULL,0,Active,1,Active,+81-467-84-9712,NULL,NULL,NULL
13674,Naples,NULL,NULL,NULL,"1205 Piper Blvd, Ste 102",NULL,MAIN,34110,NULL,FL,NULL,2,Clinic,info@coastalfootcare.net,drchriscalcagni@gmail.com,NULL,(239) 325-9555,2025-02-12 18:03:01,Coastal Foot & Ankle Center,0,No,NULL,0,NULL,NULL,9249FDD7-16A2-EB11-BAF3-005056995B7E,0,"Christopher Calcagni, DPM","Christopher Calcagni, DPM",0,Active,1,Active,(239) 596-7024,NULL,NULL,https://www.coastalfootcare.com/
13675,Olney,NULL,NULL,NULL,"3408 Olanwood Court, Ste 204",NULL,BILLING,20832,NULL,MD,NULL,2,Clinic,scohen@marylandfeet.com,NULL,NULL,(301) 924-5933,2025-02-12 18:03:01,Family Foot and Ankle Associates of MD,0,No,0BD4D2D5-E41B-DF11-988D-000C29EC1EE3,0,"Drs. Frank, Goldberg & Lowy",NULL,NULL,0,NULL,NULL,0,Active,1,Active,(301) 924-5044,NULL,NULL,http://www.marylandfeet.com
13677,Grand Rapids,NULL,NULL,NULL,"2501 Plainfield Ave NE, Ste C",NULL,MAIN,49505,NULL,MI,NULL,1,Sole Practitioner,northfielddpm@gmail.com,northfielddpm@gmail.com,NULL,(616) 364-1955,2025-02-12 18:03:01,"Northfield Podiatry Associates, PC",0,No,NULL,0,NULL,NULL,NULL,0,NULL,NULL,0,Active,1,Active,(616) 364-8495,NULL,NULL,NULL
13518,Chicago,NULL,NULL,NULL,2752 N Southport Ave,NULL,MAIN,60614,NULL,IL,NULL,2,Clinic,NULL,footwellness@gmail.com,NULL,(773) 295-2210,2025-02-12 18:02:48,Lincoln Park Podiatry,0,No,NULL,0,NULL,NULL,NULL,0,NULL,NULL,0,Active,1,Active,(773) 327-0006,NULL,NULL,https://www.footwellnessdoctor.com/
13519,Glens Falls,NULL,NULL,NULL,11 Pine St,NULL,MAIN,12801,NULL,NY,NULL,2,Clinic,NULL,drgaryposter@gmail.com,NULL,(518) 792-3032,2025-02-12 18:02:48,"Poster, DPM/ Gary",0,No,NULL,0,NULL,NULL,NULL,0,NULL,NULL,0,Active,1,Active,(518) 792-3032,NULL,NULL,NULL
13520,Winter Springs,United States,NULL,NULL,5844 Red Bug Lake Rd,NULL,MAIN,32708,NULL,FL,NULL,2,Clinic,lis@motiofootankle.com,drgraeser@motiofootankle.com,NULL,(321) 765-3580,2025-02-12 18:02:48,Motio Foot and Ankle Specialists,0,No,NULL,0,NULL,NULL,28E21BB9-3065-E911-BAFF-005056995B7E,0,"Timothy Graeser, DPM","Timothy Graeser, DPM",0,Active,1,Active,(321) 765-9965,NULL,NULL,http://www.motiofootankle.com
13524,Beckley,NULL,NULL,NULL,119 Cranberry Pointe Way,NULL,MAIN,25801,NULL,WV,NULL,2,Clinic,NULL,tdonatel@yahoo.com,NULL,(412) 291-1552,2025-02-12 18:02:48,Foot and Ankle Clinic of the Virginias INC,0,No,NULL,0,NULL,NULL,NULL,0,NULL,NULL,0,Active,1,Active,(304) 228-8888,NULL,NULL,http://www.drfootpain.com
13526,Rochester,NULL,NULL,Accts Payable Dept 10000,200 1st St SW,NULL,BILL TO,55905,Mayo Foundation,MN,NULL,2,Clinic,dana@nwpodiatric.com,NULL,NULL,NULL,2025-02-12 18:02:49,Mayo Clinic Health System-Eau Claire,0,No,E800EC99-3E68-E911-BAFF-005056995B7E,0,Mayo Clinic Health System-Eau Claire,NULL,NULL,0,NULL,NULL,0,Active,1,Active,(507) 266-5551,NULL,NULL,NULL
13527,McAllen,NULL,NULL,NULL,4853 N McColl Rd,NULL,MAIN,78504,NULL,TX,NULL,2,Clinic,NULL,NULL,NULL,NULL,2025-02-12 18:02:49,Accion Rehab,0,No,NULL,0,NULL,NULL,NULL,0,NULL,NULL,0,Active,1,Active,(956) 630-0209,NULL,NULL,http://www.accionrehab.com/en/
13528,Smithtown,NULL,NULL,NULL,260 Middle Country Rd,NULL,MAIN,11787,NULL,NY,NULL,2,Clinic,NULL,NULL,NULL,(631) 724-4130,2025-02-12 18:02:49,"Ravitz, DPM, PC/ Marjorie C.",0,No,NULL,0,NULL,NULL,NULL,0,NULL,NULL,0,Active,1,Active,(631) 724-1166,NULL,NULL,NULL
13529,Saint Petersburg,United States,NULL,NULL,1380 80th St S,NULL,BILL TO,33707,NULL,FL,NULL,NULL,NULL,NULL,coastalfas@gmail.com,NULL,(727) 343-6670,2025-02-12 18:02:49,Coastal Foot & Ankle Specialists,0,No,NULL,0,NULL,NULL,60B8F9EF-C66D-E911-BAFF-005056995B7E,0,"Brendon Zelna, DPM","Brendon Zelna, DPM",0,Active,1,Active,(727) 347-8872,NULL,NULL,http://www.coastalfas.com/
13530,Reno,NULL,NULL,NULL,555 N Arlington Ave,NULL,MAIN,89503,NULL,NV,NULL,2,Clinic,accountspayable@renoortho.com,NULL,NULL,(775) 788-5294,2025-02-12 18:02:49,Reno Orthopedic Properties - Shop at Roc,0,No,NULL,0,NULL,NULL,NULL,0,NULL,NULL,0,Active,1,Active,(775) 788-5275,NULL,NULL,http://www.renoortho.com
13531,Fort Collins,NULL,NULL,NULL,"608 E Harmony Rd, Ste.301",NULL,MAIN,80525,NULL,CO,NULL,2,Clinic,NULL,NULL,NULL,(970) 482-9078,2025-02-12 18:02:49,Foot of the Mountains,0,No,NULL,0,NULL,NULL,NULL,0,NULL,NULL,0,Active,1,Active,(970) 482-3668,NULL,NULL,http://www.footofthemtns.com
13532,Heppner,NULL,NULL,NULL,PO Box 1002,NULL,BILL TO,97836,NULL,OR,NULL,2,Clinic,NULL,dickensonchiro@centurytel.net,NULL,(541) 676-8776,2025-02-12 18:02:49,Dickenson Chiropractic Clinic,0,No,NULL,0,NULL,NULL,NULL,0,NULL,NULL,0,Active,1,Active,(541) 676-8990,NULL,NULL,NULL
13533,Palo Alto,NULL,NULL,NULL,3801 Miranda Ave,NULL,MAIN,94304,NULL,CA,NULL,NULL,NULL,NULL,jspanko@comcast.net,NULL,NULL,2025-02-12 18:02:50,VA/ Palo Alto (640/121),0,No,NULL,0,NULL,NULL,0E9A9C96-188E-E911-BAFF-005056995B7E,0,"Jeffrey Spanko, DPM","Jeffrey Spanko, DPM",0,Active,1,Active,(650) 493-5000 x 69218,NULL,NULL,NULL
13534,New York,NULL,NULL,NULL,"4915 Broadway, Ste 10",NULL,MAIN,10034,NULL,NY,NULL,2,Clinic,NULL,eliezer.eisenberger@gmail.com,NULL,(212) 569-5701,2025-02-12 18:02:50,Leg Foot & Ankle Associates,0,No,NULL,0,NULL,NULL,8EB8E97B-BB8E-E911-BAFF-005056995B7E,0,"Eliezer Eisenberger, DPM","Eliezer Eisenberger, DPM",0,Active,1,Active,(212) 569-5700,NULL,NULL,http://www.legfootankle.com/
13537,Plantation,United States,NULL,NULL,9685 W Broward Blvd,NULL,MAIN,33324,NULL,FL,NULL,1,Sole Practitioner,NULL,ninacoletta@ymail.com,NULL,(954) 452-0509,2025-02-12 18:02:50,"Coletta, DPM/Nina",0,No,NULL,0,NULL,NULL,E2B5975A-2899-E911-BAFF-005056995B7E,0,"Nina Coletta, DPM PA","Nina Coletta, DPM PA",0,Active,1,Active,(954) 452-4590,NULL,NULL,http://ninacolettadpm.com/
13823,Pleasanton,NULL,NULL,NULL,4456 Black Ave  #100,NULL,MAIN,94566,NULL,CA,NULL,2,Clinic,NULL,lisabreuner@gmail.com,NULL,(925) 416-1843,2025-02-12 18:03:13,"Breuner, DPM/Lisa",0,No,NULL,0,NULL,NULL,NULL,0,NULL,NULL,0,Active,1,Active,(925) 416-0990,NULL,NULL,NULL
13824,Citrus Springs,NULL,NULL,NULL,5940 N Bonview Pt.,NULL,BILL TO,34434-8267,NULL,FL,NULL,2,Clinic,Kandyce.afac@gmail.com,NULL,NULL,(352) 304-6898,2025-02-12 18:03:13,American Foot & Ankle Centers,0,No,NULL,0,NULL,NULL,NULL,0,NULL,NULL,0,Active,1,Active,(352) 388-4680,NULL,NULL,http://americanfootanklecenter.com
13825,Mercer Island,NULL,NULL,NULL,3236 78th Ave SE  Ste 201,NULL,MAIN,98040,NULL,WA,NULL,2,Clinic,mercerislandfootandankle@gmail.com,mercerislandfootandankle@gmail.com,NULL,(206) 275-3693,2025-02-12 18:03:13,Mercer Island Foot and Ankle,0,No,NULL,0,NULL,NULL,NULL,0,NULL,NULL,0,Active,1,Active,(206) 275-9117,NULL,NULL,http://mifootandankle.com
13826,Takasaki,NULL,NULL,NULL,178-1 Kaminakai,NULL,BILL TO,370-0851,Shoemart Kaminakai,Gunma,NULL,2,Clinic,cs-nwpl@nwpl-jp.com,impact@yk.rim.or.jp,NULL,+81-467-84-9713,2025-02-12 18:03:13,Impact Trading - Shoemart Kaminakai,0,No,795F2927-FF12-4727-9722-322B7E869737,0,Impact Trading Co. Ltd.,NULL,NULL,0,NULL,NULL,0,Active,1,Active,+81-467-84-9712,NULL,NULL,NULL
13827,Naples,NULL,NULL,NULL,680 2nd Ave N   #100,NULL,MAIN,34102,NULL,FL,NULL,2,Clinic,dpm@carr-luthringer.com,dpm@carr-luthringer.com,NULL,(239) 262-1321,2025-02-12 18:03:13,"Carr, DPM PA/Eugene",0,No,NULL,0,NULL,NULL,NULL,0,NULL,NULL,0,Active,1,Active,(239) 262-6765,NULL,NULL,NULL
13323,Yokohama,NULL,NULL,GLP Ayase,5F Shinyokohama No. 3 Tosho Bldg,NULL,NULL,222-0033,Kazenosato,Kanagawa-ken,NULL,2,Clinic,cs-nwpl@nwpl-jp.com,impact@yk.rim.or.jp,NULL,NULL,2025-02-12 18:02:31,Impact Trading - Kazenosato,0,No,795F2927-FF12-4727-9722-322B7E869737,0,Impact Trading Co. Ltd.,NULL,NULL,0,NULL,NULL,0,Active,1,Active,+81-467-84-9712,NULL,NULL,NULL
13324,Yokohama,NULL,NULL,GLP Ayase,5F Shinyokohama No. 3 Tosho Bldg,NULL,NULL,222-0033,Sata Sports Medical Science Laboratory,Kanagawa-ken,NULL,2,Clinic,cs-nwpl@nwpl-jp.com,impact@yk.rim.or.jp,NULL,NULL,2025-02-12 18:02:32,Impact Trading - Sata Sports Medical Science Laboratory,0,No,795F2927-FF12-4727-9722-322B7E869737,0,Impact Trading Co. Ltd.,NULL,NULL,0,NULL,NULL,0,Active,1,Active,+81-467-84-9712,NULL,NULL,NULL
13325,Fredricksburg,NULL,NULL,NULL,"2800 Wellford St, Ste 100",NULL,BILL TO,22401,NULL,VA,NULL,2,Clinic,lindamaheu@gmail.com,brett.j.waverly@gmail.com,NULL,(540) 368-4968,2025-02-12 18:02:32,"Orthopedic Specialty Clinic, Ltd",0,No,NULL,0,NULL,NULL,563AC687-2097-E711-BE9F-005056995B7E,0,"Brett J. Waverly, DPM","Brett J. Waverly, DPM",0,Active,1,Active,(540) 361-1830,NULL,NULL,NULL
13328,Palm Springs,NULL,NULL,NULL,"777 E Tahquitz Canyon Way, Ste 200-096",NULL,BILL TO,92262,NULL,CA,NULL,NULL,NULL,tutconsultant@gmail.com,jtcrough@gmail.com,NULL,(760) 416-4512,2025-02-12 18:02:32,Crough Podiatry,0,No,NULL,0,NULL,NULL,49C7EC56-D298-E711-BE9F-005056995B7E,0,"Jackson Crough, DPM","Jackson Crough, DPM",0,Active,1,Active,(760) 416-4511,NULL,NULL,NULL
13329,Beaverton,NULL,NULL,"Village Practice Management Co, LLC","9450 SW Gemini Dr, #49084",NULL,BILL TO,97008,Accounts Payable,OR,NULL,2,Clinic,AP@villagemd.com,NULL,NULL,(914) 848-8071,2025-02-12 18:02:32,"Powers, DPM/ Kelly A.",0,No,8800F2F2-6799-E711-BE9F-005056995B7E,0,"Village Practice Managment Co, LLC",NULL,NULL,0,NULL,NULL,0,Active,1,Active,(914) 848-8060,NULL,NULL,http://www.westmedgroup.com
13331,Manahawkin,NULL,NULL,NULL,"1145 Beacon Ave,  Ste B",NULL,MAIN,08050,NULL,NJ,NULL,2,Clinic,NULL,achillesfeet@hotmail.com,NULL,(609) 978-9902,2025-02-12 18:02:32,Achilles Foot & Ankle Assoc. (Santamaria),0,No,7736C712-389A-E711-BE9F-005056995B7E,0,Achilles Foot & Ankle Assoc.,NULL,NULL,0,NULL,NULL,0,Active,1,Active,(609) 597-6688,NULL,NULL,http://www.jeffreymazzattadpm.com/
13333,Olympia,NULL,NULL,NULL,"3525 Ensign Rd NE, Ste N",NULL,MAIN,98506,NULL,WA,NULL,NULL,NULL,olympiapodiatry@gmail.com,olympiapodiatry@gmail.com,NULL,(360) 943-9694,2025-02-12 18:02:32,Olympia Podiatry Clinic,0,No,NULL,0,NULL,NULL,NULL,0,NULL,NULL,0,Active,1,Active,(360) 943-9600,NULL,NULL,http://olympiapodiatryclinic.com
13335,Yokohama,NULL,NULL,Ayase,5F Shinyokohama No. 3 Tosho Bldg,NULL,BILL TO,222-0033,Isomi Orthopedic Clinic,Kanagawa-ken,NULL,NULL,NULL,cs-nwpl@nwpl-jp.com,NULL,NULL,NULL,2025-02-12 18:02:32,Impact Trading - Isomi Orthopedic Clinic,0,No,795F2927-FF12-4727-9722-322B7E869737,0,Impact Trading Co. Ltd.,NULL,NULL,0,NULL,NULL,0,Active,1,Active,+81-467-84-9712,NULL,NULL,NULL
13336,Franklin,United States,NULL,StepOnePT,8871 W Marshfield Ct,NULL,BILL TO,53132,NULL,WI,NULL,2,Clinic,tomlabischdpt@gmail.com,tomlabischdpt@gmail.com,NULL,NULL,2025-02-12 18:02:33,"Labisch, PT / Tom",0,No,NULL,0,NULL,NULL,29CA3B16-CD9F-E711-BE9F-005056995B7E,0,"Tom Labisch, DPT","Tom Labisch, DPT",0,Active,1,Active,(414) 899-4801,NULL,NULL,http://steponept.co
13337,Yokohama,NULL,NULL,Aayse,5F Shinyokohama No. 3 Tosho Bldg,NULL,BILL TO,222-0033,Kamiedo Clinic,Kanagawa-ken,NULL,NULL,NULL,cs-nwpl@nwpl-jp.com,NULL,NULL,NULL,2025-02-12 18:02:33,Impact Trading - Kamiedo Clinic,0,No,795F2927-FF12-4727-9722-322B7E869737,0,Impact Trading Co. Ltd.,NULL,NULL,0,NULL,NULL,0,Active,1,Active,+81-467-84-9712,NULL,NULL,NULL
13339,Yokohama,NULL,NULL,Ayase,5F Shinyokohama No. 3 Tosho Bldg,NULL,BILL TO,222-0033,Sugamata Clinic,Kanagawa-ken,NULL,NULL,NULL,cs-nwpl@nwpl-jp.com,NULL,NULL,NULL,2025-02-12 18:02:33,Impact Trading - Sugamata Clinic,0,No,795F2927-FF12-4727-9722-322B7E869737,0,Impact Trading Co. Ltd.,NULL,NULL,0,NULL,NULL,0,Active,1,Active,+81-467-84-9712,NULL,NULL,NULL
13816,Santa Monica,NULL,NULL,NULL,"2001 Santa Monica Blvd, Suite 465W",NULL,MAIN,90404,NULL,CA,NULL,2,Clinic,drsuchirsheth@socalsportspodiatry.com,Info@socalsportspodiatry.com,NULL,(888) 798-0180,2025-02-12 18:03:12,SoCal Sports Podiatry,0,No,NULL,0,NULL,NULL,NULL,0,NULL,NULL,0,Active,1,Active,(310) 395-5025,NULL,NULL,https://socalsportspodiatry.com/
13817,New Hyde Park,NULL,NULL,NULL,1201 2nd Ave.,NULL,MAIN,11040,NULL,NY,NULL,2,Clinic,fg.libertyorthotics@yahoo.com,libertyorthotics@yahoo.com,NULL,(516) 326-6784,2025-02-12 18:03:12,"Liberty Orthotics, Inc",0,No,NULL,0,NULL,NULL,NULL,0,NULL,NULL,0,Active,1,Active,(516) 326-6786,NULL,NULL,NULL
13818,Escondido,NULL,NULL,NULL,736 E Grand Ave.,NULL,MAIN,92025-4405,NULL,CA,NULL,2,Clinic,NULL,info@northcountyfootankle.com,NULL,NULL,2025-02-12 18:03:12,North County Foot & Ankle Specialists,0,No,NULL,0,NULL,NULL,NULL,0,NULL,NULL,0,Active,1,Active,(760) 421-5309,NULL,NULL,http://www.northcountyfootankle.com
13819,Peachtree City,NULL,NULL,NULL,1975 Highway 54 West,Suite 205,BILL TO,30269,NULL,GA,NULL,2,Clinic,Finance@ankleandfootcenters.com,monacodpm@ankleandfootcenters.com,NULL,(762) 332-4547,2025-02-12 18:03:12,"Southwest GA Ankle and Foot Center, LLC",0,No,NULL,0,NULL,NULL,NULL,0,NULL,NULL,0,Active,1,Active,(762) 985-0020,NULL,NULL,http://ankleandfootcenters.com
13348,Mill Creek,NULL,NULL,NULL,"16708 Bothell Everett Hwy, Ste 204",NULL,MAIN,98012,.,WA,NULL,1,Sole Practitioner,NULL,bsowers@millcreekfootandankle.com,NULL,(425) 482-6665,2025-02-12 18:02:33,Mill Creek Foot & Ankle Clinic PC,0,No,NULL,0,NULL,NULL,D871FEE9-4FA9-E711-BFF6-005056995B7E,0,"Joseph Hall, DPM","Joseph Hall, DPM",0,Active,1,Active,(425) 482-6663,NULL,NULL,http://www.millcreekfootandankle.com
13350,West Bloomfield,NULL,NULL,NULL,2300 Haggerty Rd Ste 1175,NULL,MAIN,48323,NULL,MI,NULL,2,Clinic,NULL,Feet1st98@aol.com,NULL,(248) 926-9498,2025-02-12 18:02:33,Feet First Podiatry,0,No,NULL,0,NULL,NULL,7C25A91F-B9AA-E711-BFF6-005056995B7E,0,"Ellen Mady, DPM","Ellen Mady, DPM",0,Active,1,Active,(248) 624-8338,NULL,NULL,NULL
13351,Concord,United States,NULL,NULL,1495 Remington Ln NW,NULL,NULL,28027,NULL,NC,NULL,1,Sole Practitioner,NULL,Kcross99@yahoo.com,NULL,(704) 446-2577,2025-02-12 18:02:33,"Bruno, PT/ Kelly A",0,No,NULL,0,NULL,NULL,6E6F8B0C-36AD-E711-BFF6-005056995B7E,0,"Kelly A Bruno, PT","Kelly A Bruno, PT",0,Active,1,Active,(518) 495-1154,NULL,NULL,NULL
13353,North Bergen,NULL,NULL,Total Ankle Foot Institute,"7823 Bergenline Ave, 2nd Floor",NULL,MAIN,07047,NULL,NJ,NULL,2,Clinic,luvann.hayek@ymail.com,BadriH1@gmail.com,NULL,(973) 256-4757,2025-02-12 18:02:33,"Badri, DPM/ Homam",0,No,NULL,0,NULL,NULL,NULL,0,NULL,NULL,0,Active,1,Active,(973) 330-7444,NULL,NULL,NULL
13354,Muncie,NULL,NULL,NULL,3400 W Purdue Ave,NULL,MAIN,47304,NULL,IN,NULL,2,Clinic,NULL,todreed@comcast.net,NULL,(765) 287-8318,2025-02-12 18:02:33,Cardinal Foot and Ankle,0,No,NULL,0,NULL,NULL,C9F71861-88AF-E711-BFF6-005056995B7E,0,"Tod Reed, DPM","Tod Reed, DPM",0,Active,1,Active,(765) 287-8279,NULL,NULL,https://www.cardinalfootandankle.com/
13355,Chicago,NULL,NULL,Loop Foot Health Center,"25 E Washington St, Ste 701",NULL,MAIN,60602,NULL,IL,NULL,1,Sole Practitioner,dr.stevenp@att.net,toepro@comcast.net,NULL,(312) 372-1410,2025-02-12 18:02:33,"Pesenko, DPM/ Steven",0,No,NULL,0,NULL,NULL,DB98EF3B-39B0-E711-BFF6-005056995B7E,0,"Steven Pesenko, DPM","Steven Pesenko, DPM",0,Active,1,Active,(312) 372-0015,NULL,NULL,NULL
13356,Anthem,United States,NULL,NULL,"41818 N Venture Dr, Ste 120",NULL,MAIN,85086,NULL,AZ,NULL,2,Clinic,NULL,ty@harperptonline.com,NULL,(623) 742-7339,2025-02-12 18:02:34,Harper Physical Therapy,0,No,NULL,0,NULL,NULL,00AC20C1-62B3-E711-BFF6-005056995B7E,0,Deborah Harper,Deborah Harper,0,Active,1,Active,(623) 742-7338,NULL,NULL,http://harperptonline.com
13358,Yokohama,NULL,NULL,GLP Ayase,5F Shinyokohama No. 3 Tosho Bldg,NULL,BILL TO,222-0033,Mihama Home Clinic,Kanagawa-ken,NULL,2,Clinic,cs-nwpl@nwpl-jp.com,impact@yk.rim.or.jp,NULL,+81-467-84-9713,2025-02-12 18:02:34,Impact Trading - Mihama Home Clinic,0,No,795F2927-FF12-4727-9722-322B7E869737,0,Impact Trading Co. Ltd.,NULL,NULL,0,NULL,NULL,0,Active,1,Active,+81-467-84-9712,NULL,NULL,NULL
13359,Glen Ellyn,United States,NULL,NULL,22W654 Butterfield Rd,NULL,MAIN,60137,NULL,IL,NULL,NULL,NULL,NULL,deana@drocarroll.com,NULL,(630) 790-9472,2025-02-12 18:02:34,O'Carroll & Associates,0,No,NULL,0,NULL,NULL,AB368AC5-E0B4-E711-BFF6-005056995B7E,0,"Daniel O'Carroll, DPM","Daniel O'Carroll, DPM",0,Active,1,Active,(630) 790-4442,NULL,NULL,http://www.drocarroll.com/
13362,Bothell,United States,NULL,NULL,23909 3rd Dr. SE,NULL,BILL TO,98021,NULL,WA,NULL,2,Clinic,NULL,lee.joyce.dpm@gmail.com,NULL,(206) 971-1355,2025-02-12 18:02:34,Sound Foot and Ankle,0,No,NULL,0,NULL,NULL,3BCFD838-D6B8-E711-BFF6-005056995B7E,0,"Joyce Lee, DPM","Joyce Lee, DPM",0,Active,1,Active,(206) 973-0877,NULL,NULL,http://www.soundfaa.com
12645,Bellevue,United States,NULL,NULL,1609 116th Ave NE,NULL,MAIN,98004,NULL,WA,NULL,2,Clinic,bellevuepp@gmail.com,bellevuepp@gmail.com,NULL,(425) 283-5095,2025-02-12 18:01:57,Bellevue Podiatric Physicians,0,No,NULL,0,NULL,NULL,NULL,0,NULL,NULL,0,Active,1,Active,(425) 283-5093,NULL,NULL,http://bellevuefoot.com/
12649,Idaho Falls,United States,NULL,Teton Foot & Ankle Center,3345 S Holmes Ave,NULL,MAIN,83404,NULL,ID,NULL,1,Sole Practitioner,NULL,office@tetonfoot.com,NULL,(208) 528-8022,2025-02-12 18:01:57,"James, DPM/ Michael K.",0,No,NULL,0,NULL,NULL,NULL,0,NULL,NULL,0,Active,1,Active,(208) 528-6225,NULL,NULL,http://www.tetonfootandankle.com/
12650,Lansing,United States,NULL,"Delta Foot Care, PC",3802 W Kalamazoo St.,NULL,MAIN,48917,NULL,MI,NULL,2,Clinic,NULL,deltafootcare@sbcglobal.net,NULL,(517) 485-7301,2025-02-12 18:01:57,"Goosen, DPM/ Brian S.",0,No,F4041848-13EF-44AC-A26C-9966025FCE5B,0,"Delta Foot Care, PC",NULL,NULL,0,NULL,NULL,0,Active,1,Active,(517) 485-7300,NULL,NULL,http://www.deltafootcare.com/
12833,Viera,United States,NULL,NULL,2900 Veterans Way,NULL,MAIN,32940,NULL,FL,NULL,2,Clinic,terri@nwpodiatric.com,NULL,NULL,(321) 637-7890,2025-02-12 18:02:05,VA/ Viera OPC 675GA,0,No,NULL,0,NULL,NULL,NULL,0,NULL,NULL,0,Active,1,Active,(321) 637-3788,NULL,NULL,NULL
12835,Bainbridge Island,NULL,NULL,NULL,563 Madison Ave N,NULL,MAIN,98110,NULL,WA,NULL,2,Clinic,NULL,keith@bainbridgeislandpt.com,NULL,(206) 855-8465,2025-02-12 18:02:05,Bainbridge Island Physical Therapy,0,No,NULL,0,NULL,NULL,NULL,0,NULL,NULL,0,Active,1,Active,(206) 855-8880,NULL,NULL,http://www.bainbridgeislandpt.com
12839,Spokane,NULL,NULL,Medical Foot Center,"124 E Rowan Ave, Ste 102",NULL,BILL TO,99207,NULL,WA,NULL,2,Clinic,laura@medicalfootcenter.net,dwoolley@gmail.com,NULL,(509) 928-2933,2025-02-12 18:02:06,"Woolley, DPM/ Darron",0,No,BFADC7B4-6FB3-E711-BFF6-005056995B7E,0,Medical Foot Center,NULL,NULL,0,NULL,NULL,0,Active,1,Active,(509) 928-1990,NULL,NULL,http://www.medicalfootcenter.net/
12851,New Hyde Park,NULL,NULL,Foot & Ankle Surgeons of New York,"3003 New Hyde Park Rd, Ste 312",NULL,BILL TO,11042,NULL,NY,NULL,NULL,NULL,gabi@faasny.com,NULL,NULL,(516) 492-3516,2025-02-12 18:02:06,FAASNY - NHP,0,No,3EDB330A-CAA3-E311-8A4E-005056B60006,0,FAASNY,NULL,NULL,0,NULL,NULL,0,Active,1,Active,(516) 492-3515,NULL,NULL,http://www.faasny.com/
12852,Thibodaux,United States,NULL,NULL,970 S Acadia Rd,NULL,BILL TO,70301,NULL,LA,NULL,2,Clinic,NULL,NULL,NULL,NULL,2025-02-12 18:02:06,Foot Clinic of Louisiana INC,0,No,NULL,0,NULL,NULL,NULL,0,NULL,NULL,0,Active,1,Active,(985) 446-2335,NULL,NULL,http://www.footclinicoflouisiana.com/
12854,New York,United States,NULL,Foot & Ankle Surgeons of New York,7 Christopher St,NULL,BILL TO,10014,NULL,NY,NULL,2,Clinic,gabi@faasny.com,NULL,NULL,(212) 242-7719,2025-02-12 18:02:06,FAASNY - West Village,0,No,3EDB330A-CAA3-E311-8A4E-005056B60006,0,FAASNY,NULL,NULL,0,NULL,NULL,0,Active,1,Active,(212) 242-7718,NULL,NULL,http://www.faasny.com
13131,Kensington,United States,NULL,Family Foot & Ankle Associates of Maryland,"3720 Farragut Ave, Ste 303",NULL,MAIN,20895,NULL,MD,NULL,2,Clinic,scohen@marylandfeet.com,NULL,NULL,(301) 942-8530,2025-02-12 18:02:17,"Drs. Frank, Goldberg & Lowy",0,No,0BD4D2D5-E41B-DF11-988D-000C29EC1EE3,0,"Drs. Frank, Goldberg & Lowy",NULL,NULL,0,NULL,NULL,0,Active,1,Active,(301) 942-8110,NULL,NULL,http://www.marylandfeet.com/
13133,Rolla,NULL,NULL,Bond Clinic Medical Group,600 Blues Lake Pkwy,NULL,BILL TO,65401,Phelps Health,MO,NULL,2,Clinic,NULL,pearr@pcrmc.com,NULL,(573) 341-5969,2025-02-12 18:02:17,"Pearson, DPM/ Robert",0,No,NULL,0,NULL,NULL,NULL,0,NULL,NULL,0,Active,1,Active,(573 )364-9000,NULL,NULL,NULL
12933,Fresno,NULL,NULL,NULL,3875 W Beechwood Ave,NULL,BILL TO,93722,.,CA,NULL,2,Clinic,hernandeza@unitedhealthcenters.org,kruperp@unitedhealthcenters.org,NULL,(559) 646-3652,2025-02-12 18:02:08,United Health Centers of the San Joaquin Valley,0,No,NULL,0,NULL,NULL,NULL,0,NULL,NULL,0,Active,1,Active,(559) 646-6618,NULL,NULL,http://www.uhcofsjv.org/
12934,Orem,United States,NULL,NULL,"157 N 400 W, Ste B7",NULL,MAIN,84057,NULL,UT,NULL,2,Clinic,NULL,danielrpatty@gmail.com,NULL,(801) 226-3869,2025-02-12 18:02:08,"Patty, DPM/ Daniel R.",0,No,NULL,0,NULL,NULL,NULL,0,NULL,NULL,0,Active,1,Active,(801) 226-2421,NULL,NULL,NULL
12936,Houston,NULL,NULL,NULL,"9055 Katy Fwy, Ste 460",NULL,MAIN,77024,NULL,TX,NULL,2,Clinic,rubi.moya@sbpodiatry.net,NULL,NULL,(713) 973-7200,2025-02-12 18:02:08,Spring Branch Podiatry,0,No,NULL,0,NULL,NULL,NULL,0,NULL,NULL,0,Active,1,Active,(713) 461-1010,NULL,NULL,http://txfootdoctor.com
12744,Denver,United States,NULL,Accounts Payable,PO Box 1380,NULL,BILL TO,80201,Optum Care Management,CO,NULL,2,Clinic,accountpayable@healthcarepartners.com,NULL,NULL,(213) 861-5825,2025-02-12 18:02:02,Optum Care Management,0,No,0A8EB902-00B1-DD11-A1B8-0019B9B8224A,0,HealthCare Partners,NULL,NULL,0,NULL,NULL,0,Active,1,Active,(213) 861-5803,NULL,NULL,http://www.healthcarepartners.com
12660,Burlingame,NULL,NULL,NULL,"1750 El Camino Real, Ste 106",NULL,MAIN,94010,NULL,CA,NULL,2,Clinic,management@sanmateopodiatrygroup.com,bjm@faisf.com,NULL,(650) 332-0278,2025-02-12 18:01:57,San Mateo Podiatry Group,0,No,NULL,0,NULL,NULL,D4118E80-5824-E211-8E61-005056B60006,0,"Bill Metaxas, DPM","Bill Metaxas, DPM",0,Active,1,Active,(650) 342-2420,NULL,NULL,https://www.sanmateopodiatrygroup.com/
12663,Castle Rock,NULL,NULL,Castle Rock Foot & Ankle Care,PO Box 639,NULL,BILL TO,80104,NULL,CO,NULL,NULL,NULL,NULL,crfa@castlerockfootandankle.com,NULL,(303) 814-0020,2025-02-12 18:01:57,"Herzog, DPM/ Jessica",0,No,NULL,0,NULL,NULL,NULL,0,NULL,NULL,0,Active,1,Active,(303) 814-1082,NULL,NULL,http://www.castlerockfootandankle.com
13182,Idaho Falls,NULL,NULL,NULL,1277 E 17th St,NULL,MAIN,83404,Foot and Ankle Specialists of Idaho,ID,NULL,2,Clinic,NULL,drpeterson@footankleid.com,NULL,(208) 346-7442,2025-02-12 18:02:20,Foot & Ankle Specialists of Idaho,0,No,NULL,0,NULL,NULL,NULL,0,NULL,NULL,0,Active,1,Active,(208) 346-7443,NULL,NULL,NULL
12815,Spokane,NULL,NULL,NULL,4208 E. Olmsted Rd.,.,MAIN,99223,NULL,WA,NULL,1,Sole Practitioner,NULL,svancarlson@gmail.com,NULL,NULL,2025-02-12 18:02:04,"Carlson, PT/ Shirley, J.",0,No,NULL,0,NULL,NULL,NULL,0,NULL,NULL,0,Active,1,Active,(509) 590-9893,NULL,NULL,NULL
12823,Naples,NULL,NULL,"Finn Foot & Ankle Center, P.A.","1855 Veterans Park Dr., Ste. 303",NULL,NULL,34106,NULL,FL,NULL,2,Clinic,NULL,DrFinn@FinnFootAndAnkleCenter.com,NULL,(239) 260-5803,2025-02-12 18:02:05,"Finn, DPM/ Lori",0,No,NULL,0,NULL,NULL,NULL,0,NULL,NULL,0,Active,1,Active,(239) 260-5805,NULL,NULL,http://FinnFootAndAnkleCenter.com
12571,Newport Beach,United States,NULL,NULL,"881 Dover Dr, Ste 150",NULL,MAIN,92663,NULL,CA,NULL,1,Sole Practitioner,NULL,NULL,NULL,(949) 330-2006,2025-02-12 18:01:54,"Herrmann, DPM/ William",0,No,NULL,0,NULL,NULL,NULL,0,NULL,NULL,0,Active,1,Active,(949) 855-4634,NULL,NULL,http://www.drherrmannfootcare.com
12573,Stoneham,NULL,NULL,NULL,"25 Executive Dr, Apt #308",NULL,MAIN,02180,NULL,MA,NULL,NULL,NULL,NULL,johann.entinger@gmail.com,NULL,NULL,2025-02-12 18:01:54,"Entinger, DPM/ Johann",0,No,NULL,0,NULL,NULL,NULL,0,NULL,NULL,0,Active,1,Active,(802) 558-4525,NULL,NULL,NULL
12582,Windsor,NULL,NULL,Gill Family Footcare and Orthotics,2990 Curry Ave,NULL,MAIN,N9E 1E5,NULL,ON,NULL,1,Sole Practitioner,NULL,mjupin1@hotmail.com,NULL,(519) 969-5100,2025-02-12 18:01:54,"Gill, DPM/ Michelle",0,No,NULL,0,NULL,NULL,NULL,0,NULL,NULL,0,Active,1,Active,(519) 969-1200,NULL,NULL,NULL
12584,Salt Lake City,United States,NULL,NULL,PO Box 31324,NULL,BILL TO,84131,NULL,UT,NULL,2,Clinic,NSEdwardElm@ghxinvoicing.com,NULL,NULL,(630) 758-8592,2025-02-12 18:01:54,Elmhurst Memorial Healthcare,0,No,NULL,0,NULL,NULL,A9430507-76AE-E111-9570-005056B60006,0,"Scott Rieger, DPM","Scott Rieger, DPM",0,Active,1,Active,(331) 221-9004,NULL,NULL,https://www.eehealth.org/
12588,Sonoita,NULL,NULL,NULL,PO Box 1205,NULL,BILL TO,85637,NULL,AZ,NULL,2,Clinic,NULL,2became1@att.net,NULL,NULL,2025-02-12 18:01:54,"Lenz, DPM/ Craig",0,No,NULL,0,NULL,NULL,NULL,0,NULL,NULL,0,Active,1,Active,(559) 217-2659,NULL,NULL,NULL
12593,Delta,Canada,NULL,Dr. Alice Wang Podiatric Corporation,#103 - 4515 Harvest Drive,NULL,MAIN,V4K 4L1,NULL,BC,NULL,2,Clinic,NULL,evergreenfootankle@gmail.com,NULL,(604) 521-2132,2025-02-12 18:01:55,"Wang, DPM/ Alice",0,No,NULL,0,NULL,NULL,NULL,0,NULL,NULL,0,Active,1,Active,(604) 940-8377,NULL,NULL,http://www.evergreenfootankle.com
12601,Portland,United States,NULL,NULL,1827 NE 44th Ave Ste 100,NULL,MAIN,97213,NULL,OR,NULL,2,Clinic,bbarnett@eastsidefa.com,bbowen@eastsidefa.com,NULL,(503) 284-2002,2025-02-12 18:01:55,"Eastside Foot and Ankle, LLC",0,No,6ABB560B-F75D-E811-BA20-005056995B7E,0,"Eastside Foot and Ankle, LLC",NULL,NULL,0,NULL,NULL,0,Active,1,Active,(503) 284-2000,NULL,NULL,http://www.eastsidefootankle.com
12611,Sacramento,United States,NULL,Capital Foot & Ankle,"3800 J St, Ste 200",NULL,MAIN,95816,NULL,CA,NULL,2,Clinic,NULL,NULL,NULL,(916) 454-4359,2025-02-12 18:01:56,"Bakal, DPM/ Jamie",0,No,31690229-F213-DE11-86E0-0019B9B8224A,0,Capital Foot & Ankle,NULL,NULL,0,NULL,NULL,0,Active,1,Active,(916) 453-8900,NULL,NULL,http://www.capitalfootankle.com/
12618,Winchester,NULL,NULL,NULL,"333 W Cork St, Ste 30",NULL,MAIN,22601,NULL,VA,NULL,2,Clinic,info@rpionline.us,info@rpionline.us,NULL,(540) 667-9915,2025-02-12 18:01:56,Rehabilitation Practitioners Inc.,0,No,NULL,0,NULL,NULL,NULL,0,NULL,NULL,0,Active,1,Active,(540) 722-9025,NULL,NULL,http://rpionline.us
12619,Naples,NULL,NULL,NULL,"1333 3rd Ave S., Ste 504",NULL,MAIN,34102,NULL,FL,NULL,NULL,NULL,NULL,kellymalinoski@gmail.com,NULL,(239) 260-5183,2025-02-12 18:01:56,DNU - Collier Foot & Ankle Care Center,0,No,NULL,0,NULL,NULL,NULL,0,NULL,NULL,0,Active,1,Active,(239) 260-5181,NULL,NULL,http://www.podiatristofnaples.com
12620,Smyrna,United States,NULL,NULL,"693 President Pl, Ste 103",NULL,BILL TO,37167,NULL,TN,NULL,1,Sole Practitioner,NULL,NULL,NULL,(615) 220-8688,2025-02-12 18:01:56,Neuhaus Foot & Ankle,0,No,NULL,0,NULL,NULL,NULL,0,NULL,NULL,0,Active,1,Active,(615) 220-8788,NULL,NULL,http://www.neufoot.com
12624,Mount Vernon,United States,NULL,Skagit Regional Clinic Mt. Vernon,Attn:  Finance/AP,PO Box 1376,BILL TO,98273,NULL,WA,NULL,3,Hospital,AP@SkagitValleyHospital.org,NULL,NULL,(360) 814-2210,2025-02-12 18:01:56,"Bruce, DPM/ David",0,No,04F923CC-88EC-E111-9570-005056B60006,0,Skagit Regional Clinic Mt. Vernon,NULL,NULL,0,NULL,NULL,0,Active,1,Active,(360) 848-4120,NULL,NULL,http://www.skagitvalleyhospital.org
12626,Mount Vernon,United States,NULL,Skagit Regional Clinic Mt. Vernon,Attn:  Finance/AP,PO Box 1376,BILL TO,98273,NULL,WA,NULL,3,Hospital,AP@SkagitValleyHospital.org,NULL,NULL,(360) 814-2210,2025-02-12 18:01:56,"Pea, DPM/ Anisa",0,No,04F923CC-88EC-E111-9570-005056B60006,0,Skagit Regional Clinic Mt. Vernon,NULL,NULL,0,NULL,NULL,0,Active,1,Active,(360) 848-4120,NULL,NULL,http://www.skagitregionalhealth.org/
12629,Lynden,NULL,NULL,NULL,9647 Axlund R,NULL,BILL TO,98264,NULL,WA,NULL,1,Sole Practitioner,NULL,ghelgath@aol.com,NULL,NULL,2025-02-12 18:01:56,C.O.A.S.T.,0,No,NULL,0,NULL,NULL,NULL,0,NULL,NULL,0,Active,1,Active,(360) 815-1631,NULL,NULL,NULL
12630,Reading,NULL,NULL,NULL,11 Fairlane Rd.,NULL,MAIN,19606,NULL,PA,NULL,2,Clinic,khurley@coaortho.com,NULL,NULL,(610) 779-3367,2025-02-12 18:01:56,Commonwealth Orthopaedic Associates,0,No,NULL,0,NULL,NULL,NULL,0,NULL,NULL,0,Active,1,Active,(610) 779-2663,NULL,NULL,NULL
12683,East Syracuse,United States,NULL,NULL,"5900 N. Burdick St, Ste 104",NULL,MAIN,13057,NULL,NY,NULL,NULL,NULL,NULL,NULL,NULL,(315) 656-2454,2025-02-12 18:01:58,"Foot Specialists of Central NY, PC",0,No,NULL,0,NULL,NULL,NULL,0,NULL,NULL,0,Active,1,Active,(315) 656-2216,NULL,NULL,https://www.footspecialistsofcny.com/
12684,Fremont,NULL,NULL,NULL,39139 Sutter Dr.,NULL,MAIN,94538,NULL,CA,NULL,1,Sole Practitioner,NULL,Humdpm@outlook.com,NULL,NULL,2025-02-12 18:01:58,"Hum, DPM/ Dennis Hwa",0,No,NULL,0,NULL,NULL,NULL,0,NULL,NULL,0,Active,1,Active,(510) 494-0368,NULL,NULL,NULL
12688,Lincoln,NULL,NULL,NULL,"685 12 Bridges Dr, Ste F",NULL,BILL TO,95648,NULL,CA,NULL,1,Sole Practitioner,NULL,footandankle12@gmail.com,NULL,(916) 786-6770,2025-02-12 18:01:58,"Pham, DPM/ Benjamin",0,No,NULL,0,NULL,NULL,NULL,0,NULL,NULL,0,Active,1,Active,(916) 408-5580,NULL,NULL,https://www.wellnesspodiatry.com/
12689,Eagle Pass,NULL,NULL,NULL,PO Box 1470,NULL,BILL TO,78852,NULL,TX,NULL,2,Clinic,NULL,leekeenen@aol.com,NULL,(830) 775-7325,2025-02-12 18:01:58,United Medical Centers #3,0,No,NULL,0,NULL,NULL,NULL,0,NULL,NULL,0,Active,1,Active,(830) 774-5534,NULL,NULL,NULL
12690,Rochester,NULL,NULL,Attn:  Rehab Svcs,2110 East Center St,NULL,MAIN,55904,NULL,MN,NULL,NULL,NULL,NULL,ssearcy@bop.gov,NULL,(507) 424-7633,2025-02-12 18:01:58,Federal Medical Center,0,No,NULL,0,NULL,NULL,NULL,0,NULL,NULL,0,Active,1,Active,(507) 424-7493,NULL,NULL,NULL
12692,Fort Collins,United States,NULL,NULL,3307 S College Ave.,NULL,BILLING,80525-4196,NULL,CO,NULL,1,Sole Practitioner,NULL,doctorkajiki@gmail.com,NULL,NULL,2025-02-12 18:01:59,Gil Kajiki Chiropractic,0,No,NULL,0,NULL,NULL,NULL,0,NULL,NULL,0,Active,1,Active,(970) 222-4617,NULL,NULL,NULL
12694,New York,United States,NULL,NULL,1125 Park Ave,NULL,MAIN,10128,NULL,NY,NULL,2,Clinic,NULL,jjmccoy@aol.com,NULL,(212) 289-3335,2025-02-12 18:01:59,"McCoy, DPM/ Jennifer J.",0,No,NULL,0,NULL,NULL,NULL,0,NULL,NULL,0,Active,1,Active,(212) 289-3338,NULL,NULL,http://carnegiehillpodiatry.com
12695,Fresno,NULL,NULL,Foot & Ankle Center,"1642 E Herndon Ave, Ste 103",NULL,MAIN,93720,NULL,CA,NULL,1,Sole Practitioner,NULL,info@drbuckenberger.com,NULL,(559) 439-8341,2025-02-12 18:01:59,"Buckenberger, DPM/ Robert K.",0,No,NULL,0,NULL,NULL,NULL,0,NULL,NULL,0,Active,1,Active,(559) 439-8642,NULL,NULL,http://www.drbuckenberger.com/
12712,Los Gatos,NULL,NULL,.,"14981 National Ave, Ste 2",NULL,MAIN,95032,Faranak Pourghasemi,CA,NULL,NULL,NULL,NULL,faranakdpm@yahoo.com,NULL,NULL,2025-02-12 18:02:00,"Pourghasemi, DPM/ Faranak",0,No,NULL,0,NULL,NULL,NULL,0,NULL,NULL,0,Active,1,Active,(408) 884-5851,NULL,NULL,NULL
12713,Merrick,United States,NULL,.,143 Merrick Ave,NULL,MAIN,11566,"Robert A. Irwin, DPM",NY,NULL,1,Sole Practitioner,NULL,drrobertirwin@gmail.com,NULL,(516) 623-7115,2025-02-12 18:02:00,"Irwin, DPM/ Robert A.",0,No,NULL,0,NULL,NULL,NULL,0,NULL,NULL,0,Active,1,Active,(516) 623-2800,NULL,NULL,http://www.merrickpodiatrist.com/
12896,Salt Lake City,United States,NULL,Accounts Payable,PO Box 30184,NULL,BILL TO,84130,NULL,UT,NULL,2,Clinic,intermountainap@metasource.com,NULL,NULL,(801) 442-0516,2025-02-12 18:02:07,Intermountain Healthcare - Layton Parkway Podiatry,0,No,7821566D-331D-E211-8E61-005056B60006,0,Intermountain Healthcare,NULL,NULL,0,NULL,NULL,0,Active,1,Active,(801) 442-2516,NULL,NULL,http://www.laytonparkway.org
12904,White Rock,Canada,NULL,NULL,15185 Russell Avenue,NULL,BILL TO,V4B 2P4,NULL,BC,NULL,5,Other,accounts@kintec.net,storep1@kintec.net,NULL,(604) 535-4106,2025-02-12 18:02:07,"Kintec Footlabs Whiterock, Inc.",0,No,NULL,0,NULL,NULL,NULL,0,NULL,NULL,0,Active,1,Active,(604) 535-4402,NULL,NULL,NULL
12905,Ladera Ranch,United States,NULL,NULL,"333 Corporate Dr, Ste 230",NULL,MAIN,92694,NULL,CA,NULL,2,Clinic,NULL,rjspencer11@gmail.com,NULL,(949) 364-9250,2025-02-12 18:02:07,Southern California Foot & Ankle Specialists - Ladera,0,No,160C4FE1-E175-EF11-84FB-005056995B7E,0,Southern California Foot & Ankle Specialists,NULL,NULL,0,NULL,NULL,0,Active,1,Active,(949) 364-9255,NULL,NULL,http://www.socalfootandankle.com
12906,Modesto,United States,NULL,NULL,"1705 Coffee Rd, Ste 1",NULL,MAIN,95355,NULL,CA,NULL,1,Sole Practitioner,procarepando@att.net,NULL,NULL,(209) 544-2274,2025-02-12 18:02:07,ProCare Prosthetics & Orthotics,0,No,NULL,0,NULL,NULL,NULL,0,NULL,NULL,0,Active,1,Active,(209) 544-2273,NULL,NULL,NULL
12916,Brooklyn,NULL,NULL,NULL,"2148 Ocean Ave, Ste 601",NULL,MAIN,11229,NULL,NY,NULL,2,Clinic,NULL,myfootsurgery@gmail.com,NULL,(718) 444-7412,2025-02-12 18:02:07,Advanced Foot and Ankle Center,0,No,NULL,0,NULL,NULL,NULL,0,NULL,NULL,0,Active,1,Active,(917) 684-3435,NULL,NULL,NULL
12922,Maryville,United States,NULL,"Premier Foot and Ankle, PC","6810 State Route 162, Ste 20",NULL,MAIN,62062,NULL,IL,NULL,2,Clinic,NULL,gcard1684@gmail.com,NULL,(618) 288-6162,2025-02-12 18:02:07,"Cardenas Jr., DPM/ Gabriel",0,No,NULL,0,NULL,NULL,NULL,0,NULL,NULL,0,Active,1,Active,(618) 288-2835,NULL,NULL,https://www.premierfootillinois.com/
12923,Winfield,United States,NULL,NULL,"1305 E 5th Ave., Ste. 1A",NULL,BILL TO,67156,ATTN: Accounts Payable,KS,NULL,2,Clinic,ap@wnmh.org,NULL,NULL,NULL,2025-02-12 18:02:08,William Newton Hospital,0,No,NULL,0,NULL,NULL,NULL,0,NULL,NULL,0,Active,1,Active,(620) 221-4443,NULL,NULL,http://wnhcares.org
12927,Geneva,NULL,NULL,Northwestern Medicine RMG Orthopedics,"351 Delnor Dr, Ste #410",NULL,MAIN,60134,NULL,IL,NULL,2,Clinic,apinvoice.nm@email.basware.com,engs888@sbcglobal.net,NULL,(630) 614-4048,2025-02-12 18:02:08,Northwestern Medicine,0,No,093421C7-3921-E611-955C-005056995B7E,0,Northwestern Medicine,NULL,NULL,0,NULL,NULL,0,Active,1,Active,(630) 614-4000,NULL,NULL,https://www.nm.org/
12928,Sterling Heights,United States,NULL,Troy/Sterling Heights,"43200 Dequindre Rd, Ste 102",NULL,MAIN,48314,NULL,MI,NULL,2,Clinic,NULL,NULL,NULL,(586) 997-5009,2025-02-12 18:02:08,Foot & Ankle Specialists of South East Michigan,0,No,120E4ED1-D740-DF11-AE93-000C29EC1EE3,0,Foot & Ankle Specialists of South East Michigan,NULL,NULL,0,NULL,NULL,0,Active,1,Active,(586) 997-5000,NULL,NULL,https://www.footandanklesemi.com/madison-podiatry-associates
13053,Fort Myers,United States,NULL,NULL,"9400 Gladiolus Dr, Ste 300",NULL,MAIN,33908,NULL,FL,NULL,NULL,NULL,NULL,dr.dushack@gmail.com,NULL,(239) 433-0224,2025-02-12 18:02:13,"Apex Foot & Ankle Center, LLC",0,No,NULL,0,NULL,NULL,NULL,0,NULL,NULL,0,Active,1,Active,(239) 433-0064,NULL,NULL,http://podiatryapex.com
13055,Pasco,United States,NULL,NULL,"9613 Sandifur Pkwy, Ste B",NULL,MAIN,99301,NULL,WA,NULL,2,Clinic,NULL,bthielges@tcpodiatry.com,NULL,(509) 578-1118,2025-02-12 18:02:13,Tri-City Foot & Ankle Center,0,No,NULL,0,NULL,NULL,NULL,0,NULL,NULL,0,Active,1,Active,(509) 591-9454,NULL,NULL,http://www.tcpodiatry.com
13009,Harrisonburg,United States,NULL,NULL,4165 Quarles Ct,NULL,MAIN,22801,NULL,VA,NULL,2,Clinic,NULL,lindsayathoc@ntelos.net,NULL,(540) 433-5931,2025-02-12 18:02:12,"Moorman, DPM/ Chad",0,No,NULL,0,NULL,NULL,NULL,0,NULL,NULL,0,Active,1,Active,(540) 434-1664,NULL,NULL,http://www.hessortho.com
13012,Richardson,NULL,NULL,Richardson Podiatry Center,"2001 N Collins Blvd, Ste 103",NULL,MAIN,75080,NULL,TX,NULL,2,Clinic,NULL,grfootdoc@gmail.com,NULL,(972) 690-6446,2025-02-12 18:02:12,"Reister, DPM/ Gene G.",0,No,NULL,0,NULL,NULL,NULL,0,NULL,NULL,0,Active,1,Active,(972) 690-5374,NULL,NULL,http://www.richardsonpodiatrycenter.com/
13013,South Miami,NULL,NULL,NULL,PO Box 430764,NULL,BILL TO,33243,"Lower Extremity Care, LLC",FL,NULL,2,Clinic,NULL,dreddpm@gmail.com,NULL,(305) 517-3455,2025-02-12 18:02:12,"Lower Extremity Care, LLC",0,No,NULL,0,NULL,NULL,NULL,0,NULL,NULL,0,Active,1,Active,(305) 517-3771,NULL,NULL,NULL
13017,Everett,United States,NULL,NULL,1300 44th St SE,NULL,MAIN,98203,NULL,WA,NULL,2,Clinic,orders@cornerstonepo.com,rstride@cornerstonepo.com,NULL,(425) 339-1583,2025-02-12 18:02:12,Cornerstone P & O,0,No,NULL,0,NULL,NULL,NULL,0,NULL,NULL,0,Active,1,Active,(425) 339-2559,NULL,NULL,http://cornerstonepo.com/
13019,Worthington,United States,NULL,NULL,37 E Wilson Bridge Rd,NULL,MAIN,43085,NULL,OH,NULL,2,Clinic,worthingtonfa@gmail.com,NULL,NULL,(614) 785-6543,2025-02-12 18:02:12,"Worthington Foot & Ankle, LLC",0,No,NULL,0,NULL,NULL,NULL,0,NULL,NULL,0,Active,1,Active,(614) 885-8895,NULL,NULL,http://www.worthingtonfootdocs.com
12867,Rancho Palos Verdes,United States,NULL,NULL,30834 Via Rivera,NULL,BILL TO,90275,NULL,CA,NULL,1,Sole Practitioner,NULL,drroober09@gmail.com,NULL,NULL,2025-02-12 18:02:06,"Robertson, DPM/ Jeffrey",0,No,NULL,0,NULL,NULL,NULL,0,NULL,NULL,0,Active,1,Active,(646) 246-6427,NULL,NULL,NULL
12871,San Francisco,United States,NULL,NULL,"490 Post St, Ste 336",NULL,MAIN,94102,NULL,CA,NULL,2,Clinic,info@elevatefoot.com,info@elevatefoot.com,NULL,(415) 795-4477,2025-02-12 18:02:06,Elevate Podiatry,0,No,NULL,0,NULL,NULL,NULL,0,NULL,NULL,0,Active,1,Active,(415) 890-3377,NULL,NULL,http://www.elevatefoot.com/home/
12876,Voorhees,United States,NULL,"Linda St. Martin, DPM PA",496 Cooper Rd,NULL,MAIN,08043,NULL,NJ,NULL,2,Clinic,NULL,gregoryngdpm@hotmail.com,NULL,(856) 627-7939,2025-02-12 18:02:07,"Ng, DPM/ Gregory",0,No,74668059-6ABF-E311-A129-005056B60006,0,St. Martin/Ng,NULL,NULL,0,NULL,NULL,0,Active,1,Active,(856) 783-9690,NULL,NULL,NULL
12883,Lynden,NULL,NULL,NULL,"8862 Bender Rd, Ste 101",NULL,MAIN,98264,NULL,WA,NULL,NULL,NULL,info@capstonept.com,jeannett@capstonept.com,NULL,(360) 354-0321,2025-02-12 18:02:07,Capstone Physical Therapy,0,No,NULL,0,NULL,NULL,NULL,0,NULL,NULL,0,Active,1,Active,(360) 354-1115,NULL,NULL,http://www.capstonept.com
13048,Norfolk,United States,NULL,NULL,"1310 N 13th St, Ste 2",NULL,MAIN,68701,NULL,NE,NULL,2,Clinic,NULL,drb.npc@gmail.com,NULL,(844) 224-9500,2025-02-12 18:02:13,Norfolk Podiatry Center,0,No,NULL,0,NULL,NULL,NULL,0,NULL,NULL,0,Active,1,Active,(402) 371-5530,NULL,NULL,https://www.norfolkpodiatrycenter.com/
12670,Valleyford,United States,NULL,NULL,13310 S Marshall Rd,NULL,MAIN,99036,NULL,WA,NULL,1,Sole Practitioner,NULL,baclark43@gmail.com,NULL,NULL,2025-02-12 18:01:57,"Clark, DPM/ Brent (Personal Acct)",0,No,NULL,0,NULL,NULL,NULL,0,NULL,NULL,0,Active,1,Active,(509) 301-1565,NULL,NULL,NULL
12672,Irvine,United States,NULL,"Proliance Surgeons, Inc.",PO Box 62886,NULL,BILL TO,92602,NULL,CA,NULL,2,Clinic,Proliancesurgeons@avidbill.com,NULL,NULL,(253) 358-4015,2025-02-12 18:01:57,Puget Sound Orthopaedics,0,No,BF0225CA-4897-E811-AC14-005056995B7E,0,"Proliance Surgeons, Inc.",NULL,NULL,0,NULL,NULL,0,Active,1,Active,(253) 358-4002,NULL,NULL,http://www.pugetsoundorthopaedics.com
12952,Harrison,United States,NULL,NULL,"440 Mamaroneck Ave, Ste 502",NULL,MAIN,10528,NULL,NY,NULL,1,Sole Practitioner,NULL,elisa@doctorkavanagh.com,NULL,(914) 472-1008,2025-02-12 18:02:09,"Kavanagh, DPM/ Elisa M.",0,No,NULL,0,NULL,NULL,NULL,0,NULL,NULL,0,Active,1,Active,(914) 472-1000,NULL,NULL,http://www.doctorkavanagh.com
12953,Woodstock,United States,NULL,NULL,"970 Woodstock Pkwy, Ste 200",NULL,MAIN,30188,NULL,GA,NULL,2,Clinic,NULL,ngfar.work@gmail.com,NULL,(770) 999-0814,2025-02-12 18:02:09,Foot & Ankle Reconstruction of Georgia PC,0,No,NULL,0,NULL,NULL,NULL,0,NULL,NULL,0,Active,1,Active,(770) 999-0703,NULL,NULL,https://www.ngfar.com
13115,Newport Beach,NULL,NULL,NULL,"355 Placentia Ave, Ste 101",NULL,MAIN,92663,NULL,CA,NULL,2,Clinic,NULL,newportfamilypodiatry@yahoo.com,NULL,(949) 650-1902,2025-02-12 18:02:17,Newport Family Podiatry,0,No,NULL,0,NULL,NULL,NULL,0,NULL,NULL,0,Active,1,Active,(949) 650-1900,NULL,NULL,http://www.newportfamilypodiatry.com
13124,Naples,United States,NULL,Foot & Ankle Management Group,"681 Goodlette Rd N, Ste 160",NULL,MAIN,34102,NULL,FL,NULL,NULL,NULL,info@footandanklemgmt.com,NULL,NULL,(239) 263-8435,2025-02-12 18:02:17,"Burmeister, DPM/ Cliff",0,No,A7AB7040-1262-EE11-9AFF-005056995B7E,0,Foot & Ankle Management Group,NULL,NULL,0,NULL,NULL,0,Active,1,Active,(239) 263-0200,NULL,NULL,http://www.footandanklemgmt.com
13125,Longmont,United States,NULL,NULL,"1138 Olympia Ave, Unit B",NULL,MAIN,80504,NULL,CO,NULL,1,Sole Practitioner,NULL,wilms.kimberly@gmail.com,NULL,NULL,2025-02-12 18:02:17,"Wilms, DPM/ Kimberly",0,No,NULL,0,NULL,NULL,NULL,0,NULL,NULL,0,Active,1,Active,(419) 788-2396,NULL,NULL,NULL
13128,New York,United States,NULL,NULL,335 Lenox Ave,NULL,MAIN,10027,NULL,NY,NULL,2,Clinic,NULL,NULL,NULL,(347) 287-6791,2025-02-12 18:02:17,New York Foot Experts,0,No,NULL,0,NULL,NULL,NULL,0,NULL,NULL,0,Active,1,Active,(646) 626-3033,NULL,NULL,http://newyorkfootexperts.com/
13130,Helena Valley,Australia,NULL,NULL,7 Atoifi Gardens,NULL,MAIN,6056,NULL,West Australia,NULL,1,Sole Practitioner,NULL,abryant@iinet.net.au,NULL,NULL,2025-02-12 18:02:17,Bryant Podiatry Clinic,0,No,NULL,0,NULL,NULL,NULL,0,NULL,NULL,0,Active,1,Active,0 402 88 3052,NULL,NULL,NULL
12767,Yuma,United States,NULL,Yuma Foot Care,"2741 S 8th Ave, Ste A",NULL,MAIN,85364,NULL,AZ,NULL,2,Clinic,manager@yumafootcare.com,dr.jessica.duggan@gmail.com,NULL,(928) 726-6189,2025-02-12 18:02:02,"Duggan, DPM PC/ Jessica",0,No,NULL,0,NULL,NULL,NULL,0,NULL,NULL,0,Active,1,Active,(928) 726-6295,NULL,NULL,http://www.yumafeet.com/
12776,Chevy Chase,NULL,NULL,NULL,5550 Friendship blvd suite 300,NULL,BILL TO,20815,NULL,MD,NULL,2,Clinic,imcneace@alignedortho.com,Alan@wosm.com,NULL,(301) 951-6160,2025-02-12 18:02:02,Washington Orthopaedics & Sports Medicine P.A.,0,No,NULL,0,NULL,NULL,NULL,0,NULL,NULL,0,Active,1,Active,(202) 787-5620,NULL,NULL,http://www.wosm.com
12779,Boulder,NULL,NULL,NULL,"5350 Manhattan Cir, Ste 100",NULL,MAIN,80303,.,CO,NULL,NULL,NULL,NULL,info@avantitherapy.com,NULL,(3030 543-1206,2025-02-12 18:02:03,Avanti Therapy,0,No,NULL,0,NULL,NULL,NULL,0,NULL,NULL,0,Active,1,Active,(303) 543-1201,NULL,NULL,http://www.avantitherapy.com/
12780,Dallas,United States,NULL,"Extremity Healthcare, Inc.",PO Box 108,NULL,BILL TO,30132,.,GA,NULL,2,Clinic,APayable@vpcenters.com,NULL,NULL,(770) 495-9993,2025-02-12 18:02:03,"Village Podiatry Centers, P.C.",0,No,00B6100E-ACB5-DD11-8B3E-0019B9B8224A,0,"Village Podiatry Centers, P.C.",NULL,NULL,0,NULL,NULL,0,Active,1,Active,(770) 232-5030,NULL,NULL,http://www.villagepodiatrycenters.com
12783,Walla Walla,United States,NULL,walla walla,55 W. Tietan St,NULL,MAIN,99362,.,WA,NULL,2,Clinic,NULL,NULL,NULL,(509) 522-1573,2025-02-12 18:02:03,Walla Walla Clinic,0,No,511CCC35-8607-DF11-8291-000C29EC1EE3,0,Walla Walla Clinic,NULL,NULL,0,NULL,NULL,0,Active,1,Active,(509) 525-3720,NULL,NULL,NULL
12639,Kamloops,NULL,NULL,NULL,380-546 Saint Paul St.,NULL,MAIN,V2C 5T1,.,BC,NULL,1,Sole Practitioner,NULL,stevede@telus.net,NULL,(250) 851-9301,2025-02-12 18:01:56,"DeWitt, DPM/ Stephen",0,No,NULL,0,NULL,NULL,NULL,0,NULL,NULL,0,Active,1,Active,(250) 374-7495,NULL,NULL,NULL
12722,Redmond,NULL,NULL,ISB Inc,2001 152nd Ave NE,NULL,BILL TO,98052,Eugene Rubinchikov,WA,NULL,NULL,NULL,NULL,info@206footdoctor.com,NULL,(425) 643-8902,2025-02-12 18:02:01,Advanced Foot & Ankle Clinics,0,No,NULL,0,NULL,NULL,NULL,0,NULL,NULL,0,Active,1,Active,(425) 643-8901,NULL,NULL,http://www.206footdoctor.com/
12725,Beaverton,United States,NULL,"Village Practice Mgmt Co, LLC","9450 SW Gemini Dr, #49084",NULL,BILL TO,97008,Accounts Payable,OR,NULL,2,Clinic,AP@villagemd.com,iherstik@westmedgroup.com,NULL,(914) 848-8071,2025-02-12 18:02:01,"Herstik, DPM/ Ivan",0,No,8800F2F2-6799-E711-BE9F-005056995B7E,0,"Village Practice Managment Co, LLC",NULL,NULL,0,NULL,NULL,0,Active,1,Active,(914) 848-8060,NULL,NULL,http://westmedgroup.com
12734,Spring,NULL,NULL,NULL,"20639 Kuykendahl Rd, Ste 200",NULL,BILL TO,77379,NULL,TX,NULL,2,Clinic,NULL,NULL,NULL,(281) 210-3450,2025-02-12 18:02:01,Sterling Ridge Orthopaedics & Sports Medicine,0,No,NULL,0,NULL,NULL,NULL,0,NULL,NULL,0,Active,1,Active,(281) 364-1122,NULL,NULL,http://srosm.com
12737,Twin Falls,NULL,NULL,NULL,254 River Vista Pl,NULL,MAIN,83301,Primary Therapy Source LLC,ID,NULL,2,Clinic,NULL,jdux@primarytherapysource.com,NULL,(208) 734-8350,2025-02-12 18:02:01,"Primary Therapy Source, LLC",0,No,NULL,0,NULL,NULL,NULL,0,NULL,NULL,0,Active,1,Active,(208) 734-7333,NULL,NULL,http://www.primarytherapysource.com
13023,Salem,United States,NULL,NULL,705 Ewld Ave SE,NULL,MAIN,97302,NULL,OR,NULL,2,Clinic,NULL,carolo@cppcdocs.com,NULL,(503) 378-0069,2025-02-12 18:02:12,"Chiropractic Physicians, PC",0,No,NULL,0,NULL,NULL,NULL,0,NULL,NULL,0,Active,1,Active,(503) 378-0068,NULL,NULL,NULL
13024,Millersburg,NULL,NULL,NULL,890 Wooster Rd,NULL,MAIN,44654,NULL,OH,NULL,2,Clinic,NULL,clinical@performancefootankle.com,NULL,(330) 473-1520,2025-02-12 18:02:12,"Performance Foot & Ankle, LLC",0,No,NULL,0,NULL,NULL,NULL,0,NULL,NULL,0,Active,1,Active,(330) 473-1447,NULL,NULL,https://performancefootankle.com/
13031,Jefferson City,United States,NULL,NULL,PO Box 104420,NULL,BILL TO,65110,NULL,MO,NULL,2,Clinic,Accountspayable@jcmg.org,NULL,NULL,(573) 636-6908,2025-02-12 18:02:12,JCMG Podiatry,0,No,NULL,0,NULL,NULL,NULL,0,NULL,NULL,0,Active,1,Active,(573) 556-7724,NULL,NULL,http://www.jcmg.org
13035,Kirkland,United States,NULL,Evergreen Healthcare,Mail Stop 13 - A/P,12040 NE 128th St,BILL TO,98034,NULL,WA,NULL,2,Clinic,JAFabacher@evergreenhealthcare.org,pjlallas@evergreenhealthcare.org,NULL,(425) 899-4651,2025-02-12 18:02:12,"Lallas, DPM/ Peter J.",0,No,681D3017-5419-E711-9D75-005056995B7E,0,Evergreen Healthcare,NULL,NULL,0,NULL,NULL,0,Active,1,Active,(425) 899-4650,NULL,NULL,https://www.evergreenhealth.com
13036,Covina,United States,NULL,NULL,"143 E Rowland St, Ste 2",NULL,MAIN,91723,NULL,CA,NULL,1,Sole Practitioner,NULL,NULL,NULL,(626) 858-9767,2025-02-12 18:02:13,Vito's Pedorthic Center,0,No,NULL,0,NULL,NULL,NULL,0,NULL,NULL,0,Active,1,Active,(626) 858-9460,NULL,NULL,NULL
13045,Bayamon,United States,NULL,NULL,PO Box 8028,NULL,MAIN,00960,NULL,PR,NULL,1,Sole Practitioner,NULL,silfredo0@yahoo.com,NULL,(787) 767-8782,2025-02-12 18:02:13,"Megadma, CSP",0,No,NULL,0,NULL,NULL,NULL,0,NULL,NULL,0,Active,1,Active,(813) 753-6382,NULL,NULL,NULL
12958,Roseville,United States,NULL,Sutter Health Palo Alto Medical Foundation,Accounts Payable  Attn: Al Galvez,PO Box 619110,BILL TO,95661,.,CA,NULL,2,Clinic,S3vendorinvoices@sutterhealth.org,NULL,NULL,(408) 523-3191,2025-02-12 18:02:09,PAMF - Alameda Dock OPS,0,No,82BA8F2E-90FC-DE11-AF67-000C29EC1EE3,0,Sutter Health - PAMF,NULL,NULL,0,NULL,NULL,0,Active,1,Active,NULL,NULL,NULL,https://www.sutterhealth.org/pamf/services/podiatric
12960,Dodge City,United States,NULL,NULL,"2601 N Central Ave, Ste 1",NULL,MAIN,67801,NULL,KS,NULL,2,Clinic,NULL,lifeinmotiongp@yahoo.com,NULL,(620) 228-0113,2025-02-12 18:02:09,COLLECTION: Life in Motion O & P Center Inc.,0,No,NULL,0,NULL,NULL,NULL,0,NULL,NULL,0,Active,1,Active,(620) 225-0113,NULL,NULL,NULL
12963,Jackson,United States,NULL,Mississippi Foot Center,1915 Dunbarton Dr,NULL,MAIN,39216,NULL,MS,NULL,1,Sole Practitioner,NULL,awilson@msfootcenter.net,NULL,(601) 982-2253,2025-02-12 18:02:10,"Sullivan, DPM/ Bryan T",0,No,NULL,0,NULL,NULL,NULL,0,NULL,NULL,0,Active,1,Active,(601) 982-3338,NULL,NULL,NULL
12964,Walla Walla,United States,NULL,Walla Walla Clinic,55 W Tietan St,NULL,MAIN,99362,NULL,WA,NULL,2,Clinic,NULL,NULL,NULL,(509) 522-1573,2025-02-12 18:02:10,"Robinson, DPM/ Kristin R.",0,No,511CCC35-8607-DF11-8291-000C29EC1EE3,0,Walla Walla Clinic,NULL,NULL,0,NULL,NULL,0,Active,1,Active,(509) 525-3720,NULL,NULL,http://www.wallawallaclinic.com/
12965,St Thomas,United States,NULL,NULL,PO Box 302178,NULL,BILL TO,00803,NULL,VI,NULL,2,Clinic,finance@therapyworksvi.com,jsmith@therapyworksvi.com,NULL,(340) 715-4678,2025-02-12 18:02:10,Therapy Works BVI,0,No,D86E51A6-3861-E411-B754-005056B60006,0,"Therapy Works, LLC, BVI & VG",NULL,NULL,0,NULL,NULL,0,Active,1,Active,(340) 779-4678,NULL,NULL,http://www.therapyworksvi.com
12972,Syosset,United States,NULL,.,"6851 Jericho Tpke, Ste 125",NULL,BILL TO,11791,NULL,NY,NULL,5,Other,eschenap@eschenpo.com,meyersa@ahmhealthcare.com,NULL,(516) 933-4710,2025-02-12 18:02:11,Eschen Prosthetics and Orthotics,0,No,NULL,0,NULL,NULL,NULL,0,NULL,NULL,0,Active,1,Active,(516) 933-9255 Syosset (212) 606-1262 New York,NULL,NULL,http://eschenpo.com
12973,Tigard,United States,NULL,NULL,"11515 SW Durham Rd, Ste E-1",NULL,MAIN,97224,NULL,OR,NULL,2,Clinic,NULL,correctivestep@frontier.com,NULL,(503) 684-3306,2025-02-12 18:02:11,Corrective Step Foot Health Ctr,0,No,NULL,0,NULL,NULL,NULL,0,NULL,NULL,0,Active,1,Active,(503) 624-0364,NULL,NULL,NULL
12976,Wenatchee,United States,NULL,"Foot & Ankle Ctr of Wenatchee, P.S.",616 N Chelan Ave,NULL,MAIN,98801,NULL,WA,NULL,2,Clinic,NULL,kmorrisdpm@aol.com,NULL,(509) 665-9808,2025-02-12 18:02:11,"Morris, DPM/ Kevin L.",0,No,3ECD6644-A171-E411-B754-005056B60006,0,Foot & Ankle Ctr of Wenatchee,NULL,NULL,0,NULL,NULL,0,Active,1,Active,(509) 662-2970,NULL,NULL,http://www.footandankleofwenatchee.com/
12979,Wenatchee,United States,NULL,NULL,PO Box 1885,NULL,BILL TO,98801,.,WA,NULL,3,Hospital,accountspayable@confluencehealth.org,wvc0618@wvmedical.com,NULL,(509) 661-3756,2025-02-12 18:02:11,Confluence Health,0,No,NULL,0,NULL,NULL,NULL,0,NULL,NULL,0,Active,1,Active,(509) 665-6203,NULL,NULL,http://www.confluencehealth.org
12981,Richfield,United States,NULL,NULL,879 N Main St,NULL,MAIN,84701,NULL,UT,NULL,2,Clinic,NULL,zobell91@gmail.com,NULL,(435) 896-9564,2025-02-12 18:02:11,Mountain Utah Family Medicine,0,No,511CAA80-117B-E411-B754-005056B60006,0,Zobell/Mt Utah Family Medicine,NULL,NULL,0,NULL,NULL,0,Active,1,Active,(435) 896-6497,NULL,NULL,NULL
12985,Anthem,United States,NULL,NULL,2902 W Princeville Ct,NULL,MAIN,85086,NULL,AZ,NULL,1,Sole Practitioner,NULL,becwav@aol.com,NULL,NULL,2025-02-12 18:02:11,"Rogoff, DPM/ Rebecca",0,No,NULL,0,NULL,NULL,NULL,0,NULL,NULL,0,Active,1,Active,(949) 633-3672,NULL,NULL,NULL
12992,Sacramento,United States,NULL,Capital Foot & Ankle,"3800 J St, Ste 200",NULL,BILL TO,95816,NULL,CA,NULL,2,Clinic,NULL,NULL,NULL,(916) 782-3490,2025-02-12 18:02:11,"Drake, DPM/ Mark",0,No,31690229-F213-DE11-86E0-0019B9B8224A,0,Capital Foot & Ankle,NULL,NULL,0,NULL,NULL,0,Active,1,Active,(916) 782-3444,NULL,NULL,http://www.capitalfootankle.com/
12994,Rapid City,United States,NULL,Rapid City Regional Hospital,PO Box 6000,NULL,BILL TO,57709,NULL,SD,NULL,2,Clinic,APInvoices@Monument.health,NULL,NULL,(605) 755-0620,2025-02-12 18:02:12,Regional Medical Clinic/WHPB,0,No,NULL,0,NULL,NULL,NULL,0,NULL,NULL,0,Active,1,Active,(605) 755-5519,NULL,NULL,http://regionalhealth.com
13062,Zlin,United States,NULL,NULL,Dukelska 4017,NULL,BILL TO,760 01,NULL,NULL,NULL,4,Distributor,proteching@proteching.cz,NULL,NULL,+420 577 524 652,2025-02-12 18:02:13,Ing. Milan Borsky,0,No,NULL,0,NULL,NULL,NULL,0,NULL,NULL,0,Active,1,Active,+420 577 524 652,NULL,NULL,http://www.proteching.cz/
13063,Washington,NULL,NULL,"Romeo Foot & Ankle Clinic, P.C.","64580 Van Dyke Rd, Ste A",NULL,MAIN,48095,NULL,MI,NULL,2,Clinic,rita.osebold@outlook.com,ben361963@yahoo.com,NULL,(586) 752-7046,2025-02-12 18:02:13,"Butler, DPM/ Brett W.",0,No,NULL,0,NULL,NULL,NULL,0,NULL,NULL,0,Active,1,Active,(586) 752-3519,NULL,NULL,http://www.macombfootdoctor.com/
13067,New York,United States,NULL,NULL,"50 E 28th St, Ste 21D",NULL,BILL TO,10016,NULL,NY,NULL,1,Sole Practitioner,NULL,bafootcare@gmail.com,NULL,(855) 312-6352,2025-02-12 18:02:14,"Sudberg, MD/ Jordan",0,No,NULL,0,NULL,NULL,NULL,0,NULL,NULL,0,Active,1,Active,(646) 239-8418,NULL,NULL,NULL
13072,Florence,United States,NULL,NULL,451 W Cheves St,NULL,MAIN,29501,NULL,SC,NULL,2,Clinic,NULL,NULL,NULL,(843) 673-0333,2025-02-12 18:02:14,Palmetto P & O,0,No,NULL,0,NULL,NULL,NULL,0,NULL,NULL,0,Active,1,Active,(843) 673-9222,NULL,NULL,NULL
12786,Lake Oswego,NULL,NULL,NULL,5770 Victoria Ct,NULL,MAIN,97035,NULL,OR,NULL,1,Sole Practitioner,NULL,afroth@comcast.net,NULL,NULL,2025-02-12 18:02:03,"Rothstein, DPM/ Alan",0,No,NULL,0,NULL,NULL,NULL,0,NULL,NULL,0,Active,1,Active,(503) 740-7729,NULL,NULL,NULL
12790,Orem,United States,NULL,Foot & Ankle Clinics of Utah,504 E 770th N,NULL,MAIN,84097,.,UT,NULL,2,Clinic,NULL,scott.mckell1@gmail.com,NULL,(801) 224-2195,2025-02-12 18:02:03,"McKell, DPM/ Scott R.",0,No,NULL,0,NULL,NULL,NULL,0,NULL,NULL,0,Active,1,Active,(801) 765-1718,NULL,NULL,http://utahfootdoctors.com/
12795,Tulsa,United States,NULL,NULL,"8006 S 101 East Ave, Ste A",NULL,MAIN,74133,.,OK,NULL,1,Sole Practitioner,NULL,mchimento@dynamictulsa.com,NULL,(918) 994-4885,2025-02-12 18:02:03,Dynamic Prosthetics & Orthotics,0,No,NULL,0,NULL,NULL,NULL,0,NULL,NULL,0,Active,1,Active,(918) 994-4880,NULL,NULL,http://www.dynamictulsa.com
12798,Bainbridge Island,NULL,NULL,NULL,9419 Coppertop Loop NE,NULL,MAIN,98110,NULL,WA,NULL,2,Clinic,NULL,lynn@newmotionpt.com,NULL,(206) 842-2890,2025-02-12 18:02:03,New Motion Physical Therapy,0,No,NULL,0,NULL,NULL,NULL,0,NULL,NULL,0,Active,1,Active,(206) 842-2428,NULL,NULL,http://www.newmotionpt.com
12796,Ruston,United States,NULL,NULL,108 N Monroe St,NULL,MAIN,71270,NULL,LA,NULL,2,Clinic,NULL,djptwellness@ymail.com,NULL,(318) 251-2996,2025-02-12 18:02:03,Danni Jones Physical Therapy,0,No,NULL,0,NULL,NULL,NULL,0,NULL,NULL,0,Active,1,Active,(318) 251-2995,NULL,NULL,http://www.dannijonespt.com/
12804,Eastsound,NULL,NULL,NULL,PO Box 487,NULL,BILL TO,98245,NULL,WA,NULL,2,Clinic,NULL,NULL,NULL,(360) 376-4059,2025-02-12 18:02:03,"Orcas Island Physical Therapy, PLLC",0,No,NULL,0,NULL,NULL,NULL,0,NULL,NULL,0,Active,1,Active,(360) 376-6604,NULL,NULL,http://www.orcasislandpt.com
12805,Roseville,United States,NULL,Palo Alto Medical Foundation - Palo Alto,Attn: Danik Sumisaki,PO Box 619110,BILL TO,95661,NULL,CA,NULL,2,Clinic,S3vendorinvoices@sutterhealth.org,adamswc@pamf.org,NULL,(510) 623-2202,2025-02-12 18:02:04,"PAMF - Adams, DPM/ William C.",0,No,82BA8F2E-90FC-DE11-AF67-000C29EC1EE3,0,Sutter Health - PAMF,NULL,NULL,0,NULL,NULL,0,Active,1,Active,(650) 853-2986,NULL,NULL,https://www.sutterhealth.org/pamf/services/podiatric
12806,Riverton,United States,NULL,NULL,"12523 S Creek Meadow Rd, Ste 105",NULL,BILL TO,84065,NULL,UT,NULL,2,Clinic,NULL,ryan.s.ellsworth@gmail.com,NULL,(801) 253-6888,2025-02-12 18:02:04,Summit Foot & Ankle Specialists,0,No,NULL,0,NULL,NULL,NULL,0,NULL,NULL,0,Active,1,Active,(801) 253-6886,NULL,NULL,https://summitfootankle.com/
12754,Fond Du Lac,United States,NULL,"Aurora Health Care, Inc.",Attn:  Shauna Frohrip,210 Wisconsin American Dr,BILL TO,54937,NULL,WI,NULL,2,Clinic,shauna.frohrip@aurora.org,NULL,NULL,(920) 907-7202,2025-02-12 18:02:02,"Lanier, DPM/ Thurmond Dwayne",0,No,FEFBAD61-C1FB-DE11-AF67-000C29EC1EE3,0,"Aurora Health Care, Inc.",NULL,NULL,0,NULL,NULL,0,Active,1,Active,(920) 907-7000,NULL,NULL,http://www.aurorahealthcare.org
12757,Medford,United States,NULL,NULL,2009 Commerce Dr,NULL,BILL TO,97504,.,OR,NULL,NULL,NULL,invoices@empire-medical.com,cweyers@empire-medical.com,NULL,(541) 245-6687,2025-02-12 18:02:02,"Empire Medical, Inc.",0,No,NULL,0,NULL,NULL,NULL,0,NULL,NULL,0,Active,1,Active,(541) 245-6657,NULL,NULL,http://empire-medical.com/
12759,Even Yehuda Industrial Zone Israel,Israel,NULL,NULL,63 Hadasim Way,NULL,MAIN,40500,.,Israel,NULL,4,Distributor,matthew@gravityisrael.com,NULL,NULL,972-9-7466619,2025-02-12 18:02:02,M.Gravity Ltd,0,No,NULL,0,NULL,NULL,NULL,0,NULL,NULL,0,Active,1,Active,972-9-7466910,NULL,NULL,http://www.gravityisrael.com
12762,Stockton,United States,NULL,Attn: Accounts Payable,2488 N California St,NULL,MAIN,95204,NULL,CA,NULL,2,Clinic,NULL,aomgboaomg@hotmail.com,NULL,(209) 948-3330,2025-02-12 18:02:02,"Alpine Orthopaedic Medical Grp, Inc.",0,No,NULL,0,NULL,NULL,NULL,0,NULL,NULL,0,Active,1,Active,(209) 946-7168,NULL,NULL,http://alpineorthopaedic.com
13077,Bartlesville,United States,NULL,Advanced Podiatry of Bartlesville,234 SE DeBell Ave,NULL,MAIN,74006,"Nicole L. Cupp, DPM",OK,NULL,2,Clinic,NULL,cheezy95@gmail.com,NULL,(918) 876-0479,2025-02-12 18:02:14,"Cupp, DPM/ Nicole L",0,No,NULL,0,NULL,NULL,NULL,0,NULL,NULL,0,Active,1,Active,(918) 876-0476,NULL,NULL,http://www.bartlesvillefootcare.com
13086,Buhl,NULL,NULL,NULL,720 US 30,NULL,MAIN,83316,NULL,ID,NULL,2,Clinic,clevchiropractic@gmail.com,clevchiro@mindspring.com,NULL,(208) 543-4172,2025-02-12 18:02:15,Cleverley Chiropractic,0,No,NULL,0,NULL,NULL,NULL,0,NULL,NULL,0,Active,1,Active,(208) 543-2005,NULL,NULL,NULL
13087,Warner Robins,United States,NULL,NULL,110 Osigian Blvd,NULL,MAIN,31088,NULL,GA,NULL,NULL,NULL,NULL,gwall04@yahoo.com,NULL,(478) 953-2927,2025-02-12 18:02:15,Boland Prosthetics and Orthotics Center,0,No,NULL,0,NULL,NULL,NULL,0,NULL,NULL,0,Active,1,Active,(478) 953-2922,NULL,NULL,NULL
13097,Stockton,United States,NULL,NULL,4212 Tsushima Ct,NULL,MAIN,95219,NULL,CA,NULL,1,Sole Practitioner,NULL,wdmdpm@gmail.com,NULL,NULL,2025-02-12 18:02:16,"McDonald, DPM/ William D.",0,No,NULL,0,NULL,NULL,NULL,0,NULL,NULL,0,Active,1,Active,(209) 639-3194,NULL,NULL,NULL
13098,Rapid City,United States,NULL,"Rapid City Medical Center, LLP",2820 Mount Rushmore Rd,NULL,MAIN,57701,NULL,SD,NULL,2,Clinic,payables@rcmed.net,ryderjb@rcmed.net,NULL,(605) 721-8445,2025-02-12 18:02:16,"Ryder, DPM/ Jennifer B.",0,No,NULL,0,NULL,NULL,NULL,0,NULL,NULL,0,Active,1,Active,(605) 342-3280,NULL,NULL,http://www.rapidcitymedicalcenter.com
13100,Columbus,United States,NULL,Dr. Block,"117 Lazelle Rd E, Ste B",NULL,MAIN,43235,"Columbus Podiatry & Surgery, Inc.",OH,NULL,2,Clinic,columbuspodiatry@gmail.com,columbuspodiatry@gmail.com,NULL,(877) 877-4797,2025-02-12 18:02:16,Columbus Podiatry & Surgery Inc.,0,No,NULL,0,NULL,NULL,NULL,0,NULL,NULL,0,Active,1,Active,(614) 885-3338,NULL,NULL,http://www.columbusfoot.com
13102,San Jose,United States,NULL,NULL,"2039 Forest Ave, Ste. 206",NULL,MAIN,95128,NULL,CA,NULL,1,Sole Practitioner,NULL,kicktuews@aol.com,NULL,(408) 292-8809,2025-02-12 18:02:16,"Lerman, DPM/ Bruce I.",0,No,206662CC-0242-E511-BDD1-005056B60006,0,"Lerman, DPM/ Bruce I.",NULL,NULL,0,NULL,NULL,0,Active,1,Active,(408) 379-8450,NULL,NULL,NULL
13105,Noblesville,NULL,NULL,NULL,"14701 Cumberland Rd, Ste 350",NULL,MAIN,46060,.,IN,NULL,NULL,NULL,NULL,drshawnpala@gmail.com,NULL,(317) 770-4386,2025-02-12 18:02:16,"Pala Chiropractic, LLC",0,No,NULL,0,NULL,NULL,NULL,0,NULL,NULL,0,Active,1,Active,(317) 770-1970,NULL,NULL,http://www.palachiropractic.com
13106,Ponte Vedra,NULL,NULL,Futch Podiatry,"145 Hilden Rd, Ste 103",NULL,MAIN,32081,NULL,FL,NULL,2,Clinic,NULL,drfutch@futchpodiatry.com,NULL,(904) 615-1873,2025-02-12 18:02:16,"Futch, DPM/ Pearce",0,No,NULL,0,NULL,NULL,NULL,0,NULL,NULL,0,Active,1,Active,(904) 615-1853,NULL,NULL,http://futchpodiatry.com
13109,La Grande,United States,NULL,NULL,1408 N Hall St,NULL,MAIN,97850,NULL,OR,NULL,2,Clinic,clarkestaff@eoni.com,clarkestaff@eoni.com,NULL,(541) 963-6176,2025-02-12 18:02:16,"Hampton, DPM/  Travis T.",0,No,NULL,0,NULL,NULL,NULL,0,NULL,NULL,0,Active,1,Active,(541) 963-0265,NULL,NULL,https://www.graniteviewfoot.com
13134,Fort Collins,United States,NULL,NULL,"2315 E Harmony Rd, Ste 130",NULL,MAIN,80528,NULL,CO,NULL,1,Sole Practitioner,NULL,nurse@heckersportsmed.com,NULL,(970) 672-8885,2025-02-12 18:02:17,Hecker Sports & Regenerative Medicine,0,No,NULL,0,NULL,NULL,NULL,0,NULL,NULL,0,Active,1,Active,(970) 631-8877,NULL,NULL,http://www.heckersportsmed.com/
13144,Elko,United States,NULL,Shane Draper LTD,"1995 Errecart Blvd, Ste 200",NULL,MAIN,89801,NULL,NV,NULL,2,Clinic,NULL,shanedraper@frontiernet.net,NULL,(775) 738-1101,2025-02-12 18:02:18,"Draper, DPM/ Shane",0,No,78AD88C4-DF99-E511-BE25-005056B60006,0,Shane Draper LTD,NULL,NULL,0,NULL,NULL,0,Active,1,Active,(775) 738-1100,NULL,NULL,https://elkofootandankledoctors.com/
13145,Elko,United States,NULL,Shane Draper LTD,"1995 Errecart Blvd, Ste 200",NULL,MAIN,89801,NULL,NV,NULL,2,Clinic,NULL,qdlindstrom@yahoo.com,NULL,(775) 738-1101,2025-02-12 18:02:18,"Lindstrom, DPM/ Quinn",0,No,78AD88C4-DF99-E511-BE25-005056B60006,0,Shane Draper LTD,NULL,NULL,0,NULL,NULL,0,Active,1,Active,(775) 738-1100,NULL,NULL,NULL
13146,Umatilla,NULL,NULL,Solely Yours,27650 SE Hwy 42,NULL,MAIN,32784,NULL,FL,NULL,2,Clinic,NULL,drannamarie@drannamarie.net,NULL,NULL,2025-02-12 18:02:18,"Chwastiak, DPM/ Anna Marie",0,No,NULL,0,NULL,NULL,NULL,0,NULL,NULL,0,Active,1,Active,(352) 669-6925,NULL,NULL,NULL
13156,Catonsville,NULL,NULL,"A Div. of the Ctrs for Advanced Orthopaedics, LLC",910 Frederick Rd,NULL,BILL TO,21228,Attn:  Accounts Payable,MD,NULL,2,Clinic,accountspayablediv17@cfaortho.com,mlipton@mdbonedocs.com,NULL,NULL,2025-02-12 18:02:18,Orthopaedic Associates of Central Maryland,0,No,NULL,0,NULL,NULL,NULL,0,NULL,NULL,0,Active,1,Active,(410) 644-1880 ext 2120,NULL,NULL,https://www.mdbonedocs.com/
13159,Kalispell,United States,NULL,Kalispell Foot & Ankle,58 Village Loop Rd.,NULL,MAIN,59901,NULL,MT,NULL,2,Clinic,NULL,kalispellfootandankle@gmail.com,NULL,(406) 755-5251,2025-02-12 18:02:18,"Latter, DPM/ Stephen",0,No,NULL,0,NULL,NULL,NULL,0,NULL,NULL,0,Active,1,Active,(406) 755-5250,NULL,NULL,https://kalispellfootandankle.com/
13161,San Mateo,United States,NULL,NULL,"700 S Claremont St, Ste 105",NULL,MAIN,94402,NULL,CA,NULL,2,Clinic,NULL,NULL,NULL,(650) 627-4632,2025-02-12 18:02:18,Align Clinic. LLC,0,No,NULL,0,NULL,NULL,NULL,0,NULL,NULL,0,Active,1,Active,(650) 375-2231,NULL,NULL,http://www.align-clinic.com
13162,Nanaimo,Canada,NULL,Caledonian Clinic Ltd.,#143 - 4750 Rutherford Road,NULL,BILL TO,V9T 4K6,NULL,BC,NULL,2,Clinic,lisa.wall@caledonianclinic.ca,zanbilowicz@gmail.com,NULL,(250) 753-1039,2025-02-12 18:02:19,Dr. Zanbilowicz-Nanaimo,0,No,NULL,0,NULL,NULL,NULL,0,NULL,NULL,0,Active,1,Active,(250) 753-3202,NULL,NULL,http://caledonianclinic.ca
13163,Watauga,United States,NULL,NULL,5700 N Park Dr,NULL,MAIN,76148,NULL,TX,NULL,2,Clinic,NULL,NULL,NULL,(817) 520-3223,2025-02-12 18:02:19,Toe-Tal Foot & Ankle Care,0,No,NULL,0,NULL,NULL,NULL,0,NULL,NULL,0,Active,1,Active,(817) 656-0303,NULL,NULL,http://www.toetalfootandanklecare.com
13173,Salt Lake City,United States,NULL,Mercy Health System,Attn: Accounts Payable,PO Box 31320,BILL TO,84131,NULL,UT,NULL,2,Clinic,mercyhealth@ghxinvoicing.com,cathie.feuerstein@gmail.com,NULL,(608) 756-7233,2025-02-12 18:02:19,"Feuerstein, DPM/ Catherine",0,No,21F3C487-8FCE-E511-BE25-005056B60006,0,Mercy Health System,NULL,NULL,0,NULL,NULL,0,Active,1,Active,(608) 756-7299,NULL,NULL,NULL
13176,San Francisco,United States,NULL,NULL,"2100 Webster St, Ste 209",NULL,MAIN,94115,NULL,CA,NULL,2,Clinic,NULL,NULL,NULL,(415) 703-6248,2025-02-12 18:02:20,Nor. Cal. Foot & Ankle Ctr.,0,No,04901316-FAD0-E511-BE25-005056B60006,0,Nor. Cal. Foot & Ankle Ctr.,NULL,NULL,0,NULL,NULL,0,Active,1,Active,(415) 431-3668,.,NULL,NULL
3175,Rockford,"                    ",(815)398-3730,NULL,324 Roxbury Rd.,NULL,"MAIN      ","61107      ",NULL,"IL                           ",(815)484-6924,2,Clinic,ap@orthoillinois.com,NULL,NULL,(815) 398-9494,2025-02-12 18:03:51,Ortho Illinois,0,No,NULL,0,NULL,NULL,NULL,0,NULL,NULL,0,Active,1,Active,(815) 398-9491,NULL,NULL,https://www.orthoillinois.com/
3901,Encino,"USA                 ",(818)783-4449,NULL,"17200 Ventura Blvd, Ste 207","                                                  ","MAIN      ","91316      ",.,"CA                           ",(818)783-3338,1,Sole Practitioner,NULL,soledoc4u@att.net,NULL,(818) 583-1444,2025-02-12 18:04:02,"Brim DPM, Inc. / Mark",0,No,NULL,0,NULL,NULL,NULL,0,NULL,NULL,0,Active,1,Active,(818) 783-3338,NULL,NULL,NULL
4027,St. George,"USA                 ","                     ",Rhett Farrer,16 N 2300 E,NULL,BILL TO,84790,"                                                             ","UT                           ",(435)688-4545,1,Sole Practitioner,rhettfarrer@gmail.com,NULL,NULL,NULL,2025-02-12 18:04:03,"Farrer, PT/ Rhett",0,No,NULL,0,NULL,NULL,NULL,0,NULL,NULL,0,Active,1,Active,(435) 632-2092,NULL,NULL,NULL
8317,Roseville,"                    ",(650)853-6094,Palo Alto Medical Foundation - Palo Alto,Attn: Danik Sumisaki,PO Box 619110,BILL TO,95661,"                                                             ","CA                           ",(650)853-2986,1,Sole Practitioner,S3vendorinvoices@sutterhealth.org,NULL,NULL,(650) 853-2912,2025-02-12 18:05:00,"PAMF - Dileo, DPM/ Stephanie",0,No,82BA8F2E-90FC-DE11-AF67-000C29EC1EE3,0,Sutter Health - PAMF,NULL,NULL,0,NULL,NULL,0,Active,1,Active,(650) 853-2986,NULL,NULL,https://www.sutterhealth.org/pamf/services/podiatric
3131,Scottsdale,"USA                 ",(000)000-0000,"Steven Tager, DPM","7699 E Pinnacle Peak Rd, Ste 115","                                                  ","MAIN      ",85255,"                                                             ",AZ,(408)446-5811,2,Clinic,NULL,NULL,NULL,(480) 300-4888,2025-02-12 18:03:51,Aveon Health,0,No,NULL,0,NULL,NULL,NULL,0,NULL,NULL,0,Active,1,Active,(480) 300-4663,NULL,NULL,NULL
6859,Winter Haven,"                    ",(863)401-3622,"Gessler Clinic, P.A.",635 1st St N,"                                                  ",BILL TO,"33881      ","                                                             ","FL                           ",(863)298-3425,1,Sole Practitioner,debra.willard@gesslerclinic.com,NULL,NULL,(863) 298-3566,2025-02-12 18:04:38,"Dopico, DPM/ Jorge",0,No,56AE5029-AF17-E611-955C-005056995B7E,0,"Gessler Clinic, P.A.",NULL,NULL,0,NULL,NULL,0,Active,1,Active,(863) 298-3425,NULL,NULL,http://www.gesslerclinic.com
9245,Sarasota,"                    ",(914)917-6234,NULL,2000 Webber St #110,"                                                  ","MAIN      ","34239      ","                                                             ","FL                           ",(941)917-6232,1,Sole Practitioner,NULL,NULL,NULL,(914) 806-0889,2025-02-12 18:05:11,"Sarasota Foot Care Center, PA",0,No,NULL,0,NULL,NULL,NULL,0,NULL,NULL,0,Active,1,Active,(941) 806-0888,NULL,NULL,NULL
8264,Roseville,"                    ","                     ",Palo Alto Medical Foundation - Palo Alto,Attn: Danik Sumisaki,PO Box 619110,BILL TO,95661,NULL,CA,"                     ",1,Sole Practitioner,S3vendorinvoices@sutterhealth.org,NULL,NULL,(650) 853-2912,2025-02-12 18:04:59,PAMF - Griffith DPM/ John,0,No,82BA8F2E-90FC-DE11-AF67-000C29EC1EE3,0,Sutter Health - PAMF,NULL,NULL,0,NULL,NULL,0,Active,1,Active,(650) 853-4785,NULL,NULL,https://www.sutterhealth.org/pamf/services/podiatric
10203,Baltimore,"                    ","                     ",Center for Restorative Therapy,Attn: Kelly Short,301 St. Paul Place,BILL TO,"21202      ",NULL,"MD                           ","                     ",1,Sole Practitioner,apinvoices@mercy.net,NULL,NULL,(410) 659-2990,2025-02-12 18:00:46,Mercy Medical Center,0,No,C1E16459-F8FA-DE11-AF67-000C29EC1EE3,0,Mercy Clinic Springfield Communities,NULL,NULL,0,NULL,NULL,0,Active,1,Active,(410) 659-2933,NULL,NULL,http://www.mdmercy.com
4532,Schaumburg,United States,(847)885-0130,NULL,929 W Higgins Road,NULL,BILL TO,60195,NULL,IL,(847)885-0022,1,Sole Practitioner,NULL,mlodoch@barringtonortho.com,NULL,(847) 885-1322,2025-02-12 18:04:11,Barrington Orthopedic Specialists,0,No,NULL,0,NULL,NULL,NULL,0,NULL,NULL,0,Active,1,Active,(847) 285-4200,NULL,NULL,http://www.barringtonortho.com
1351,Salem,"                    ",(503)588-0884,NULL,3474 Liberty Rd. S.,"                                                  ","MAIN      ","97302      ",.,"OR                           ",(503)588-8188,1,Sole Practitioner,melissa@cascadefootcenter.com,NULL,NULL,(503) 588-0884,2025-02-12 18:02:47,Cascade Foot Center,0,No,NULL,0,NULL,NULL,NULL,0,NULL,NULL,0,Active,1,Active,(503) 588-8188,NULL,NULL,http://www.cascadefootcenter.com/
9274,Brooklyn,"                    ","                     ","Progresive Podiatry, PLLC",702 8th Avenue,"                                                  ",BILL TO,11215,NULL,"NY                           ",(718)748-2900,1,Sole Practitioner,NULL,NULL,NULL,(718) 840-0653,2025-02-12 18:05:11,"Breth, DPM/ Evan",0,No,NULL,0,NULL,NULL,NULL,0,NULL,NULL,0,Active,1,Active,(718) 840-0660,NULL,NULL,http://progressivepodiatryny.com
11323,Eau Claire,"                    ",(715)233-7533,NULL,1400 Bellinger St,NULL,BILL TO,54703,NULL,WI,(715)233-7543,1,Sole Practitioner,invoicerequests@mayo.edu,scminvexec@mayo.edu,NULL,(715) 233-7412,2025-02-12 18:01:19,Mayo Clinic Health System-Eau Claire,0,No,E800EC99-3E68-E911-BAFF-005056995B7E,0,Mayo Clinic Health System-Eau Claire,NULL,NULL,0,NULL,NULL,0,Active,1,Active,(715) 838-6590,NULL,NULL,NULL
6661,Kirkland,"                    ",(425)489-1695,Evergreen Healthcare,Mail Stop 13 - A/P,12040 NE 128th St,BILL TO,98034,"                                                             ",WA,"                     ",1,Sole Practitioner,JAFabacher@evergreenhealthcare.org,NULL,NULL,(425) 899-4651,2025-02-12 18:04:36,"Moodley, DPM / Brendon A.",0,No,681D3017-5419-E711-9D75-005056995B7E,0,Evergreen Healthcare,NULL,NULL,0,NULL,NULL,0,Active,1,Active,(425) 899-4650,NULL,NULL,http://www.lakeshoreclinic.net/
9959,Mill Valley,"                    ",(415)381-4610,655 Rewood Highway #310,,"                                                  ","MAIN      ","94941      ","                                                             ","CA                           ",(415)381-4602,1,Sole Practitioner,pgraf@stssox.com,pgraf@stssox.com,NULL,(415)381-4610,2025-02-12 18:05:17,Graf DPM/ Peter,0,No,ACE75B86-441E-DE11-AE38-0019B9B8224A,0,STS Company,NULL,NULL,0,NULL,NULL,0,Active,1,Active,(415)381-4602,NULL,NULL,NULL
10333,"WEBSTER                            ","                    ","                     ","17448 HIGHWAY 3 STE 100                           ",,"                                                  ","MAIN      ","77598-4143 ","                                                             ","TX                           ","                     ",2,Clinic,NULL,alvinoffice@gmail.com,NULL,(281) 331-2070,2025-02-12 18:00:48,"Webb, DPM/ Douglas E",0,No,NULL,0,NULL,NULL,NULL,0,NULL,NULL,0,Active,1,Active,(281) 331-3525,NULL,NULL,https://www.drdouglaswebb.com/
6760,Roseville,"                    ",(650)330-4305,Sutter Health Palo Alto Medical Foundation,Attn: Danik Sumisaki,PO Box 619110,BILL TO,95661,"                                                             ",CA,(650)330-4303,2,Clinic,S3vendorinvoices@sutterhealth.org,naylorB@pamf.org,NULL,(650) 853-2912,2025-02-12 18:04:37,"PAMF - Naylor, DPM/ Brad",0,No,82BA8F2E-90FC-DE11-AF67-000C29EC1EE3,0,Sutter Health - PAMF,NULL,NULL,0,NULL,NULL,0,Active,1,Active,(650) 853-2986,NULL,NULL,https://www.sutterhealth.org/pamf/services/podiatric
9540,Long Beach,"                    ",(562)420-9884,NULL,"3747 Worsham Ave, Ste 201","                                                  ","MAIN      ","90808      ","                                                             ","CA                           ",(562)420-9800,2,Clinic,NULL,NULL,NULL,(562) 420-9884,2025-02-12 18:05:12,Superior Foot and Ankle Care Center,0,No,NULL,0,NULL,NULL,NULL,0,NULL,NULL,0,Active,1,Active,(562) 420-9800,NULL,NULL,http://www.doctorvikki.com
2607,Cohoes,"USA                 ",(518)233-1712,NULL,99 Saint Agnes Highway,"                                                  ","MAIN      ","12047      ","                                                             ","NY                           ",(518)233-0669,1,Sole Practitioner,NULL,NULL,NULL,(518) 233-1712,2025-02-12 18:03:42,"Romaine, DPM/ Robert M.",0,No,NULL,0,NULL,NULL,NULL,0,NULL,NULL,0,Active,1,Active,(518) 233-0669,NULL,NULL,NULL
7399,Calabash,"                    ",(203)459-8974,NULL,2167 Stonecrest Dr NW,"                                                  ","MAIN      ",28467,"                                                             ",NC,(203)261-9700,1,Sole Practitioner,NULL,carmenluciano@sbcglobal.net,NULL,NULL,2025-02-12 18:04:47,"Luciano, DPM/ Carmen",0,No,NULL,0,NULL,NULL,NULL,0,NULL,NULL,0,Active,1,Active,(203) 260-5939,NULL,NULL,NULL
3357,Auburn Hills,"                    ","                     ",NULL,"2251 N Squirrel Rd, Ste 100",NULL,"MAIN      ","48326      ",NULL,"MI                           ",(248)377-0033,1,Sole Practitioner,NULL,hmkdpm@comcast.net,NULL,(248) 377-0035,2025-02-12 18:03:54,"Koehler, DPM/ Harold M.",0,No,NULL,0,NULL,NULL,NULL,0,NULL,NULL,0,Active,1,Active,(248) 377-0033,NULL,NULL,NULL
7827,Folsom,"USA                 ",(610)583-3187,"Delaware County Foot & Ankle, PC",550 Macdade Blvd.,"                                                  ","MAIN      ","19033      ","                                                             ","PA                           ",(610)534-7990,1,Sole Practitioner,NULL,NULL,NULL,(610)583-3187,2025-02-12 18:04:57,"Adamo, DPM/ Frank",0,No,NULL,0,NULL,NULL,NULL,0,NULL,NULL,0,Active,1,Active,(610)534-7990,NULL,NULL,NULL
11167,Boise,"                    ",(208)938-4675,St Luke's Health System,Accounts Payable Support Center,190 E Bannock St,BILL TO,83712,"                                                             ",ID,(208)938-4670,1,Sole Practitioner,accountspayable@slhs.org,NULL,NULL,(208) 938-4675,2025-02-12 18:01:12,"Clark, DPM/ Clinton",0,No,9399EA7E-B061-DE11-B961-000C29EC1EE3,0,St. Luke's Health System,NULL,NULL,0,NULL,NULL,0,Active,1,Active,(208) 938-4670,NULL,NULL,http://stlukesonline.org
4099,Boise,"                    ",(000)000-0000,St Luke's Health System,Accounts Payable Support Center,190 E Bannock St,BILL TO,83712,"                                                             ",ID,(208)938-4670,1,Sole Practitioner,accountspayable@slhs.org,NULL,NULL,(208) 938-4675,2025-02-12 18:04:05,"Millward,  DPM/ Gary",0,No,9399EA7E-B061-DE11-B961-000C29EC1EE3,0,St. Luke's Health System,NULL,NULL,0,NULL,NULL,0,Active,1,Active,(208) 938-4670,NULL,NULL,http://stlukesonline.org
9006,Kelowna,"CANADA              ",(780)483-5769,NULL,"1634 Harvey Ave, Ste 229","                                                  ","MAIN      ",V1Y 6G2,"                                                             ",BC,(780)444-3668,1,Sole Practitioner,NULL,kelownapodiatry@gmail.com,NULL,(250) 762-4762,2025-02-12 18:05:08,"Hollingsworth, DPM/ Scott",0,No,NULL,0,NULL,NULL,NULL,0,NULL,NULL,0,Active,1,Active,(250) 762-3325,NULL,NULL,NULL
10829,Troy,"                    ","                     ",NULL,2914 E. Long Lake Rd,"                                                  ","MAIN      ","48085      ","                                                             ","MI                           ",(248)528-0709,1,Sole Practitioner,NULL,eastsidefoot@yahoo.com,NULL,(248) 528-1807,2025-02-12 18:00:59,"Long Lake Podiatry, P.C.",0,No,NULL,0,NULL,NULL,NULL,0,NULL,NULL,0,Active,1,Active,(248) 528-0709,NULL,NULL,NULL
4178,Port Orchard,NULL,(206)686-2184,Sound Podiatry,PO Box 879,NULL,BILL TO,98366,NULL,WA,(206)682-8741,1,Sole Practitioner,DarlaBernstein@gmail.com,drdave@soundpodiatry.net,NULL,(360) 850-4323,2025-02-12 18:04:06,"Bernstein, DPM/ David",0,No,NULL,0,NULL,NULL,NULL,0,NULL,NULL,0,Active,1,Active,Office (360) 850-4321,NULL,NULL,http://www.soundpodiatry.com
5978,Fort Worth,"                    ",(817)763-9385,Trinity Foot & Ankle Specialists,"5801 Oakbend Trl, Ste 140",NULL,"MAIN      ",76132,"                                                             ",TX,(817)763-9383,2,Clinic,NULL,gbeededpm@sbcglobal.net,NULL,(817) 763-9385,2025-02-12 18:04:27,"Beede, DPM/ Glen",0,No,8700B64A-E312-E611-955C-005056995B7E,0,Trinity Foot & Ankle Specialists,NULL,NULL,0,NULL,NULL,0,Active,1,Active,(817) 763-9383,NULL,NULL,https://www.trinityfootandankle.com/
7517,Milwaukee,"                    ","                     ","Dean Health Systems, Inc.",Lockbox Bin 2945,"                                                  ",BILL TO,53201,.,"WI                           ",(608)250-1417,2,Clinic,SSMAccountsPayable@ssmhealth.com,NULL,NULL,(608) 825-3707,2025-02-12 18:04:49,SSM Health-Dean Medical Clinic,0,No,82D2C0F1-EFB4-EC11-9F32-005056995B7E,0,SSM Health,NULL,NULL,0,NULL,NULL,0,Active,1,Active,(608) 825-3008,NULL,NULL,NULL
11283,Bettendorf,NULL,"                     ",NULL,5656 Judge Rd.,NULL,MAIN,52722,NULL,IA,(847)479-3096,1,Sole Practitioner,NULL,agillio2002@yahoo.com,NULL,NULL,2025-02-12 18:01:17,"Gillio, DPM/ Andrea",0,No,NULL,0,NULL,NULL,NULL,0,NULL,NULL,0,Active,1,Active,(847) 337-8366,NULL,NULL,NULL
7784,COEUR D ALENE,"                    ",(208)666-2985,NULL,2005 Ironwood Parkway Ste.224,"                                                  ","MAIN      ","83814      ",NULL,"ID                           ",(208)765-5224,1,Sole Practitioner,NULL,its2handspt@yahoo.com,NULL,(208) 665-2468,2025-02-12 18:04:56,"2 Hands Physical Therapy, LLC",0,No,NULL,0,NULL,NULL,NULL,0,NULL,NULL,0,Active,1,Active,(208) 665-2468,NULL,NULL,NULL
4716,Fort Myers,"                    ","                     ",NULL,PO Box 61397,"                                                  ",BILL TO,"33906      ","                                                             ","FL                           ","                     ",1,Sole Practitioner,NULL,NULL,NULL,(239) 482-4209,2025-02-12 18:04:12,Foot & Ankle Care of the Island Coast,0,No,NULL,0,NULL,NULL,NULL,0,NULL,NULL,0,Active,1,Active,(239) 482-7100,NULL,NULL,NULL
7540,Vancouver,"                    ","                     ",PeaceHealth St Joseph Medical Ctr/Accts Payable,"1115 SE 164th Ave, Suite 332","                                                  ",BILL TO,98683,"                                                             ","WA                           ","                     ",1,Sole Practitioner,APcustomerservice@Peacehealth.org,NULL,NULL,(360) 715-6539,2025-02-12 18:04:50,PeaceHealth St Joseph Medical Center,0,No,E85CF90B-8908-E011-BBF0-000C29EC1EE3,0,PeaceHealth St Joseph Medical Center,NULL,NULL,0,NULL,NULL,0,Active,1,Active,(360) 788-6240,NULL,NULL,https://www.peacehealth.org/st-joseph/services/center-for-rehabilitation
10131,Boca Raton,"                    ",(954)345-3720,NULL,"7050 W Palmetto Park Rd, Ste 18","                                                  ","MAIN      ",33433,"                                                             ","FL                           ",(954)345-3720,2,Clinic,NULL,andreaaedodpm@aol.com,NULL,(561) 447-7574,2025-02-12 18:00:46,"Aedo, DPM/ Andrea",0,No,NULL,0,NULL,NULL,NULL,0,NULL,NULL,0,Active,1,Active,(561) 447-7571,NULL,NULL,NULL
7559,Chardon,"USA                 ",(440)357-8427,NULL,"325 Center St, Ste 100","                                                  ","MAIN      ",44024,"                                                             ",OH,(440)357-8418,1,Sole Practitioner,NULL,noreenturk@yahoo.com,NULL,(440) 255-9400,2025-02-12 18:04:50,Lake County Foot & Ankle Associates,0,No,NULL,0,NULL,NULL,NULL,0,NULL,NULL,0,Active,1,Active,(440) 357-8418,NULL,NULL,http://www.fasohio.com
10185,Mountain View,"                    ",(808)949-3620,NULL,"2500 Hospital Dr, Bldg 15",NULL,MAIN,94040,NULL,CA,(808)224-9773,1,Sole Practitioner,NULL,el_camino_podiatry@hotmail.com,NULL,(650) 963-9813,2025-02-12 18:00:46,"Fang, DPM/ Lee-Hsin",0,No,NULL,0,NULL,NULL,NULL,0,NULL,NULL,0,Active,1,Active,(650) 386-1328,NULL,NULL,https://www.drleehsinfang.com/
1333,Oceanside,"                    ","                     ",Tri-City Podiatry Group,2119 El Camino Real,"                                                  ","MAIN      ","92054      ","                                                             ","CA                           ",(760)757-3070,1,Sole Practitioner,NULL,tricitypod@gmail.com,NULL,(760) 757-7139,2025-02-12 18:02:32,"Han, DPM/ James",0,No,NULL,0,NULL,NULL,NULL,0,NULL,NULL,0,Active,1,Active,(760) 757-3070,NULL,NULL,http://www.tricitypodiatry.com/
9159,Minnetonka,"USA                 ",(337)478-1994,16520 Hidden Valley Rd,,"                                                  ","MAIN      ",55345-1823,"                                                             ","MN                           ",(337)474-2233,1,Sole Practitioner,Mark.Zelent@NorthMemorial.com,Mark.Zelent@NorthMemorial.com,NULL,NULL,2025-02-12 18:05:10,"Zelent, DPM / Mark",0,No,NULL,0,NULL,NULL,NULL,0,NULL,NULL,0,Active,1,Active,(763) 742-6156,NULL,NULL,NULL
5951,Jackson,NULL,(209)223-3049,Amador Footcare,PO Box 938,NULL,BILL TO,95642,NULL,CA,(209)223-3030,1,Sole Practitioner,NULL,dutradl@yahoo.com,NULL,(209) 223-5864,2025-02-12 18:04:26,Amador Foot Care,0,No,NULL,0,NULL,NULL,NULL,0,NULL,NULL,0,Active,1,Active,(209) 223-3030,NULL,NULL,NULL
7469,San Bruno,"                    ",(000)000-0000,NULL,"883 Sneath Ln, Ste 160","                                                  ","MAIN      ",94066,"                                                             ","CA                           ",(415)434-0178,2,Clinic,NULL,nppg@toes-r-us.com,NULL,(650) 350-4081,2025-02-12 18:04:48,North Peninsula Podiatry Group,0,No,NULL,0,NULL,NULL,NULL,0,NULL,NULL,0,Active,1,Active,(650) 588-9189,NULL,NULL,http://www.northpeninsulapodiatry.com
2406,Spokane,"                    ",(000)000-0000,Medical Foot Center,"124 E Rowan Ave, Ste 102","                                                  ",BILL TO,99207,"                                                             ","WA                           ",(509)928-1990,2,Clinic,laura@medicalfootcenter.net,stewartbrim@comcast.net`,NULL,(509) 928-2933,2025-02-12 18:03:38,"Brim, DPM/ Stewart",0,No,BFADC7B4-6FB3-E711-BFF6-005056995B7E,0,Medical Foot Center,NULL,NULL,0,NULL,NULL,0,Active,1,Active,(509) 928-1990,NULL,NULL,http://www.medicalfootcenter.net/
10558,Middletown,"                    ",(845)692-9225,NULL,329 Route 211 East,"                                                  ",BILL TO,10940,"                                                             ","NY                           ",(845)692-9225,1,Sole Practitioner,frankg@shoe-fitter.com,sales@shoe-fitter.com,NULL,(845) 692-9225,2025-02-12 18:00:53,Frank's Custom Shoe-Fitting,0,No,NULL,0,NULL,NULL,NULL,0,NULL,NULL,0,Active,1,Active,(845) 342-9226,NULL,NULL,http://www.shoe-fitter.com/
5354,Berkley,"                    ",(248)574-0500,NULL,"27901 Woodward Ave, Ste 110","                                                  ","MAIN      ","48072      ",.,"MI                           ",(248)545-0100,1,Sole Practitioner,NULL,NULL,NULL,(248) 545-1285,2025-02-12 18:04:19,Northpointe Foot & Ankle,0,No,120E4ED1-D740-DF11-AE93-000C29EC1EE3,0,Foot & Ankle Specialists of South East Michigan,NULL,NULL,0,NULL,NULL,0,Active,1,Active,(248) 545-0100,NULL,NULL,https://www.footandanklesemi.com/
1260,Stratford,"                    ","                     ",NULL,2499 Main St,"                                                  ",BILL TO,06615,"                                                             ","CT                           ","                     ",1,Sole Practitioner,NULL,NULL,NULL,(203) 377-5400,2025-02-12 18:01:55,"Feldman, DPM/ Alan H.",0,No,NULL,0,NULL,NULL,NULL,0,NULL,NULL,0,Active,1,Active,(203) 377-0003,NULL,NULL,NULL
10757,Broken Arrow,"                    ","                     ",NULL,"800 W Boise Cir, Ste 150",NULL,MAIN,74012,"                                                             ",OK,"                     ",1,Sole Practitioner,NULL,drbeasley@restorationfootandankle.com,NULL,(918) 274-8557,2025-02-12 18:00:57,Restoration Foot & Ankle,0,No,NULL,0,NULL,NULL,NULL,0,NULL,NULL,0,Active,1,Active,(918) 274-1557,NULL,NULL,http://www.restorationfootandankle.com/
11361,"Singapore                          ","Singapore           ","                     ",NULL,"71 Toh Guan Rd East, #06-05",TCH Tech Center,"MAIN      ",608598,NULL,SG,"                     ",1,Sole Practitioner,NULL,sgorthotics@gmail.com,NULL,NULL,2023-05-09 07:44:28,GTREX Int'l LLP,0,No,NULL,0,NULL,NULL,22982382-CB72-DD11-81D6-0019B9B8224A,0,David Foong,David Foong,0,Active,1,Active,+65-97456353,NULL,NULL,NULL
3659,Nampa,"                    ",(208)466-3554,NULL,203 12 Avenue Rd.,NULL,"MAIN      ",83686,"                                                             ",ID,(208)466-3338,2,Clinic,NULL,footanklemedcenter@gmail.com,NULL,(208) 466-3554,2025-02-12 18:03:58,Foot & Ankle Medical Center,0,No,NULL,0,NULL,NULL,NULL,0,NULL,NULL,0,Active,1,Active,(208) 466-3338,NULL,NULL,http://www.footandanklemedicalcenter.com
7793,Newark,"                    ",(302)369-9989,NULL,"324 E. Main St, Ste 201","                                                  ","MAIN      ","19711      ","                                                             ","DE                           ",(302)369-9900,1,Sole Practitioner,NULL,jdb@udel.edu,NULL,(302) 369-9989,2025-02-12 18:04:57,"Bray, DPM/ James",0,No,NULL,0,NULL,NULL,NULL,0,NULL,NULL,0,Active,1,Active,(302) 369-9900,NULL,NULL,NULL
9285,"Bangor                             ","                    ","                     ",NULL,PO Box 1358,"                                                  ",BILL TO,04402,"                                                             ","ME                           ","                     ",1,Sole Practitioner,ap@pchc.com,NULL,NULL,(207) 827-1358,2025-02-12 18:05:11,Penobscot Comm Health Ctr,0,No,NULL,0,NULL,NULL,NULL,0,NULL,NULL,0,Active,1,Active,(207) 989-1567,NULL,NULL,NULL
2020,San Francisco,"                    ","                     ","J.K. Benard, DPM",490 Post St #530,"                                                  ","MAIN      ","94102      ","                                                             ","CA                           ",(415)392-5626,1,Sole Practitioner,NULL,NULL,NULL,(415) 392-5632,2025-02-12 18:03:35,DNU - Sutter Podiatry Group,0,No,NULL,0,NULL,NULL,NULL,0,NULL,NULL,0,Active,1,Active,(415) 392-5626,NULL,NULL,NULL
10522,Pound Ridge,"                    ","                     ",NULL,23 Split Rock Rd,"                                                  ",MAIN,10576,"                                                             ","NY                           ","                     ",1,Sole Practitioner,NULL,NULL,NULL,(914) 533-1105,2025-02-12 18:00:52,"Kantro, DPM/ Scott",0,No,NULL,0,NULL,NULL,NULL,0,NULL,NULL,0,Active,1,Active,(914) 588-8808,NULL,NULL,NULL
1660,Fairfield,United States,(203)259-3444,NULL,1881 Post Rd,NULL,MAIN,06824,NULL,CT,(203)255-1036,2,Clinic,NULL,NULL,NULL,(203) 259-3444,2025-02-12 18:03:29,Associated Podiatrists,0,No,NULL,0,NULL,NULL,NULL,0,NULL,NULL,0,Active,1,Active,(203) 255-1036,NULL,NULL,http://www.greatfootcare.com/
5421,Elkhorn,"CANADA              ","                     ",NULL,Box 161,"                                                  ",BILL TO,R0M 0N0,"                                                             ",MB,(203)587-2230,1,Sole Practitioner,NULL,scottrookes@gmail.com,NULL,,2025-02-12 18:04:21,"Rookes, OT/ Scott",0,No,NULL,0,NULL,NULL,NULL,0,NULL,NULL,0,Active,1,Active,(204) 720-3804,NULL,NULL,NULL
10727,Roseville,"                    ",(650)853-6088,Palo Alto Medical Foundation - Palo Alto,Attn: Danik Sumisaki,PO Box 619110,BILL TO,95661,NULL,"CA                           ",(650)853-2986,1,Sole Practitioner,S3vendorinvoices@sutterhealth.org,krisdan@pamf.org,NULL,(650) 853-6088,2025-02-12 18:00:57,"PAMF - Krisdakumtorn, DPM/ Thana",0,No,82BA8F2E-90FC-DE11-AF67-000C29EC1EE3,0,Sutter Health - PAMF,NULL,NULL,0,NULL,NULL,0,Active,1,Active,(650) 853-2986,NULL,NULL,https://www.sutterhealth.org/pamf/services/podiatric
6573,La Crosse,"                    ",(319)382-6327,NULL,Accounts Payable,PO Box 4000,BILL TO,54602,"                                                             ",WI,(319)382-2931,2,Clinic,accountspayable@gundersenhealth.org,cmcaulum@gundersenhealth.org,NULL,(608) 775-6707,2025-02-12 18:04:35,Gundersen Lutheran Podiatry,0,No,NULL,0,NULL,NULL,NULL,0,NULL,NULL,0,Active,1,Active,(608) 775-4596,NULL,NULL,https://www.gundersenhealth.org/services/podiatry
9752,Tacoma,"                    ",(253)572-1803,Allenmore Foot Care Center,"2302 S Union Ave, Ste B18","                                                  ","MAIN      ","98405      ","                                                             ","WA                           ",(253)572-4848,1,Sole Practitioner,NULL,eddielo8@comcast.net,NULL,(253) 572-1803,2025-02-12 18:05:15,"Lo, DPM/ Eddie",0,No,NULL,0,NULL,NULL,NULL,0,NULL,NULL,0,Active,1,Active,(253) 572-4848,NULL,NULL,http://www.allenmorefootcarecenter.com/
7342,Roseville,"                    ","                     ",Sutter Health Palo Alto Medical Foundation,Attn:  Al Galvez,PO Box 619110,BILL TO,95661,NULL,CA,"                     ",1,Sole Practitioner,S3vendorinvoices@sutterhealth.org,BartisS@pamf.org,NULL,(510) 623-2202,2025-02-12 18:04:46,"PAMF - Bartis, DPM/ Steven",0,No,82BA8F2E-90FC-DE11-AF67-000C29EC1EE3,0,Sutter Health - PAMF,NULL,NULL,0,NULL,NULL,0,Active,1,Active,(510) 498-2086,NULL,NULL,https://www.sutterhealth.org/pamf/services/podiatric
11045,Helena,"                    ",(307)778-7594,NULL,20 Fieldcross Lane,"                                                  ","MAIN      ",59602,NULL,MT,(307)778-7550,1,Sole Practitioner,NULL,lapidus23@gmail.com,NULL,NULL,2025-02-12 18:01:05,"Kovacich-Smith, DPM/ Katie",0,No,NULL,0,NULL,NULL,NULL,0,NULL,NULL,0,Active,1,Active,(406) 465-7797,NULL,NULL,NULL
8355,Springfield,"                    ",(417)890-4143,Mercy Clinic Podiatry SGC,3231 S. National Ave. Ste 160,NULL,BILL TO,65807,NULL,"MO                           ",(471)888-6708,2,Clinic,apinvoices@mercy.net,treva.isaacson@mercy.net,NULL,(417) 890-4143,2025-02-12 18:05:01,Mercy Clinic Springfield Communities,0,No,C1E16459-F8FA-DE11-AF67-000C29EC1EE3,0,Mercy Clinic Springfield Communities,NULL,NULL,0,NULL,NULL,0,Active,1,Active,(417) 888-6708,NULL,NULL,NULL
3506,Canyon Lake,"                    ","                     ",NULL,450 Edge Hill Drive,"                                                  ",BILL TO,78133,"                                                             ","TX                           ","                     ",1,Sole Practitioner,NULL,brentgillespie@att.net,NULL,(210) 490-6419,2025-02-12 18:03:56,"Gillespie, DPM/ W. Brent",0,No,NULL,0,NULL,NULL,NULL,0,NULL,NULL,0,Active,1,Active,(210) 490-6408,NULL,NULL,NULL
3620,Muskegon,"                    ","                     ",NULL,PO Box 4323,NULL,BILL TO,49444,NULL,MI,(616)773-5875,2,Clinic,NULL,dfmc1511@gmail.com,NULL,(231) 766-6533,2025-02-12 18:03:57,Diabetic Foot Management Center,0,No,NULL,0,NULL,NULL,NULL,0,NULL,NULL,0,Active,1,Active,(231) 733-1511,NULL,NULL,http://diabeticfootmanagementcenter.com
3671,Yorktown Heights,"                    ",(914)245-7909,Yorktown Footcare Group,2050 Saw Mill River Rd.,"                                                  ","MAIN      ","10598      ",NULL,"NY                           ",(914)245-7888,1,Sole Practitioner,NULL,NULL,NULL,(914) 245-7909,2025-02-12 18:03:58,"Hudson Podiatry Associates, P.C. II",0,No,AE986B42-F6B0-DD11-A1B8-0019B9B8224A,0,Hudson Podiatry Assoc PC,NULL,NULL,0,NULL,NULL,0,Active,1,Active,(914) 245-7888,NULL,NULL,NULL
3887,Yorktown Heights,"                    ","                     ",Hudson Podiatry,2050 Sawmill River Rd,"                                                  ",BILL TO,"10598      ","                                                             ","NY                           ","                     ",1,Sole Practitioner,NULL,NULL,NULL,(914) 739-4341,2025-02-12 18:04:01,Drs. Carioscia & Bloom,0,No,AE986B42-F6B0-DD11-A1B8-0019B9B8224A,0,Hudson Podiatry Assoc PC,NULL,NULL,0,NULL,NULL,0,Active,1,Active,(914) 739-2800,NULL,NULL,NULL
7144,New Hartford,"                    ",(315)793-3691,NULL,4340 Middle Settlement Rd,"                                                  ","MAIN      ",13413,"                                                             ","NY                           ",(315)793-3668,1,Sole Practitioner,NULL,NULL,NULL,(315) 738-7773,2025-02-12 18:04:42,Fútspä,0,No,NULL,0,NULL,NULL,NULL,0,NULL,NULL,0,Active,1,Active,(315) 738-7772,NULL,NULL,NULL
9671,Kalispell,"                    ",(406)752-8346,Glacier Foot & Ankle,125 W Washington St,NULL,BILL TO,"59901      ","                                                             ","MT                           ",(406)755-1300,1,Sole Practitioner,NULL,glacierfootandankle@yahoo.com,NULL,(406) 752-8346,2025-02-12 18:05:13,"Ploot, DPM/Erik",0,No,6E0860B8-D66F-DD11-AD80-0019B9B8224A,0,Glacier Foot & Ankle,NULL,NULL,0,NULL,NULL,0,Active,1,Active,(406) 755-1300,NULL,NULL,http://www.glacierfootandankle.com/
1392,Juneau,"                    ","                     ",Juneau Foot and Ankle Clinic,PO Box 32497,"                                                  ",BILL TO,"99803      ","                                                             ","AK                           ","                     ",1,Sole Practitioner,mesd@gci.net,NULL,NULL,(907) 789-2925,2025-02-12 18:03:22,"Mesdag, DPM/ Frank F.",0,No,394C1230-059B-DD11-ADE6-0019B9B8224A,0,Juneau Foot & Ankle,NULL,NULL,0,NULL,NULL,0,Active,1,Active,(907) 789-0405,NULL,NULL,NULL
6873,Vancouver,"CANADA              ",(604)301-2151,NULL,3630 E. 1st Ave,"                                                  ","MAIN      ","V5M 1C3    ",NULL,"BC                           ",(604)301-2178,1,Sole Practitioner,accountspayable@parisorthotics.com,NULL,NULL,(604) 301-2151,2025-02-12 18:04:38,Paris Orthotics Ltd.,0,No,NULL,0,NULL,NULL,DAD02C8A-BE73-DD11-81D6-0019B9B8224A,0,Jim Lowood-Purchasing Mgr.,Jim Lowood-Purchasing Mgr.,0,Active,1,Active,(604) 301-2178,NULL,NULL,NULL
8337,Tigard,"USA                 ","                     ",NULL,9590 SW Brentwood Pl,NULL,MAIN,97224,"                                                             ",OR,(503)366-5555,1,Sole Practitioner,NULL,lynchpodiatry@gmail.com,NULL,NULL,2025-02-12 18:05:01,"Lynch, DPM/ Debra",0,No,NULL,0,NULL,NULL,NULL,0,NULL,NULL,0,Active,1,Active,(503) 686-4805,NULL,NULL,NULL
1309,Warren,"                    ",(586)574-2694,NULL,29433 Ryan Rd.,"                                                  ","MAIN      ","48092      ","                                                             ","MI                           ",(586)574-0500,2,Clinic,NULL,NULL,NULL,(586) 574-2694,2025-02-12 18:02:15,Foot & Ankle Specialists of South East Michigan,0,No,120E4ED1-D740-DF11-AE93-000C29EC1EE3,0,Foot & Ankle Specialists of South East Michigan,NULL,NULL,0,NULL,NULL,0,Active,1,Active,(586) 574-0500,NULL,NULL,https://www.footandanklesemi.com/medical-center-footcare-associates
